season,week,game_id,team,off_epa,def_epa,pass_epa,rush_epa,success_rate,pace,offensive_plays,defensive_plays
2015,1,2015_01_BAL_DEN,BAL,-0.384928220530272,0.24818783296887037,-0.5170016246740226,-0.1896892752742928,0.2807017543859649,57,57,68
2015,1,2015_01_BAL_DEN,DEN,-0.24818783296887037,0.384928220530272,-0.27380963798901176,-0.2012145237652779,0.3235294117647059,68,68,57
2015,1,2015_01_CAR_JAX,CAR,-0.0700752653378493,0.3074518199688452,-0.008466915048560786,-0.13168361562713782,0.36363636363636365,66,66,65
2015,1,2015_01_CAR_JAX,JAX,-0.3074518199688452,0.0700752653378493,-0.43380866895324777,-0.04270413638247798,0.38461538461538464,65,65,66
2015,1,2015_01_CIN_OAK,CIN,0.22532294981613615,0.1776150976232095,0.40898206413863164,0.00999847095527943,0.4444444444444444,63,63,62
2015,1,2015_01_CIN_OAK,LV,-0.1776150976232095,-0.22532294981613615,-0.08043390366345968,-0.45701103025749035,0.3548387096774194,62,62,63
2015,1,2015_01_CLE_NYJ,CLE,-0.2011333341987327,-0.14888688141442294,-0.11546387120283076,-0.3082201629436101,0.3968253968253968,63,63,59
2015,1,2015_01_CLE_NYJ,NYJ,0.14888688141442294,0.2011333341987327,0.43025086765894693,-0.044048423438964944,0.4576271186440678,59,59,63
2015,1,2015_01_DET_SD,DET,0.002264956087295085,-0.09211278372127157,-0.040509251220482254,0.08513998274611367,0.44680851063829785,47,47,72
2015,1,2015_01_DET_SD,LAC,0.09211278372127157,-0.002264956087295085,0.28857989914208776,-0.19920052535097307,0.5138888888888888,72,72,47
2015,1,2015_01_GB_CHI,CHI,0.11109015098143107,-0.394089664174153,0.006172849392586705,0.22872470124771116,0.45714285714285713,70,70,51
2015,1,2015_01_GB_CHI,GB,0.394089664174153,-0.11109015098143107,0.5821597206312669,0.23960354637009523,0.5686274509803921,51,51,70
2015,1,2015_01_IND_BUF,BUF,0.1736243675411826,-0.04437580446156367,0.5248756618618291,-0.02861122615858354,0.38461538461538464,52,52,69
2015,1,2015_01_IND_BUF,IND,0.04437580446156367,-0.1736243675411826,0.04297479043227678,0.04901666343357647,0.42028985507246375,69,69,52
2015,1,2015_01_KC_HOU,HOU,-0.14343260008466366,0.013261528309449707,-0.12206813716767585,-0.19735243506563296,0.44594594594594594,74,74,64
2015,1,2015_01_KC_HOU,KC,-0.013261528309449707,0.14343260008466366,0.17009160544037993,-0.23454979317993374,0.421875,64,64,74
2015,1,2015_01_MIA_WAS,MIA,-0.10058664557040482,0.05423489234924943,0.003930674212855564,-0.3280655180398539,0.42592592592592593,54,54,68
2015,1,2015_01_MIA_WAS,WAS,-0.05423489234924943,0.10058664557040482,0.0224723132841973,-0.12241907513453541,0.47058823529411764,68,68,54
2015,1,2015_01_MIN_SF,MIN,-0.3248241099837135,-0.21350032871144023,-0.4904054134303683,0.03555872692959383,0.3333333333333333,54,54,64
2015,1,2015_01_MIN_SF,SF,0.21350032871144023,0.3248241099837135,0.038995914174629075,0.34084138796803215,0.5625,64,64,54
2015,1,2015_01_NO_ARI,ARI,0.1736825840892781,0.027430548737077304,0.5078324375177565,-0.2718505538153598,0.42857142857142855,56,56,70
2015,1,2015_01_NO_ARI,NO,-0.027430548737077304,-0.1736825840892781,0.03659646965984405,-0.18749809472938067,0.35714285714285715,70,70,56
2015,1,2015_01_NYG_DAL,DAL,-0.04165737901728758,-0.046869360305455604,-0.008063634282412085,-0.11037185688407837,0.5522388059701493,67,67,61
2015,1,2015_01_NYG_DAL,NYG,0.046869360305455604,0.04165737901728758,-0.0006846723996020005,0.12018182739241941,0.39344262295081966,61,61,67
2015,1,2015_01_PHI_ATL,ATL,-0.05895430183198795,-0.07941841629763899,0.037552441225570644,-0.16450855205119266,0.417910447761194,67,67,68
2015,1,2015_01_PHI_ATL,PHI,0.07941841629763899,0.05895430183198795,0.08873102699829948,0.04915243152049245,0.5,68,68,67
2015,1,2015_01_PIT_NE,NE,0.2755916387781199,-0.2811876105774659,0.4694514959042221,-0.01098380219090082,0.5263157894736842,57,57,67
2015,1,2015_01_PIT_NE,PIT,0.2811876105774659,-0.2755916387781199,0.3865603753479236,0.1041613657630971,0.5373134328358209,67,67,57
2015,1,2015_01_SEA_STL,LA,-0.11113548485887303,0.08091234280841114,0.22186311295097086,-0.482556997800622,0.45454545454545453,55,55,79
2015,1,2015_01_SEA_STL,SEA,-0.08091234280841114,0.11113548485887303,-0.15905809419369557,0.03386422953872534,0.46835443037974683,79,79,55
2015,1,2015_01_TEN_TB,TB,-0.29045874880680383,-0.3190377180062174,-0.2751598496130051,-0.31223025919797903,0.3492063492063492,63,63,46
2015,1,2015_01_TEN_TB,TEN,0.3190377180062174,0.29045874880680383,1.1262692465371562,-0.15416697113260883,0.5434782608695652,46,46,63
2015,2,2015_02_ARI_CHI,ARI,0.25941012346185743,0.2152276374278622,0.4697201143571874,0.06527782417386054,0.48,50,50,62
2015,2,2015_02_ARI_CHI,CHI,-0.2152276374278622,-0.25941012346185743,-0.2670219676298292,-0.1523345221826165,0.3387096774193548,62,62,50
2015,2,2015_02_ATL_NYG,ATL,0.24554531398826773,-0.07326619792819167,0.3587873437006814,-0.013293611068677689,0.463768115942029,69,69,65
2015,2,2015_02_ATL_NYG,NYG,0.07326619792819167,-0.24554531398826773,0.23285979149347572,-0.21816558162580527,0.4153846153846154,65,65,69
2015,2,2015_02_BAL_OAK,BAL,0.23742097897157935,-0.23940860064255284,0.2668619846353752,0.18442716877674684,0.5428571428571428,70,70,65
2015,2,2015_02_BAL_OAK,LV,0.23940860064255284,-0.23742097897157935,0.2833090067819206,0.12477976238975923,0.5692307692307692,65,65,70
2015,2,2015_02_DAL_PHI,DAL,-0.06972325308263234,0.3668679884762203,-0.05476880147941992,-0.08757211467356331,0.38235294117647056,68,68,55
2015,2,2015_02_DAL_PHI,PHI,-0.3668679884762203,0.06972325308263234,-0.2115169482261648,-0.7141232549175209,0.4,55,55,68
2015,2,2015_02_DEN_KC,DEN,-0.1745960661927517,0.2352969669583651,-0.04781100339129326,-0.45121802139593375,0.35714285714285715,70,70,58
2015,2,2015_02_DEN_KC,KC,-0.2352969669583651,0.1745960661927517,-0.39675727508870495,-0.062303779675858095,0.39655172413793105,58,58,70
2015,2,2015_02_DET_MIN,DET,-0.14832059165627448,-0.10720485641757917,-0.03469193033576498,-0.5092586923214223,0.4084507042253521,71,71,60
2015,2,2015_02_DET_MIN,MIN,0.10720485641757917,0.14832059165627448,0.3444905767732287,-0.002756818869185248,0.4166666666666667,60,60,71
2015,2,2015_02_HOU_CAR,CAR,-0.06421054470072288,0.15787542989183145,-0.18855619363284484,0.0873357149353008,0.36619718309859156,71,71,82
2015,2,2015_02_HOU_CAR,HOU,-0.15787542989183145,0.06421054470072288,-0.21006014422862107,-0.024010293114849406,0.3048780487804878,82,82,71
2015,2,2015_02_MIA_JAX,JAX,0.06789954368218395,-0.12102848691642305,0.22326588572443704,-0.09232199654888953,0.4153846153846154,65,65,61
2015,2,2015_02_MIA_JAX,MIA,0.12102848691642305,-0.06789954368218395,0.2966863909742198,-0.3730093682461302,0.39344262295081966,61,61,65
2015,2,2015_02_NE_BUF,BUF,0.004935261572770244,-0.10945124056347838,-0.18224305130252974,0.2656479116490809,0.4626865671641791,67,67,73
2015,2,2015_02_NE_BUF,NE,0.10945124056347838,-0.004935261572770244,0.07852660407019371,0.26665147607100886,0.4657534246575342,73,73,67
2015,2,2015_02_NYJ_IND,IND,-0.21060941611500741,0.010510819686335802,-0.11530230153937462,-0.3575412177524413,0.4262295081967213,61,61,62
2015,2,2015_02_NYJ_IND,NYJ,-0.010510819686335802,0.21060941611500741,0.15625875197783468,-0.22669359776951975,0.43548387096774194,62,62,61
2015,2,2015_02_SD_CIN,CIN,0.020931861239762005,-0.06366197155585207,0.3848571706299175,-0.25736396358800395,0.4666666666666667,60,60,57
2015,2,2015_02_SD_CIN,LAC,0.06366197155585207,-0.020931861239762005,0.07182998472586197,0.05320691469823942,0.5087719298245614,57,57,60
2015,2,2015_02_SEA_GB,GB,0.0680813853819012,0.04273351802393921,0.1770074324664934,-0.0719663894411459,0.453125,64,64,56
2015,2,2015_02_SEA_GB,SEA,-0.04273351802393921,-0.0680813853819012,-0.04886642826906845,-0.035128709319978954,0.5,56,56,64
2015,2,2015_02_SF_PIT,PIT,0.5538487875839975,-0.06948755552443456,0.8818223557097854,0.1009329077912428,0.54,50,50,83
2015,2,2015_02_SF_PIT,SF,0.06948755552443456,-0.5538487875839975,0.23338830904689803,-0.2054427407067945,0.4819277108433735,83,83,50
2015,2,2015_02_STL_WAS,LA,-0.27916234393666584,-0.04678904657832195,-0.3325854744212099,-0.1435497819374387,0.2608695652173913,46,46,66
2015,2,2015_02_STL_WAS,WAS,0.04678904657832195,0.27916234393666584,0.1670412838501911,-0.04746270695908901,0.36363636363636365,66,66,46
2015,2,2015_02_TB_NO,NO,-0.13230525143700902,0.09280184959738702,-0.2624597103460028,0.08295019983555764,0.4057971014492754,69,69,59
2015,2,2015_02_TB_NO,TB,-0.09280184959738702,0.13230525143700902,-0.0025760583760502755,-0.15467096357773222,0.4406779661016949,59,59,69
2015,2,2015_02_TEN_CLE,CLE,0.022497520895938025,0.02118777484645614,0.22272668088279554,-0.0948781935791164,0.43478260869565216,46,46,74
2015,2,2015_02_TEN_CLE,TEN,-0.02118777484645614,-0.022497520895938025,-0.053897640950295186,0.02678669543917446,0.40540540540540543,74,74,46
2015,3,2015_03_ATL_DAL,ATL,0.31464869773125914,-0.1054671693198877,0.3664741498149942,0.25112072420926135,0.6086956521739131,69,69,49
2015,3,2015_03_ATL_DAL,DAL,0.1054671693198877,-0.31464869773125914,0.05700600327171352,0.17008205738411994,0.5714285714285714,49,49,69
2015,3,2015_03_BUF_MIA,BUF,0.2848929880865101,0.15544217219268638,0.7854889046666421,-0.15502463557481808,0.43548387096774194,62,62,71
2015,3,2015_03_BUF_MIA,MIA,-0.15544217219268638,-0.2848929880865101,-0.2850722379010269,0.19933484974592974,0.49295774647887325,71,71,62
2015,3,2015_03_CHI_SEA,CHI,-0.27565009513383976,-0.07963496751180621,-0.4718541988894637,-0.13758054063914138,0.2826086956521739,46,46,61
2015,3,2015_03_CHI_SEA,SEA,0.07963496751180621,0.27565009513383976,0.1652620163212298,-0.028191686544504987,0.4426229508196721,61,61,46
2015,3,2015_03_CIN_BAL,BAL,0.014108651948323718,-0.030308169910558572,0.13134804375138354,-0.3050430257377836,0.417910447761194,67,67,63
2015,3,2015_03_CIN_BAL,CIN,0.030308169910558572,-0.014108651948323718,0.26182623310117326,-0.2411268007267138,0.42857142857142855,63,63,67
2015,3,2015_03_DEN_DET,DEN,0.04084990877986382,0.2161697511180708,0.1313299532535724,-0.17529686412955117,0.4426229508196721,61,61,68
2015,3,2015_03_DEN_DET,DET,-0.2161697511180708,-0.04084990877986382,-0.18303379921625101,-0.3016256270753955,0.45588235294117646,68,68,61
2015,3,2015_03_IND_TEN,IND,0.08438525730436493,0.029570157302314683,-0.103835665197535,0.39494977943249976,0.5094339622641509,53,53,75
2015,3,2015_03_IND_TEN,TEN,-0.029570157302314683,-0.08438525730436493,0.0070074708770435125,-0.09096831888909451,0.44,75,75,53
2015,3,2015_03_JAX_NE,JAX,-0.006400472037649894,-0.4082121987815374,0.21444120101140557,-0.39287339987349695,0.4,55,55,74
2015,3,2015_03_JAX_NE,NE,0.4082121987815374,0.006400472037649894,0.5129391247075962,0.2546127074233179,0.6081081081081081,74,74,55
2015,3,2015_03_KC_GB,GB,0.1950732138904807,-0.016574548955735707,0.4433145578384443,-0.08419829805097834,0.45588235294117646,68,68,67
2015,3,2015_03_KC_GB,KC,0.016574548955735707,-0.1950732138904807,-0.0006863056136751361,0.06356243083913189,0.3582089552238806,67,67,68
2015,3,2015_03_NO_CAR,CAR,0.2870547914942545,-0.11834067483388769,0.42654750277274556,0.1382625661305307,0.45161290322580644,62,62,65
2015,3,2015_03_NO_CAR,NO,0.11834067483388769,-0.2870547914942545,0.18566053097421337,0.01062890500936657,0.46153846153846156,65,65,62
2015,3,2015_03_OAK_CLE,CLE,0.06628493711999985,-0.26856233135556845,0.17281105403413904,-0.34460151383453713,0.38235294117647056,68,68,61
2015,3,2015_03_OAK_CLE,LV,0.26856233135556845,-0.06628493711999985,0.4099293483518748,0.11257114018723048,0.4426229508196721,61,61,68
2015,3,2015_03_PHI_NYJ,NYJ,-0.2664920538673128,0.192502866676599,-0.3143624015947567,-0.08997014662236325,0.36,75,75,64
2015,3,2015_03_PHI_NYJ,PHI,-0.192502866676599,0.2664920538673128,-0.12416873670587295,-0.24912257436662913,0.375,64,64,75
2015,3,2015_03_PIT_STL,LA,-0.27739121872870665,0.06595908343268052,-0.3150102314998692,-0.21260291895614905,0.3469387755102041,49,49,56
2015,3,2015_03_PIT_STL,PIT,-0.06595908343268052,0.27739121872870665,0.06464182432986483,-0.30104071740526217,0.4642857142857143,56,56,49
2015,3,2015_03_SD_MIN,LAC,-0.12627059697115328,0.017030521814962354,-0.1124657473635373,-0.14796393206883554,0.4166666666666667,72,72,54
2015,3,2015_03_SD_MIN,MIN,-0.017030521814962354,0.12627059697115328,-0.18626052425796133,0.11835348013943682,0.3888888888888889,54,54,72
2015,3,2015_03_SF_ARI,ARI,0.2419586842747363,0.5457491623749956,0.3432285635426524,0.14664585672846228,0.48484848484848486,66,66,50
2015,3,2015_03_SF_ARI,SF,-0.5457491623749956,-0.2419586842747363,-1.1390594903191196,-0.11611064903614722,0.4,50,50,66
2015,3,2015_03_TB_HOU,HOU,-0.028380084049795973,0.1318547549307794,0.036305458894786126,-0.08587834444498006,0.4588235294117647,85,85,56
2015,3,2015_03_TB_HOU,TB,-0.1318547549307794,0.028380084049795973,-0.060195601776412776,-0.2608412306086393,0.35714285714285715,56,56,85
2015,3,2015_03_WAS_NYG,NYG,0.17320055296499653,0.04999824242787555,0.5294932743567398,-0.1945854820200287,0.4126984126984127,63,63,71
2015,3,2015_03_WAS_NYG,WAS,-0.04999824242787555,-0.17320055296499653,0.08176970511695622,-0.3860065086671966,0.4647887323943662,71,71,63
2015,4,2015_04_BAL_PIT,BAL,-0.19672968825509476,0.23365310257214414,-0.3439993826179957,-0.05323613990149907,0.44155844155844154,77,77,62
2015,4,2015_04_BAL_PIT,PIT,-0.23365310257214414,0.19672968825509476,-0.5282095177976234,0.04249353670174262,0.3709677419354839,62,62,77
2015,4,2015_04_CAR_TB,CAR,0.04668274288303637,0.1868402080227785,-0.038430263585257994,0.11477314805767189,0.3888888888888889,54,54,75
2015,4,2015_04_CAR_TB,TB,-0.1868402080227785,-0.04668274288303637,-0.33298881321123747,0.032382699759909886,0.48,75,75,54
2015,4,2015_04_CLE_SD,CLE,0.1189794280213599,-0.16606690390145415,0.21045120265259576,-0.08138731640896626,0.4925373134328358,67,67,61
2015,4,2015_04_CLE_SD,LAC,0.16606690390145415,-0.1189794280213599,0.3256004917405543,-0.13780659674445078,0.3770491803278688,61,61,67
2015,4,2015_04_DAL_NO,DAL,0.1335153952766938,-0.11010035680938436,0.3735238609582692,-0.12427147527018355,0.35714285714285715,56,56,69
2015,4,2015_04_DAL_NO,NO,0.11010035680938436,-0.1335153952766938,0.20077448034528952,-0.04948610061380874,0.4057971014492754,69,69,56
2015,4,2015_04_DET_SEA,DET,-0.17446064259879046,0.12679382298126285,-0.16337621729887702,-0.19601369179306655,0.37735849056603776,53,53,60
2015,4,2015_04_DET_SEA,SEA,-0.12679382298126285,0.17446064259879046,-0.08076611132390266,-0.17939692201824592,0.45,60,60,53
2015,4,2015_04_GB_SF,GB,0.1336558055347813,0.2578980991650068,0.13923768127459937,0.1277356342955803,0.5,68,68,50
2015,4,2015_04_GB_SF,SF,-0.2578980991650068,-0.1336558055347813,-0.2610346364725881,-0.2527805909263215,0.3,50,50,68
2015,4,2015_04_HOU_ATL,ATL,0.16953235085361668,0.20908457951792814,0.33266885657714484,0.03436210325412186,0.40625,64,64,75
2015,4,2015_04_HOU_ATL,HOU,-0.20908457951792814,-0.16953235085361668,-0.11410724083465862,-0.5331249114961418,0.36,75,75,64
2015,4,2015_04_JAX_IND,IND,-0.14253882429989545,0.002580055544942137,0.0683927838950625,-0.6219288429247999,0.4027777777777778,72,72,78
2015,4,2015_04_JAX_IND,JAX,-0.002580055544942137,0.14253882429989545,0.02135574932715174,-0.04532256424510978,0.44871794871794873,78,78,72
2015,4,2015_04_KC_CIN,CIN,0.4848539376875571,-0.0924896472567779,0.8036800963916743,0.2014529077283417,0.5294117647058824,51,51,73
2015,4,2015_04_KC_CIN,KC,0.0924896472567779,-0.4848539376875571,0.0854130184890492,0.10787362283879676,0.5205479452054794,73,73,51
2015,4,2015_04_MIN_DEN,DEN,-0.0021319224388539246,-0.022164377777651824,-0.06790509211033385,0.08456907394627872,0.39215686274509803,51,51,69
2015,4,2015_04_MIN_DEN,MIN,0.022164377777651824,0.0021319224388539246,-0.02251722039512699,0.12429374502971768,0.36231884057971014,69,69,51
2015,4,2015_04_NYG_BUF,BUF,-0.25038607684276226,0.028948106777187323,-0.19459545728148167,-0.3526688793717767,0.3088235294117647,68,68,63
2015,4,2015_04_NYG_BUF,NYG,-0.028948106777187323,0.25038607684276226,-0.052431536372450495,0.002363132683163575,0.3968253968253968,63,63,68
2015,4,2015_04_NYJ_MIA,MIA,-0.3414731507012942,-0.17969313620489202,-0.43761365627869964,0.06930900949307463,0.25862068965517243,58,58,68
2015,4,2015_04_NYJ_MIA,NYJ,0.17969313620489202,0.3414731507012942,0.24438274469689505,0.1315906068134026,0.5,68,68,58
2015,4,2015_04_OAK_CHI,CHI,-0.05823521381804504,0.17880923717234343,0.26810057592545333,-0.5758712941008355,0.4266666666666667,75,75,57
2015,4,2015_04_OAK_CHI,LV,-0.17880923717234343,0.05823521381804504,-0.02204054472754954,-0.4282139751526973,0.43859649122807015,57,57,75
2015,4,2015_04_PHI_WAS,PHI,0.08046759444818771,-0.044888261790746724,0.2696256978471215,-0.2663222617831909,0.35294117647058826,51,51,79
2015,4,2015_04_PHI_WAS,WAS,0.044888261790746724,-0.08046759444818771,0.15357056945746636,-0.11473887759474771,0.4050632911392405,79,79,51
2015,4,2015_04_STL_ARI,ARI,-0.006575541706595761,-0.14392768371689432,-0.012678279955033957,0.008376167002077817,0.4927536231884058,69,69,50
2015,4,2015_04_STL_ARI,LA,0.14392768371689432,0.006575541706595761,0.1725443141386345,0.11531105329515412,0.44,50,50,69
2015,5,2015_05_ARI_DET,ARI,0.36316497877478693,0.23864205061006388,0.33141190781025215,0.39340599874101045,0.4878048780487805,41,41,89
2015,5,2015_05_ARI_DET,DET,-0.23864205061006388,-0.36316497877478693,-0.19700354181444377,-0.4028828353038989,0.42696629213483145,89,89,41
2015,5,2015_05_BUF_TEN,BUF,0.024939346419488813,0.07745355959517887,-0.1383030829496089,0.1685926842642948,0.3404255319148936,47,47,62
2015,5,2015_05_BUF_TEN,TEN,-0.07745355959517887,-0.024939346419488813,-0.05623984676285849,-0.10321306803442505,0.3548387096774194,62,62,47
2015,5,2015_05_CHI_KC,CHI,-0.05650564518014305,0.0466499119272712,-0.03976610754696856,-0.08931513894116506,0.40540540540540543,74,74,58
2015,5,2015_05_CHI_KC,KC,-0.0466499119272712,0.05650564518014305,-0.12423637991345507,0.05576422581449151,0.4827586206896552,58,58,74
2015,5,2015_05_CLE_BAL,BAL,0.13908943337137658,-0.17701479467396647,0.043760597254167685,0.25286901196288397,0.47058823529411764,68,68,82
2015,5,2015_05_CLE_BAL,CLE,0.17701479467396647,-0.13908943337137658,0.2777686282659314,-0.05270394591571362,0.43902439024390244,82,82,68
2015,5,2015_05_DEN_OAK,DEN,-0.24483278157922142,0.2418508139532976,-0.17925824202408797,-0.37962489066477345,0.32727272727272727,55,55,67
2015,5,2015_05_DEN_OAK,LV,-0.2418508139532976,0.24483278157922142,-0.3186977393763095,-0.10416673923706792,0.3283582089552239,67,67,55
2015,5,2015_05_IND_HOU,HOU,0.10710566936575844,-0.19539749351797406,0.3474891811898838,-0.2534695983704296,0.5142857142857142,70,70,56
2015,5,2015_05_IND_HOU,IND,0.19539749351797406,-0.10710566936575844,0.3741046826032725,0.0034527348708016455,0.44642857142857145,56,56,70
2015,5,2015_05_JAX_TB,JAX,0.01891167792188047,-0.1780209388038609,0.22630647244660151,-0.45687638010542075,0.48214285714285715,56,56,60
2015,5,2015_05_JAX_TB,TB,0.1780209388038609,-0.01891167792188047,0.6324393669907745,-0.0850634143569838,0.4,60,60,56
2015,5,2015_05_NE_DAL,DAL,-0.3196525645451002,-0.17374121596762193,-0.5157252010629787,0.03839311953102562,0.4,65,65,53
2015,5,2015_05_NE_DAL,NE,0.17374121596762193,0.3196525645451002,0.34076757866945523,-0.08077514624469546,0.5660377358490566,53,53,65
2015,5,2015_05_NO_PHI,NO,-0.16567220662746768,-0.08489561809569486,-0.24907177320631413,0.03448675316176377,0.4117647058823529,68,68,79
2015,5,2015_05_NO_PHI,PHI,0.08489561809569486,0.16567220662746768,0.04790354607234083,0.13385571342072225,0.5063291139240507,79,79,68
2015,5,2015_05_PIT_SD,LAC,-0.05720862035454727,-0.05047523679821269,0.0691477799074623,-0.38972546314930934,0.4492753623188406,69,69,55
2015,5,2015_05_PIT_SD,PIT,0.05047523679821269,0.05720862035454727,-0.08144974613687074,0.1872863302123733,0.4,55,55,69
2015,5,2015_05_SEA_CIN,CIN,-0.05484246176416401,-0.08337910447327897,0.15021790178737623,-0.37235528274719404,0.45569620253164556,79,79,57
2015,5,2015_05_SEA_CIN,SEA,0.08337910447327897,0.05484246176416401,-0.08057382919444006,0.2309367447742261,0.49122807017543857,57,57,79
2015,5,2015_05_SF_NYG,NYG,0.23674356071199318,-0.24779618232793027,0.40471259741180166,-0.19517681937322853,0.56,75,75,63
2015,5,2015_05_SF_NYG,SF,0.24779618232793027,-0.23674356071199318,0.26980530082907617,0.21647551369168425,0.4603174603174603,63,63,75
2015,5,2015_05_STL_GB,GB,-0.23500899068994774,0.3163576318025389,-0.18677014972453654,-0.2943798718781461,0.3620689655172414,58,58,69
2015,5,2015_05_STL_GB,LA,-0.3163576318025389,0.23500899068994774,-0.647174052370614,-0.013109246281803481,0.34782608695652173,69,69,58
2015,5,2015_05_WAS_ATL,ATL,-0.019777080795886668,0.2151272731078856,-0.19249798689883985,0.22850922172710852,0.5128205128205128,78,78,58
2015,5,2015_05_WAS_ATL,WAS,-0.2151272731078856,0.019777080795886668,-0.2367143359261899,-0.1845456007819545,0.3620689655172414,58,58,78
2015,6,2015_06_ARI_PIT,ARI,-0.030903267013905958,-0.00933203699751597,0.06782830926463919,-0.26474121083151286,0.46875,64,64,53
2015,6,2015_06_ARI_PIT,PIT,0.00933203699751597,0.030903267013905958,0.19219109331472417,-0.12043890619534145,0.41509433962264153,53,53,64
2015,6,2015_06_ATL_NO,ATL,-0.010345893145339298,-0.13069912856508709,0.12094848954513175,-0.3166994527564384,0.4857142857142857,70,70,71
2015,6,2015_06_ATL_NO,NO,0.13069912856508709,0.010345893145339298,0.4275407416909823,-0.25232230772639064,0.4788732394366197,71,71,70
2015,6,2015_06_BAL_SF,BAL,0.025283775104822503,-0.06663265979741899,0.08717214219483807,-0.12099781983521428,0.527027027027027,74,74,56
2015,6,2015_06_BAL_SF,SF,0.06663265979741899,-0.025283775104822503,0.34580143038876593,-0.2795366157358512,0.30357142857142855,56,56,74
2015,6,2015_06_CAR_SEA,CAR,0.08601173814801899,0.058376184716405675,0.04938255982262107,0.129508887409429,0.5142857142857142,70,70,60
2015,6,2015_06_CAR_SEA,SEA,-0.058376184716405675,-0.08601173814801899,0.04054615185434668,-0.18773616330892798,0.35,60,60,70
2015,6,2015_06_CHI_DET,CHI,0.06031567126980056,-0.16595392669920092,0.19266837911369503,-0.12327034283624662,0.43243243243243246,74,74,76
2015,6,2015_06_CHI_DET,DET,0.16595392669920092,-0.06031567126980056,0.24422937399938086,0.05832518666145352,0.47368421052631576,76,76,74
2015,6,2015_06_CIN_BUF,BUF,0.08336607059534414,-0.2736879939206409,-0.0013529020334528976,0.24175371507526902,0.5151515151515151,66,66,59
2015,6,2015_06_CIN_BUF,CIN,0.2736879939206409,-0.08336607059534414,0.4794523121716636,0.01252558998665056,0.559322033898305,59,59,66
2015,6,2015_06_DEN_CLE,CLE,-0.35958520329381843,0.14376580793627497,-0.5278855010518247,-0.1281722938765597,0.3684210526315789,76,76,80
2015,6,2015_06_DEN_CLE,DEN,-0.14376580793627497,0.35958520329381843,-0.23480952562950283,-0.014097482736829217,0.35,80,80,76
2015,6,2015_06_HOU_JAX,HOU,0.21998609623388285,0.05870213669871416,0.4698113084191829,-0.11014007701097787,0.46153846153846156,65,65,77
2015,6,2015_06_HOU_JAX,JAX,-0.05870213669871416,-0.21998609623388285,-0.06301408914597621,-0.047203596839348654,0.4155844155844156,77,77,65
2015,6,2015_06_KC_MIN,KC,-0.10000773567536612,0.09259925648503617,0.15518636860983548,-0.6529282949599696,0.47368421052631576,57,57,65
2015,6,2015_06_KC_MIN,MIN,-0.09259925648503617,0.10000773567536612,0.011573675703895813,-0.20002759280487226,0.3230769230769231,65,65,57
2015,6,2015_06_MIA_TEN,MIA,0.23683471774076303,0.35255563965151815,0.22420418643084686,0.24907054494724434,0.5555555555555556,63,63,64
2015,6,2015_06_MIA_TEN,TEN,-0.35255563965151815,-0.23683471774076303,-0.4904148092544658,-0.0002488728884297113,0.4375,64,64,63
2015,6,2015_06_NE_IND,IND,0.021159853825952882,-0.16764759549731276,0.042069892788894545,-0.0316131016519475,0.44594594594594594,74,74,62
2015,6,2015_06_NE_IND,NE,0.16764759549731276,-0.021159853825952882,0.19398771960370495,0.1229839067951695,0.45161290322580644,62,62,74
2015,6,2015_06_NYG_PHI,NYG,-0.4045597809554238,0.0815658454963968,-0.4696086165566202,-0.28860316097068234,0.390625,64,64,73
2015,6,2015_06_NYG_PHI,PHI,-0.0815658454963968,0.4045597809554238,-0.18314165091274257,0.02871645752706432,0.4657534246575342,73,73,64
2015,6,2015_06_SD_GB,GB,0.2038218047961365,-0.11878395498377793,0.1458072433510672,0.3198509276862751,0.4166666666666667,48,48,89
2015,6,2015_06_SD_GB,LAC,0.11878395498377793,-0.2038218047961365,0.2927886215337092,-0.4446597271779042,0.4943820224719101,89,89,48
2015,6,2015_06_WAS_NYJ,NYJ,0.06221090839714093,0.250476933923045,0.054540853629069935,0.06732427824252159,0.4153846153846154,65,65,62
2015,6,2015_06_WAS_NYJ,WAS,-0.250476933923045,-0.06221090839714093,-0.18828318847550943,-0.4151074365782863,0.3548387096774194,62,62,65
2015,7,2015_07_ATL_TEN,ATL,-0.11402852537900862,0.2904059885208531,-0.13163741917437946,-0.09095480247472959,0.4626865671641791,67,67,52
2015,7,2015_07_ATL_TEN,TEN,-0.2904059885208531,0.11402852537900862,-0.38008858765695347,-0.08862014046462718,0.40384615384615385,52,52,67
2015,7,2015_07_BAL_ARI,ARI,0.17054804004123875,-0.04827483264120599,0.3134316599429743,0.006496476450357241,0.43103448275862066,58,58,59
2015,7,2015_07_BAL_ARI,BAL,0.04827483264120599,-0.17054804004123875,0.14586136949631606,-0.21398898515690234,0.4406779661016949,59,59,58
2015,7,2015_07_BUF_JAX,BUF,-0.17942915622570804,0.06108900482797901,-0.37112567986837375,0.12464119162127889,0.48,75,75,59
2015,7,2015_07_BUF_JAX,JAX,-0.06108900482797901,0.17942915622570804,-0.02209973627806551,-0.10425569500824038,0.4067796610169492,59,59,75
2015,7,2015_07_CLE_STL,CLE,-0.3220422489023022,0.1544897054405197,-0.3755066516418419,-0.23070722755558867,0.38461538461538464,65,65,49
2015,7,2015_07_CLE_STL,LA,-0.1544897054405197,0.3220422489023022,-0.41248478088620644,0.11425516481540399,0.3877551020408163,49,49,65
2015,7,2015_07_DAL_NYG,DAL,0.05925182907496111,-0.02059655420675929,-0.29025563269113813,0.2979398517444923,0.5362318840579711,69,69,47
2015,7,2015_07_DAL_NYG,NYG,0.02059655420675929,-0.05925182907496111,-0.01272170592447643,0.06184773341686066,0.40425531914893614,47,47,69
2015,7,2015_07_HOU_MIA,HOU,-0.10438108722228981,-0.2507171849400584,-0.06299855770069795,-0.19376735098892822,0.4050632911392405,79,79,56
2015,7,2015_07_HOU_MIA,MIA,0.2507171849400584,0.10438108722228981,0.5649756285838582,0.015023352207208518,0.5,56,56,79
2015,7,2015_07_MIN_DET,DET,-0.1447742525265429,-0.09311590157967019,-0.16997262037064514,-0.09585977377034449,0.42,50,50,73
2015,7,2015_07_MIN_DET,MIN,0.09311590157967019,0.1447742525265429,0.4004572191483018,-0.2594226685725837,0.3972602739726027,73,73,50
2015,7,2015_07_NO_IND,IND,-0.14394407856686528,-0.061925408505551706,-0.1882417438343206,0.019616531651431266,0.29508196721311475,61,61,79
2015,7,2015_07_NO_IND,NO,0.061925408505551706,0.14394407856686528,-0.009250144479162198,0.16646450195185025,0.34177215189873417,79,79,61
2015,7,2015_07_NYJ_NE,NE,0.15243592068617848,-0.14124587174085737,0.13563798467426016,0.2588228487616612,0.4090909090909091,66,66,70
2015,7,2015_07_NYJ_NE,NYJ,0.14124587174085737,-0.15243592068617848,0.2690183498214607,-0.039397976579995636,0.38571428571428573,70,70,66
2015,7,2015_07_OAK_SD,LAC,0.013268016102825103,-0.22275043688608523,-0.004061354260422357,0.0636057109674963,0.5,82,82,57
2015,7,2015_07_OAK_SD,LV,0.22275043688608523,-0.013268016102825103,0.39249965609408205,0.005471436299849301,0.43859649122807015,57,57,82
2015,7,2015_07_PHI_CAR,CAR,0.014407070861422056,0.11500551019682848,-0.18346241087413914,0.16899260346732925,0.5087719298245614,57,57,81
2015,7,2015_07_PHI_CAR,PHI,-0.11500551019682848,-0.014407070861422056,-0.2849080311537072,0.17382877542986536,0.3333333333333333,81,81,57
2015,7,2015_07_PIT_KC,KC,0.12313502790117795,0.1152935215367145,0.1995476811504442,0.026911686772472306,0.4262295081967213,61,61,54
2015,7,2015_07_PIT_KC,PIT,-0.1152935215367145,-0.12313502790117795,-0.2593752870926248,0.078903640734295,0.42592592592592593,54,54,61
2015,7,2015_07_SEA_SF,SEA,0.09932992798281748,0.3234861541010037,0.14151696577176798,0.06713455703861841,0.3880597014925373,67,67,45
2015,7,2015_07_SEA_SF,SF,-0.3234861541010037,-0.09932992798281748,-0.3771365169844607,-0.21618542833408963,0.3111111111111111,45,45,67
2015,7,2015_07_TB_WAS,TB,0.3159958172740019,-0.10848627398788514,0.5725897103267407,0.059401924221263024,0.55,60,60,59
2015,7,2015_07_TB_WAS,WAS,0.10848627398788514,-0.3159958172740019,0.14086749526537973,0.03472904774470306,0.5084745762711864,59,59,60
2015,8,2015_08_ARI_CLE,ARI,0.10751357733910047,0.13933076110351678,0.5302687374297949,-0.3387279805344103,0.47297297297297297,74,74,61
2015,8,2015_08_ARI_CLE,CLE,-0.13933076110351678,-0.10751357733910047,0.02742724294459061,-0.48118466940213694,0.39344262295081966,61,61,74
2015,8,2015_08_CIN_PIT,CIN,-0.09183003863136051,0.149534824032086,0.020250629157889537,-0.3106541995532296,0.41935483870967744,62,62,67
2015,8,2015_08_CIN_PIT,PIT,-0.149534824032086,0.09183003863136051,-0.2652178363904722,0.14271699666278437,0.417910447761194,67,67,62
2015,8,2015_08_DET_KC,DET,-0.18726651405134304,-0.2618262124882557,-0.2739654962402773,0.08521600139959316,0.3275862068965517,58,58,62
2015,8,2015_08_DET_KC,KC,0.2618262124882557,0.18726651405134304,0.13123361720223997,0.39241880777427146,0.45161290322580644,62,62,58
2015,8,2015_08_GB_DEN,DEN,0.28683389998960696,0.21312663259576958,0.5512463943615055,0.06130559596651713,0.5079365079365079,63,63,46
2015,8,2015_08_GB_DEN,GB,-0.21312663259576958,-0.28683389998960696,-0.46820470219850674,0.09053773597891752,0.34782608695652173,46,46,63
2015,8,2015_08_IND_CAR,CAR,-0.12739166470376784,0.212476872715666,-0.01577622433403624,-0.24210753397265863,0.3424657534246575,73,73,82
2015,8,2015_08_IND_CAR,IND,-0.212476872715666,0.12739166470376784,-0.14622045999872346,-0.30144976979270316,0.35365853658536583,82,82,73
2015,8,2015_08_MIA_NE,MIA,-0.24126840181112827,-0.21745649461074448,-0.19826442191720803,-0.40336032602667377,0.3709677419354839,62,62,66
2015,8,2015_08_MIA_NE,NE,0.21745649461074448,0.24126840181112827,0.39918905100809965,-0.06213205369287887,0.5,66,66,62
2015,8,2015_08_MIN_CHI,CHI,0.06715396518278947,-0.05321860927518508,0.13440966337803784,-0.024313784362748267,0.3898305084745763,59,59,56
2015,8,2015_08_MIN_CHI,MIN,0.05321860927518508,-0.06715396518278947,0.011515137367319777,0.10493091444093809,0.44642857142857145,56,56,59
2015,8,2015_08_NYG_NO,NO,0.3215868260656287,-0.3034837573292092,0.4652807222760748,0.04525241027630937,0.6052631578947368,76,76,65
2015,8,2015_08_NYG_NO,NYG,0.3034837573292092,-0.3215868260656287,0.4970097621990135,-0.10199930049323787,0.5538461538461539,65,65,76
2015,8,2015_08_NYJ_OAK,LV,0.30039758726949095,-0.022846522028044627,0.4637281974287109,0.044749675715929305,0.4915254237288136,59,59,71
2015,8,2015_08_NYJ_OAK,NYJ,0.022846522028044627,-0.30039758726949095,0.09490798992123504,-0.14872840152717065,0.5211267605633803,71,71,59
2015,8,2015_08_SD_BAL,BAL,0.11215014068994758,-0.21730312431873633,0.2708321968535873,-0.15231995291611858,0.484375,64,64,63
2015,8,2015_08_SD_BAL,LAC,0.21730312431873633,-0.11215014068994758,0.45783070856584784,-0.12498613018676853,0.47619047619047616,63,63,64
2015,8,2015_08_SEA_DAL,DAL,-0.11238671241276414,-0.017887586630286778,-0.30182009763597994,0.0639823014157471,0.35714285714285715,56,56,60
2015,8,2015_08_SEA_DAL,SEA,0.017887586630286778,0.11238671241276414,0.0468435832001125,-0.011068409939538941,0.4666666666666667,60,60,56
2015,8,2015_08_SF_STL,LA,-0.09760517306556911,0.3724854303578921,-0.18700463130887482,-0.04114235733295497,0.3548387096774194,62,62,64
2015,8,2015_08_SF_STL,SF,-0.3724854303578921,0.09760517306556911,-0.38423746508309353,-0.346630953962449,0.265625,64,64,62
2015,8,2015_08_TB_ATL,ATL,0.013034191449661298,0.01802673079810582,0.30255698084761923,-0.480226857154267,0.547945205479452,73,73,62
2015,8,2015_08_TB_ATL,TB,-0.01802673079810582,-0.013034191449661298,0.07606389912721859,-0.11211736072343023,0.3870967741935484,62,62,73
2015,8,2015_08_TEN_HOU,HOU,-0.18591734345926192,0.410802566933267,-0.0964915268108063,-0.34038011767023074,0.31666666666666665,60,60,58
2015,8,2015_08_TEN_HOU,TEN,-0.410802566933267,0.18591734345926192,-0.5951891531848661,-0.06046805305522866,0.4482758620689655,58,58,60
2015,9,2015_09_ATL_SF,ATL,-0.07907312984753703,-0.013173490393641097,-0.007240372086684478,-0.32022595947325627,0.39344262295081966,61,61,61
2015,9,2015_09_ATL_SF,SF,0.013173490393641097,0.07907312984753703,0.1340160318610579,-0.07659525469643995,0.36065573770491804,61,61,61
2015,9,2015_09_CHI_SD,CHI,0.14851596738050485,0.04309678322849125,0.185244918682833,0.09274237466215467,0.5294117647058824,68,68,63
2015,9,2015_09_CHI_SD,LAC,-0.04309678322849125,-0.14851596738050485,-0.029234785358198134,-0.075198251980749,0.4126984126984127,63,63,68
2015,9,2015_09_CLE_CIN,CIN,0.23770951115518504,0.10878875743045038,0.5443980916732408,-0.02387780752198018,0.47619047619047616,63,63,53
2015,9,2015_09_CLE_CIN,CLE,-0.10878875743045038,-0.23770951115518504,-0.13335005998877816,-0.05677658730693271,0.33962264150943394,53,53,63
2015,9,2015_09_DEN_IND,DEN,-0.017810071588263816,-0.123938485266671,0.09968048863929968,-0.3283208379039674,0.37254901960784315,51,51,76
2015,9,2015_09_DEN_IND,IND,0.123938485266671,0.017810071588263816,0.3070526056557734,-0.04978516741016975,0.40789473684210525,76,76,51
2015,9,2015_09_GB_CAR,CAR,0.03331127649398343,0.030983068643157214,0.20444884515133516,-0.10930336405380968,0.4090909090909091,66,66,72
2015,9,2015_09_GB_CAR,GB,-0.030983068643157214,-0.03331127649398343,0.07983187414631072,-0.340098435371673,0.3472222222222222,72,72,66
2015,9,2015_09_JAX_NYJ,JAX,-0.006413464182196774,-0.0020997278243455974,0.0034477812709815103,-0.030288058437259967,0.4153846153846154,65,65,61
2015,9,2015_09_JAX_NYJ,NYJ,0.0020997278243455974,0.006413464182196774,0.23274132517528617,-0.33002417236100884,0.2786885245901639,61,61,65
2015,9,2015_09_MIA_BUF,BUF,0.47577294841230144,-0.10386812747844704,0.5923230465326924,0.422795631084851,0.5208333333333334,48,48,62
2015,9,2015_09_MIA_BUF,MIA,0.10386812747844704,-0.47577294841230144,0.0758312769665206,0.1482598074556639,0.5483870967741935,62,62,48
2015,9,2015_09_NYG_TB,NYG,-0.05302700769240102,0.19342247487340788,0.021613229943952046,-0.14350002300919262,0.4383561643835616,73,73,60
2015,9,2015_09_NYG_TB,TB,-0.19342247487340788,0.05302700769240102,-0.13450929936643724,-0.28819584416723026,0.4166666666666667,60,60,73
2015,9,2015_09_OAK_PIT,LV,0.10218706148717661,-0.1524167677319969,0.16958871082566807,-0.021382628966724344,0.38235294117647056,68,68,82
2015,9,2015_09_OAK_PIT,PIT,0.1524167677319969,-0.10218706148717661,0.13133600117906175,0.1889567630904179,0.4268292682926829,82,82,68
2015,9,2015_09_PHI_DAL,DAL,0.05554552001513036,-0.17656206575217873,0.026792887550907193,0.0971872635840053,0.5211267605633803,71,71,71
2015,9,2015_09_PHI_DAL,PHI,0.17656206575217873,-0.05554552001513036,0.04231170129123101,0.3226580506067394,0.4225352112676056,71,71,71
2015,9,2015_09_STL_MIN,LA,-0.1348069864334428,0.11171439412451463,-0.24464813157255474,-0.03684055968774835,0.32857142857142857,70,70,63
2015,9,2015_09_STL_MIN,MIN,-0.11171439412451463,0.1348069864334428,-0.3081527507096163,0.0454362911435667,0.4444444444444444,63,63,70
2015,9,2015_09_TEN_NO,NO,0.14271891505399553,-0.21011602890178177,0.3767633471265483,-0.25983750811079515,0.4411764705882353,68,68,68
2015,9,2015_09_TEN_NO,TEN,0.21011602890178177,-0.14271891505399553,0.5745945949101506,-0.31056763682445954,0.4852941176470588,68,68,68
2015,9,2015_09_WAS_NE,NE,0.1331033752070539,0.17850134084137995,0.21891834882810438,0.03748097602931196,0.5135135135135135,74,74,56
2015,9,2015_09_WAS_NE,WAS,-0.17850134084137995,-0.1331033752070539,-0.057282464218309154,-0.50983293694444,0.3392857142857143,56,56,74
2015,10,2015_10_ARI_SEA,ARI,-0.020198615873542845,0.025477716394196024,0.006518863558971137,-0.06472774826106616,0.425,80,80,53
2015,10,2015_10_ARI_SEA,SEA,-0.025477716394196024,0.020198615873542845,-0.20735839406301967,0.32817915685073884,0.41509433962264153,53,53,80
2015,10,2015_10_BUF_NYJ,BUF,-0.17289357445339737,0.23112578739186973,-0.13118951615292082,-0.21329438093198405,0.38095238095238093,63,63,59
2015,10,2015_10_BUF_NYJ,NYJ,-0.23112578739186973,0.17289357445339737,-0.21913702003331487,-0.2486094064564289,0.3389830508474576,59,59,63
2015,10,2015_10_CAR_TEN,CAR,0.18769943790646795,0.1369994491391776,0.2476732780903957,0.13147396273403572,0.5645161290322581,62,62,46
2015,10,2015_10_CAR_TEN,TEN,-0.1369994491391776,-0.18769943790646795,-0.010936652469896018,-0.28707420707879855,0.391304347826087,46,46,62
2015,10,2015_10_CHI_STL,CHI,0.0991280485760212,0.471109821713181,0.4274151158014826,-0.14474234422003585,0.4262295081967213,61,61,59
2015,10,2015_10_CHI_STL,LA,-0.471109821713181,-0.0991280485760212,-0.5074326919726763,-0.40538272314838003,0.2711864406779661,59,59,61
2015,10,2015_10_CLE_PIT,CLE,-0.10178675900690838,-0.0844762915565046,-0.051112922395994145,-0.2863843066609531,0.4,65,65,58
2015,10,2015_10_CLE_PIT,PIT,0.0844762915565046,0.10178675900690838,0.19736497190693056,-0.147242578636475,0.46551724137931033,58,58,65
2015,10,2015_10_DAL_TB,DAL,-0.15258228411025027,0.0662286624427437,-0.03211655297315707,-0.33041264912214974,0.38461538461538464,52,52,66
2015,10,2015_10_DAL_TB,TB,-0.0662286624427437,0.15258228411025027,-0.11079228047270659,0.006855671126395464,0.4090909090909091,66,66,52
2015,10,2015_10_DET_GB,DET,-0.06314343954598725,0.006875902616406088,0.09308100125270813,-0.291471468405619,0.390625,64,64,81
2015,10,2015_10_DET_GB,GB,-0.006875902616406088,0.06314343954598725,0.024706095821589613,-0.1257728379123899,0.4074074074074074,81,81,64
2015,10,2015_10_HOU_CIN,CIN,-0.17648799144355037,0.10411415291721979,-0.23306195807377228,-0.05768266152008437,0.41935483870967744,62,62,59
2015,10,2015_10_HOU_CIN,HOU,-0.10411415291721979,0.17648799144355037,0.027371311833642734,-0.3099174890490046,0.3050847457627119,59,59,62
2015,10,2015_10_JAX_BAL,BAL,-0.08199487690119903,0.13153168222638495,-0.1023560261232645,-0.03642468578514776,0.47058823529411764,68,68,71
2015,10,2015_10_JAX_BAL,JAX,-0.13153168222638495,0.08199487690119903,-0.12159870239837797,-0.1536551372978551,0.3380281690140845,71,71,68
2015,10,2015_10_KC_DEN,DEN,-0.36304877306203087,0.0793096958219492,-0.44911510001319194,-0.11497524243809612,0.3484848484848485,66,66,63
2015,10,2015_10_KC_DEN,KC,-0.0793096958219492,0.36304877306203087,-0.10396686921826259,-0.052186805086004484,0.31746031746031744,63,63,66
2015,10,2015_10_MIA_PHI,MIA,-0.0032390382058131093,0.049628609817578814,0.0465604378971297,-0.08623816504405113,0.328125,64,64,87
2015,10,2015_10_MIA_PHI,PHI,-0.049628609817578814,0.0032390382058131093,0.011499366546552267,-0.14044731755857356,0.39080459770114945,87,87,64
2015,10,2015_10_MIN_OAK,LV,-0.06818967417166277,-0.17732169610717524,-0.08804381806726774,-0.02116670178733521,0.421875,64,64,59
2015,10,2015_10_MIN_OAK,MIN,0.17732169610717524,0.06818967417166277,-0.09337728542854608,0.39059968155956165,0.5254237288135594,59,59,64
2015,10,2015_10_NE_NYG,NE,0.09600354447811506,-0.03157601944912135,0.11767263278381881,0.052665367866707544,0.4393939393939394,66,66,70
2015,10,2015_10_NE_NYG,NYG,0.03157601944912135,-0.09600354447811506,0.12463102419503254,-0.15857985981426242,0.37142857142857144,70,70,66
2015,10,2015_10_NO_WAS,NO,-0.15497670414942233,-0.3691005326296581,-0.13653117507346907,-0.17711133904056622,0.45454545454545453,55,55,59
2015,10,2015_10_NO_WAS,WAS,0.3691005326296581,0.15497670414942233,0.6172444808142963,0.14497051491450097,0.4576271186440678,59,59,55
2015,11,2015_11_BUF_NE,BUF,-0.06406697640015598,0.007221664443622359,0.035440861738983316,-0.19445655741006265,0.373134328358209,67,67,62
2015,11,2015_11_BUF_NE,NE,-0.007221664443622359,0.06406697640015598,0.07319223921543025,-0.15342876200553623,0.3225806451612903,62,62,67
2015,11,2015_11_CIN_ARI,ARI,0.17059278396265828,-0.07659382678806023,0.3914943662183199,-0.1239426590448905,0.4642857142857143,56,56,71
2015,11,2015_11_CIN_ARI,CIN,0.07659382678806023,-0.17059278396265828,0.22596073869970307,-0.15279107364767697,0.4647887323943662,71,71,56
2015,11,2015_11_DAL_MIA,DAL,0.08373782113156557,0.16832829775890654,0.13038148781665687,0.045918631927437475,0.3880597014925373,67,67,41
2015,11,2015_11_DAL_MIA,MIA,-0.16832829775890654,-0.08373782113156557,-0.21144684950424428,-0.08517109082146947,0.2926829268292683,41,41,67
2015,11,2015_11_DEN_CHI,CHI,-0.1589012544873519,-0.08922198834350349,-0.21535758263647875,-0.08507374844618608,0.38333333333333336,60,60,67
2015,11,2015_11_DEN_CHI,DEN,0.08922198834350349,0.1589012544873519,0.2281207973996245,-0.03777120850780713,0.47761194029850745,67,67,60
2015,11,2015_11_GB_MIN,GB,0.05421864705822339,0.10523531822893288,0.23193750632877594,-0.15126878397335303,0.4057971014492754,69,69,62
2015,11,2015_11_GB_MIN,MIN,-0.10523531822893288,-0.05421864705822339,-0.0972224374523979,-0.1248223601271295,0.41935483870967744,62,62,69
2015,11,2015_11_IND_ATL,ATL,-0.18672177522246838,0.20432112849571668,-0.0790358127993487,-0.39760678496774443,0.352112676056338,71,71,61
2015,11,2015_11_IND_ATL,IND,-0.20432112849571668,0.18672177522246838,-0.017263355582733366,-0.4398753610528068,0.4098360655737705,61,61,71
2015,11,2015_11_KC_SD,KC,0.16489322558792002,0.35670191176008015,0.1496896864903887,0.17862545445020642,0.4576271186440678,59,59,57
2015,11,2015_11_KC_SD,LAC,-0.35670191176008015,-0.16489322558792002,-0.2982128119011494,-0.4371244240661099,0.3684210526315789,57,57,59
2015,11,2015_11_NYJ_HOU,HOU,-0.0166019173187812,0.20352487956784474,0.0761117339897106,-0.11476931282189018,0.35714285714285715,70,70,62
2015,11,2015_11_NYJ_HOU,NYJ,-0.20352487956784474,0.0166019173187812,-0.2440208636315739,-0.1184833130340135,0.4032258064516129,62,62,70
2015,11,2015_11_OAK_DET,DET,0.048526063302423844,0.08463578333905407,0.15334802751418908,-0.09244140580995008,0.4411764705882353,68,68,47
2015,11,2015_11_OAK_DET,LV,-0.08463578333905407,-0.048526063302423844,-0.021757190201639354,-0.16248547008061515,0.40425531914893614,47,47,68
2015,11,2015_11_SF_SEA,SEA,0.3492631981290674,-0.006706935898522064,0.5830360244081642,0.16808925776276737,0.5915492957746479,71,71,52
2015,11,2015_11_SF_SEA,SF,0.006706935898522064,-0.3492631981290674,0.07428365899707212,-0.14534069107321557,0.34615384615384615,52,52,71
2015,11,2015_11_STL_BAL,BAL,-0.2340716183524082,0.37926556937383477,-0.21712033868720126,-0.26070934354059044,0.3888888888888889,72,72,56
2015,11,2015_11_STL_BAL,LA,-0.37926556937383477,0.2340716183524082,-0.18618275138479315,-0.559032330949839,0.375,56,56,72
2015,11,2015_11_TB_PHI,PHI,-0.09086146497221509,-0.4113658897803573,-0.20998751669808122,0.09633661631128884,0.4583333333333333,72,72,69
2015,11,2015_11_TB_PHI,TB,0.4113658897803573,0.09086146497221509,0.6962768926001053,0.19220357991901274,0.4492753623188406,69,69,72
2015,11,2015_11_TEN_JAX,JAX,-0.11547598905716974,0.13343201639870128,0.04181475625646591,-0.3548314710561805,0.46551724137931033,58,58,63
2015,11,2015_11_TEN_JAX,TEN,-0.13343201639870128,0.11547598905716974,-0.150108474095955,-0.10970013429107094,0.3492063492063492,63,63,58
2015,11,2015_11_WAS_CAR,CAR,0.098442221532137,0.5112888293472079,0.29067796952559183,-0.07900616123105209,0.44,75,75,47
2015,11,2015_11_WAS_CAR,WAS,-0.5112888293472079,-0.098442221532137,-0.41855520521889306,-0.7817618997214595,0.3191489361702128,47,47,75
2015,12,2015_12_ARI_SF,ARI,-0.021381665340014438,0.0016871275647927595,0.1197493202727779,-0.2356916805298102,0.4264705882352941,68,68,55
2015,12,2015_12_ARI_SF,SF,-0.0016871275647927595,0.021381665340014438,0.037541616199041346,-0.08937490774277489,0.41818181818181815,55,55,68
2015,12,2015_12_BAL_CLE,BAL,0.018548750091485332,-0.04973845240417802,0.06988687354632475,-0.05418025813620383,0.43103448275862066,58,58,68
2015,12,2015_12_BAL_CLE,CLE,0.04973845240417802,-0.018548750091485332,0.07307174542694157,-0.015076250436831855,0.3382352941176471,68,68,58
2015,12,2015_12_BUF_KC,BUF,0.0693644898165891,-0.2600276235465373,0.2607818565903949,-0.20408889128884766,0.4117647058823529,68,68,57
2015,12,2015_12_BUF_KC,KC,0.2600276235465373,-0.0693644898165891,0.24875474952014004,0.2734683579626263,0.5087719298245614,57,57,68
2015,12,2015_12_CAR_DAL,CAR,0.08026989281032959,0.3387766887176227,0.22980603675624384,-0.03603599692538151,0.515625,64,64,56
2015,12,2015_12_CAR_DAL,DAL,-0.3387766887176227,-0.08026989281032959,-0.39047230343555706,-0.1836898445638196,0.375,56,56,64
2015,12,2015_12_CHI_GB,CHI,-0.027286639850832847,0.21671051659810747,0.11927167253050314,-0.18361550639092455,0.4838709677419355,62,62,73
2015,12,2015_12_CHI_GB,GB,-0.21671051659810747,0.027286639850832847,-0.3194379650593631,-0.0516128315710895,0.4246575342465753,73,73,62
2015,12,2015_12_MIA_NYJ,MIA,-0.06963369710844874,-0.17878943581091944,-0.008942220222632417,-0.48098704044564833,0.35714285714285715,70,70,71
2015,12,2015_12_MIA_NYJ,NYJ,0.17878943581091944,0.06963369710844874,0.38231279929765916,-0.055570800931386916,0.4225352112676056,71,71,70
2015,12,2015_12_MIN_ATL,ATL,-0.18172379223494003,-0.11007743847023804,-0.02652396235874878,-0.4044018090138232,0.44642857142857145,56,56,64
2015,12,2015_12_MIN_ATL,MIN,0.11007743847023804,0.18172379223494003,0.032244741980858506,0.1706139801841999,0.4375,64,64,56
2015,12,2015_12_NE_DEN,DEN,0.01772179570517447,0.03707748295300462,-0.11620336969127436,0.20605405954393063,0.38961038961038963,77,77,61
2015,12,2015_12_NE_DEN,NE,-0.03707748295300462,-0.01772179570517447,0.0815285245472964,-0.37065687904760125,0.2786885245901639,61,61,77
2015,12,2015_12_NO_HOU,HOU,0.07618908264020555,0.3013759274848898,0.14238660799930822,0.02323106235292341,0.42857142857142855,63,63,56
2015,12,2015_12_NO_HOU,NO,-0.3013759274848898,-0.07618908264020555,-0.35350921959139986,-0.061562783794943246,0.375,56,56,63
2015,12,2015_12_NYG_WAS,NYG,-0.11388030379998441,-0.03402211923745957,-0.08899328278224587,-0.21725716033520606,0.34328358208955223,67,67,64
2015,12,2015_12_NYG_WAS,WAS,0.03402211923745957,0.11388030379998441,0.36685428120493424,-0.24175310067844802,0.390625,64,64,67
2015,12,2015_12_OAK_TEN,LV,0.05725795629439256,0.17379178625777394,0.35059919304703957,-0.3372354310626155,0.45588235294117646,68,68,57
2015,12,2015_12_OAK_TEN,TEN,-0.17379178625777394,-0.05725795629439256,-0.18651397740475548,-0.14622703877264737,0.3684210526315789,57,57,68
2015,12,2015_12_PHI_DET,DET,0.2886469908133288,0.156513081483237,0.5656151864429946,-0.08064393669289226,0.5142857142857142,70,70,57
2015,12,2015_12_PHI_DET,PHI,-0.156513081483237,-0.2886469908133288,-0.06839287937831236,-0.27767835937750834,0.3684210526315789,57,57,70
2015,12,2015_12_PIT_SEA,PIT,0.09238136842094243,-0.2621517805465109,0.04072090855023033,0.34273590471747034,0.5263157894736842,76,76,60
2015,12,2015_12_PIT_SEA,SEA,0.2621517805465109,-0.09238136842094243,0.6162380666386506,-0.17062034689943756,0.4166666666666667,60,60,76
2015,12,2015_12_SD_JAX,JAX,-0.021957419333324422,-0.17154907255102073,0.01928342310352072,-0.1326565227164351,0.38571428571428573,70,70,69
2015,12,2015_12_SD_JAX,LAC,0.17154907255102073,0.021957419333324422,0.2647674472593175,-0.003235380027035717,0.4782608695652174,69,69,70
2015,12,2015_12_STL_CIN,CIN,0.07127321582329775,0.22396107956612954,0.1521127255872556,-0.00417699328972958,0.4482758620689655,58,58,71
2015,12,2015_12_STL_CIN,LA,-0.22396107956612954,-0.07127321582329775,-0.2751928186486044,-0.061224967186503554,0.4225352112676056,71,71,58
2015,12,2015_12_TB_IND,IND,0.031576735883854935,-0.04192142968168181,0.22339553364627524,-0.3437209119121848,0.4117647058823529,68,68,62
2015,12,2015_12_TB_IND,TB,0.04192142968168181,-0.031576735883854935,0.028252258946698874,0.06860885825950563,0.41935483870967744,62,62,68
2015,13,2015_13_ARI_STL,ARI,0.23316258158608552,0.3884292215025489,0.37067257075070315,0.05814986810384488,0.4666666666666667,75,75,48
2015,13,2015_13_ARI_STL,LA,-0.3884292215025489,-0.23316258158608552,-0.4196545898407497,-0.3043609221304695,0.2708333333333333,48,48,75
2015,13,2015_13_ATL_TB,ATL,0.012002477867329667,-0.17475586010344268,-0.030890666061723443,0.1263841950114713,0.4696969696969697,66,66,63
2015,13,2015_13_ATL_TB,TB,0.17475586010344268,-0.012002477867329667,0.19257427734157587,0.15955779834150555,0.5238095238095238,63,63,66
2015,13,2015_13_BAL_MIA,BAL,-0.1645251483704769,0.2006250111082113,-0.14412339399975457,-0.20297460853068444,0.4,75,75,47
2015,13,2015_13_BAL_MIA,MIA,-0.2006250111082113,0.1645251483704769,-0.28543237631383817,-0.13780474058552472,0.2553191489361702,47,47,75
2015,13,2015_13_CAR_NO,CAR,0.1521808864797365,-0.05359062303182099,0.3554602199306135,-0.11462323867453961,0.527027027027027,74,74,58
2015,13,2015_13_CAR_NO,NO,0.05359062303182099,-0.1521808864797365,-0.0006255986485183022,0.2090104585154603,0.39655172413793105,58,58,74
2015,13,2015_13_CIN_CLE,CIN,0.3221683245478783,0.32879787600436755,0.5295494837373705,0.17762994087035333,0.5535714285714286,56,56,60
2015,13,2015_13_CIN_CLE,CLE,-0.32879787600436755,-0.3221683245478783,-0.3027219260919618,-0.38506703107850626,0.43333333333333335,60,60,56
2015,13,2015_13_DAL_WAS,DAL,-0.2406884734332575,0.07294866509568654,-0.037029475182870926,-0.4952622212462407,0.46296296296296297,54,54,60
2015,13,2015_13_DAL_WAS,WAS,-0.07294866509568654,0.2406884734332575,0.09754746770983826,-0.2959051464567574,0.4,60,60,54
2015,13,2015_13_DEN_SD,DEN,-0.07416507472018984,0.4049950086539927,-0.06043747840845682,-0.08391889315221067,0.36923076923076925,65,65,62
2015,13,2015_13_DEN_SD,LAC,-0.4049950086539927,0.07416507472018984,-0.4350135762355052,-0.3540939592766454,0.3225806451612903,62,62,65
2015,13,2015_13_GB_DET,DET,-0.10288762381214996,0.024995479696034693,-0.10890730002146935,-0.09373771597398445,0.3968253968253968,63,63,63
2015,13,2015_13_GB_DET,GB,-0.024995479696034693,0.10288762381214996,0.04129046369909378,-0.13271013771311846,0.36507936507936506,63,63,63
2015,13,2015_13_HOU_BUF,BUF,0.17520522205702865,-0.075403832365034,0.29426690525840143,0.10244530454507865,0.3793103448275862,58,58,71
2015,13,2015_13_HOU_BUF,HOU,0.075403832365034,-0.17520522205702865,0.0601428659458179,0.10181704347521568,0.4507042253521127,71,71,58
2015,13,2015_13_IND_PIT,IND,-0.33229239870356014,-0.2623390477036469,-0.32436211520764163,-0.35048540201772616,0.4107142857142857,56,56,70
2015,13,2015_13_IND_PIT,PIT,0.2623390477036469,0.33229239870356014,0.49426037264812495,-0.029432941742631936,0.4714285714285714,70,70,56
2015,13,2015_13_JAX_TEN,JAX,0.19181490101742213,-0.17891955035330326,0.4521101470122544,-0.31576082867250077,0.4745762711864407,59,59,67
2015,13,2015_13_JAX_TEN,TEN,0.17891955035330326,-0.19181490101742213,0.22851839398781798,0.13077949623745072,0.4626865671641791,67,67,59
2015,13,2015_13_KC_OAK,KC,-0.07090700196446172,0.30795243205999784,-0.27397723923266,0.2133913302110159,0.5,48,48,76
2015,13,2015_13_KC_OAK,LV,-0.30795243205999784,0.07090700196446172,-0.4709652435738504,0.04524199288668266,0.3684210526315789,76,76,48
2015,13,2015_13_NYJ_NYG,NYG,-0.1071417969509311,-0.08243260002400375,0.08435330089001064,-0.4023634061223829,0.32786885245901637,61,61,77
2015,13,2015_13_NYJ_NYG,NYJ,0.08243260002400375,0.1071417969509311,0.2650133439132371,-0.32076654273138655,0.44155844155844154,77,77,61
2015,13,2015_13_PHI_NE,NE,-0.05680711280590566,0.03845035614192551,-0.07470040472301966,-0.012073883013120698,0.40476190476190477,84,84,57
2015,13,2015_13_PHI_NE,PHI,-0.03845035614192551,0.05680711280590566,0.08339507114840672,-0.13364209621249756,0.42105263157894735,57,57,84
2015,13,2015_13_SEA_MIN,MIN,-0.43714368360087974,-0.38327735749362,-0.4927160917177389,-0.32599886736716144,0.1875,48,48,64
2015,13,2015_13_SEA_MIN,SEA,0.38327735749362,0.43714368360087974,0.6974842216014203,0.10603600681026686,0.5625,64,64,48
2015,13,2015_13_SF_CHI,CHI,-0.1109085628870859,-0.0065570754231885076,-0.2764515353461602,0.015219416129351631,0.44594594594594594,74,74,59
2015,13,2015_13_SF_CHI,SF,0.0065570754231885076,0.1109085628870859,-0.12551726723823878,0.21328213350194425,0.3898305084745763,59,59,74
2015,14,2015_14_ATL_CAR,ATL,-0.36943320447357647,-0.2593370076635756,-0.432174892887301,-0.17702536000482116,0.3442622950819672,61,61,59
2015,14,2015_14_ATL_CAR,CAR,0.2593370076635756,0.36943320447357647,0.5896396211797753,-0.059955518735417476,0.4915254237288136,59,59,61
2015,14,2015_14_BUF_PHI,BUF,0.1677565514636453,0.060452522516063,0.21024842514118222,0.11704044417110121,0.4117647058823529,68,68,71
2015,14,2015_14_BUF_PHI,PHI,-0.060452522516063,-0.1677565514636453,-0.12684398483801865,0.020462072188820457,0.39436619718309857,71,71,68
2015,14,2015_14_DAL_GB,DAL,-0.23493605726238742,-0.15414357191626618,-0.5886825058447768,0.3133709380403161,0.3137254901960784,51,51,79
2015,14,2015_14_DAL_GB,GB,0.15414357191626618,0.23493605726238742,0.1221077408424478,0.18236561357653477,0.4810126582278481,79,79,51
2015,14,2015_14_DET_STL,DET,-0.11797388840426246,-0.009549401902511497,-0.25315941087319516,0.2377774865139815,0.43478260869565216,69,69,51
2015,14,2015_14_DET_STL,LA,0.009549401902511497,0.11797388840426246,-0.1483987776142464,0.1392925493627055,0.39215686274509803,51,51,69
2015,14,2015_14_IND_JAX,IND,-0.38920669640765254,0.022417126885268496,-0.5504841717833852,-0.06665174565618741,0.30434782608695654,69,69,62
2015,14,2015_14_IND_JAX,JAX,-0.022417126885268496,0.38920669640765254,0.04493020154337757,-0.09905374199372781,0.3709677419354839,62,62,69
2015,14,2015_14_MIN_ARI,ARI,0.17301590912495407,-0.06399055314403919,0.3589008294544981,-0.08171527799330996,0.5,64,64,63
2015,14,2015_14_MIN_ARI,MIN,0.06399055314403919,-0.17301590912495407,0.31122423314516706,-0.33776417685779353,0.4126984126984127,63,63,64
2015,14,2015_14_NE_HOU,HOU,-0.48578244406889204,-0.06958392763424001,-0.6407765622412853,-0.2643622752511874,0.29411764705882354,51,51,61
2015,14,2015_14_NE_HOU,NE,0.06958392763424001,0.48578244406889204,0.14672319899873454,-0.021330213616771374,0.4918032786885246,61,61,51
2015,14,2015_14_NO_TB,NO,0.20226374172188355,-0.1076767256596527,0.4550238009868087,-0.12709027489604938,0.40789473684210525,76,76,51
2015,14,2015_14_NO_TB,TB,0.1076767256596527,-0.20226374172188355,0.13964916567912725,0.05382840562685344,0.49019607843137253,51,51,76
2015,14,2015_14_NYG_MIA,MIA,0.034234815830243424,-0.23061567750282427,-0.09888809530527269,0.3004806381012757,0.42857142857142855,63,63,60
2015,14,2015_14_NYG_MIA,NYG,0.23061567750282427,-0.034234815830243424,0.7530533136763939,-0.32785214047581923,0.5333333333333333,60,60,63
2015,14,2015_14_OAK_DEN,DEN,-0.2283416048142836,0.3500805369341778,-0.18318588914449382,-0.3487568466003895,0.36363636363636365,77,77,52
2015,14,2015_14_OAK_DEN,LV,-0.3500805369341778,0.2283416048142836,-0.3076200671555214,-0.423827668655002,0.21153846153846154,52,52,77
2015,14,2015_14_PIT_CIN,CIN,-0.05533027910475409,-0.16203779501773488,-0.046576894294941475,-0.07867263859758775,0.45454545454545453,55,55,67
2015,14,2015_14_PIT_CIN,PIT,0.16203779501773488,0.05533027910475409,0.23633717053579648,0.04487339516233008,0.47761194029850745,67,67,55
2015,14,2015_14_SD_KC,KC,0.10545135774521806,0.12079889717022711,0.15144640767689965,0.05945630781353648,0.44,50,50,66
2015,14,2015_14_SD_KC,LAC,-0.12079889717022711,-0.10545135774521806,0.00679824148243328,-0.4610579335773215,0.25757575757575757,66,66,50
2015,14,2015_14_SEA_BAL,BAL,-0.32194290564052885,-0.40462184488812153,-0.1768139490769699,-0.7796573071102147,0.37037037037037035,54,54,66
2015,14,2015_14_SEA_BAL,SEA,0.40462184488812153,0.32194290564052885,0.9003327964297072,-0.09108910665346423,0.5606060606060606,66,66,54
2015,14,2015_14_SF_CLE,CLE,0.10397695189712894,0.24455768939557862,0.19915598542105223,0.019087543619035214,0.4714285714285714,70,70,54
2015,14,2015_14_SF_CLE,SF,-0.24455768939557862,-0.10397695189712894,-0.38949053728861227,0.07088439131278873,0.35185185185185186,54,54,70
2015,14,2015_14_TEN_NYJ,NYJ,0.17272639978074997,0.19509681310817792,0.29493834813772557,0.03973104421580601,0.4507042253521127,71,71,58
2015,14,2015_14_TEN_NYJ,TEN,-0.19509681310817792,-0.17272639978074997,-0.11717213392516392,-0.4648360872032264,0.3103448275862069,58,58,71
2015,14,2015_14_WAS_CHI,CHI,0.12804741561941338,-0.2010114316261083,0.1551842826005729,0.08610862119398503,0.44642857142857145,56,56,66
2015,14,2015_14_WAS_CHI,WAS,0.2010114316261083,-0.12804741561941338,0.4055042678415924,-0.01626220685284352,0.5606060606060606,66,66,56
2015,15,2015_15_ARI_PHI,ARI,0.2969611175644674,0.19370588256729387,0.317875096234209,0.2771776242282254,0.5833333333333334,72,72,63
2015,15,2015_15_ARI_PHI,PHI,-0.19370588256729387,-0.2969611175644674,-0.06201266433436473,-0.4768463017680915,0.42857142857142855,63,63,72
2015,15,2015_15_ATL_JAX,ATL,-0.003992212499549859,0.1183923404513131,0.1700589950459673,-0.2061161954556343,0.44776119402985076,67,67,59
2015,15,2015_15_ATL_JAX,JAX,-0.1183923404513131,0.003992212499549859,-0.1417798264310753,-0.07278674279077677,0.5084745762711864,59,59,67
2015,15,2015_15_BUF_WAS,BUF,0.19771639652974643,-0.4082796378276759,0.01688208931227564,0.3785507037472172,0.515625,64,64,54
2015,15,2015_15_BUF_WAS,WAS,0.4082796378276759,-0.19771639652974643,0.7241155810951223,0.04190994363743812,0.5555555555555556,54,54,64
2015,15,2015_15_CAR_NYG,CAR,0.16856994607111125,-0.045572281232237666,0.30626100599100425,-0.05458453035078429,0.42105263157894735,76,76,73
2015,15,2015_15_CAR_NYG,NYG,0.045572281232237666,-0.16856994607111125,0.008305198764782805,0.10906434765827187,0.4383561643835616,73,73,76
2015,15,2015_15_CHI_MIN,CHI,-0.15948339180375679,-0.30122129086784266,-0.28762171997190883,0.10960709734936244,0.46774193548387094,62,62,57
2015,15,2015_15_CHI_MIN,MIN,0.30122129086784266,0.15948339180375679,0.9106036186070625,-0.05425173364670223,0.42105263157894735,57,57,62
2015,15,2015_15_CIN_SF,CIN,-0.17383512420286903,0.26837923858287577,0.253009503033779,-0.4702550042283191,0.3114754098360656,61,61,71
2015,15,2015_15_CIN_SF,SF,-0.26837923858287577,0.17383512420286903,-0.35730762249530196,0.01409915737424265,0.38028169014084506,71,71,61
2015,15,2015_15_CLE_SEA,CLE,0.051625916460181075,-0.2811865253444699,-0.014711231615126254,0.18820239779169617,0.38461538461538464,52,52,67
2015,15,2015_15_CLE_SEA,SEA,0.2811865253444699,-0.051625916460181075,0.5678242896498167,0.01911771226529576,0.5522388059701493,67,67,52
2015,15,2015_15_DEN_PIT,DEN,-0.03915408421390956,0.03847913920587095,0.04333716505915736,-0.19726231198728783,0.4,70,70,71
2015,15,2015_15_DEN_PIT,PIT,-0.03847913920587095,0.03915408421390956,0.02645225690604748,-0.30284268051868174,0.4084507042253521,71,71,70
2015,15,2015_15_DET_NO,DET,0.3673773709499296,-0.12572006040085718,0.5761104430909784,0.0890666080951979,0.6938775510204082,49,49,71
2015,15,2015_15_DET_NO,NO,0.12572006040085718,-0.3673773709499296,0.2332084902482936,-0.19077364970548338,0.4507042253521127,71,71,49
2015,15,2015_15_GB_OAK,GB,-0.179441733246363,0.2433039520757491,-0.10345882313060334,-0.2948231893480721,0.38235294117647056,68,68,75
2015,15,2015_15_GB_OAK,LV,-0.2433039520757491,0.179441733246363,-0.4103361514570053,0.09076044668676332,0.3466666666666667,75,75,68
2015,15,2015_15_HOU_IND,HOU,-0.11336582417672837,0.34204232402718526,-0.20629161461594736,-0.031372479671535135,0.40625,64,64,54
2015,15,2015_15_HOU_IND,IND,-0.34204232402718526,0.11336582417672837,-0.2989353100563544,-0.4214499813418737,0.3333333333333333,54,54,64
2015,15,2015_15_KC_BAL,BAL,-0.3285500912391928,-0.12622932462326691,-0.18002910401914862,-0.6775744112062967,0.373134328358209,67,67,54
2015,15,2015_15_KC_BAL,KC,0.12622932462326691,0.3285500912391928,0.16296148508679056,0.08667161335485682,0.4444444444444444,54,54,67
2015,15,2015_15_MIA_SD,LAC,0.21460744721066083,0.060842702575345436,0.4609867370924604,-0.04585065923581299,0.4583333333333333,72,72,55
2015,15,2015_15_MIA_SD,MIA,-0.060842702575345436,-0.21460744721066083,0.04181489656265411,-0.2553518377841867,0.3090909090909091,55,55,72
2015,15,2015_15_NYJ_DAL,DAL,-0.26536751272767056,-0.005988221908790821,-0.46793816521083736,0.0722502414109407,0.4107142857142857,56,56,66
2015,15,2015_15_NYJ_DAL,NYJ,0.005988221908790821,0.26536751272767056,0.18163015819009848,-0.2820645535925537,0.42424242424242425,66,66,56
2015,15,2015_15_TB_STL,LA,0.10814843133062484,-0.07332046218153236,0.6386318528736745,-0.22782440231330664,0.42857142857142855,49,49,77
2015,15,2015_15_TB_STL,TB,0.07332046218153236,-0.10814843133062484,0.15451845176606926,-0.07704618519723967,0.5324675324675324,77,77,49
2015,15,2015_15_TEN_NE,NE,0.1324056273345445,0.2997557381473711,0.33861243811269065,-0.16104252646512499,0.4126984126984127,63,63,60
2015,15,2015_15_TEN_NE,TEN,-0.2997557381473711,-0.1324056273345445,-0.2463005768629383,-0.39902960910417495,0.36666666666666664,60,60,63
2015,16,2015_16_CAR_ATL,ATL,0.13500002014008358,0.05511801065039723,0.5918971505131074,-0.38716812885765794,0.4166666666666667,60,60,52
2015,16,2015_16_CAR_ATL,CAR,-0.05511801065039723,-0.13500002014008358,-0.4346967097646838,0.5522079079324612,0.5384615384615384,52,52,60
2015,16,2015_16_CHI_TB,CHI,0.07429211101497588,-0.0028389161971604624,0.04146619679459811,0.0978594340449907,0.47761194029850745,67,67,53
2015,16,2015_16_CHI_TB,TB,0.0028389161971604624,-0.07429211101497588,0.24841547775551967,-0.29389942901919025,0.49056603773584906,53,53,67
2015,16,2015_16_CIN_DEN,CIN,0.07216697542519307,-0.07433487312241856,0.2248215724082837,-0.10433990233650547,0.42028985507246375,69,69,63
2015,16,2015_16_CIN_DEN,DEN,0.07433487312241856,-0.07216697542519307,0.16281453924323647,-0.10262445911921729,0.5238095238095238,63,63,69
2015,16,2015_16_CLE_KC,CLE,-0.0515069561403094,0.03701872825033657,-0.45515850887973,0.2960818809408583,0.3880597014925373,67,67,50
2015,16,2015_16_CLE_KC,KC,-0.03701872825033657,0.0515069561403094,-0.07711258628289563,-0.0028647010374158897,0.4,50,50,67
2015,16,2015_16_DAL_BUF,BUF,0.03792812869152173,0.06992350537764325,-0.2875949290569209,0.22268445876496215,0.43103448275862066,58,58,55
2015,16,2015_16_DAL_BUF,DAL,-0.06992350537764325,-0.03792812869152173,-0.12897173856637548,0.006347129157802556,0.38181818181818183,55,55,58
2015,16,2015_16_GB_ARI,ARI,0.008200929850987847,0.5310850573780481,0.12820428776024126,-0.14180326753557893,0.48148148148148145,54,54,64
2015,16,2015_16_GB_ARI,GB,-0.5310850573780481,-0.008200929850987847,-0.7284247937723397,-0.2232350686029531,0.28125,64,64,54
2015,16,2015_16_HOU_TEN,HOU,0.08266630337417724,0.3627025213756933,0.36965243330640374,-0.11601640196351802,0.3939393939393939,66,66,64
2015,16,2015_16_HOU_TEN,TEN,-0.3627025213756933,-0.08266630337417724,-0.239125998589957,-0.9581166766160591,0.359375,64,64,66
2015,16,2015_16_IND_MIA,IND,0.07994115412249958,0.016302864338315067,0.1555966687362431,-0.02666434374232079,0.41509433962264153,53,53,70
2015,16,2015_16_IND_MIA,MIA,-0.016302864338315067,-0.07994115412249958,0.03290573743744674,-0.10487834753468633,0.4,70,70,53
2015,16,2015_16_JAX_NO,JAX,0.20861120909659445,-0.4103233960365755,0.35104715582820933,-0.17121798218771195,0.4727272727272727,55,55,68
2015,16,2015_16_JAX_NO,NO,0.4103233960365755,-0.20861120909659445,0.7713299339958561,0.0041910408323848625,0.5294117647058824,68,68,55
2015,16,2015_16_NE_NYJ,NE,-0.01698754751062029,-0.06874394351054376,0.1488699104706936,-0.2776206957669707,0.37037037037037035,54,54,69
2015,16,2015_16_NE_NYJ,NYJ,0.06874394351054376,0.01698754751062029,0.10007762966940381,0.020002653930094785,0.43478260869565216,69,69,54
2015,16,2015_16_NYG_MIN,MIN,0.08248957619456028,0.3467006395633765,-0.07519472832410265,0.20181823907354846,0.4,65,65,58
2015,16,2015_16_NYG_MIN,NYG,-0.3467006395633765,-0.08248957619456028,-0.4721458803305694,-0.1083546821057098,0.39655172413793105,58,58,65
2015,16,2015_16_PIT_BAL,BAL,0.06423260674590171,0.09136763111766544,0.20358688564968214,-0.12456996467212335,0.4246575342465753,73,73,57
2015,16,2015_16_PIT_BAL,PIT,-0.09136763111766544,-0.06423260674590171,-0.16348083276604808,0.04204179193184245,0.47368421052631576,57,57,73
2015,16,2015_16_SD_OAK,LAC,-0.06882422225992142,0.12988245415793453,-0.006343398816766354,-0.19378586914623155,0.4,75,75,66
2015,16,2015_16_SD_OAK,LV,-0.12988245415793453,0.06882422225992142,-0.0959884519283963,-0.18919695805962647,0.3939393939393939,66,66,75
2015,16,2015_16_SF_DET,DET,0.08806195810771934,0.10123822065677217,0.13206906159835913,0.01765059252269566,0.49230769230769234,65,65,59
2015,16,2015_16_SF_DET,SF,-0.10123822065677217,-0.08806195810771934,-0.1869738221235652,0.03295663381299085,0.4576271186440678,59,59,65
2015,16,2015_16_STL_SEA,LA,0.06225906295511559,0.17063165785193327,0.026767991394634642,0.09141244316551066,0.43137254901960786,51,51,67
2015,16,2015_16_STL_SEA,SEA,-0.17063165785193327,-0.06225906295511559,0.24070551612526642,-1.0120031500780236,0.40298507462686567,67,67,51
2015,16,2015_16_WAS_PHI,PHI,-0.13449685560316213,-0.21992695364788195,-0.037171681785112536,-0.5055490807844762,0.4155844155844156,77,77,71
2015,16,2015_16_WAS_PHI,WAS,0.21992695364788195,0.13449685560316213,0.42299323005271916,-0.23235702561743726,0.43661971830985913,71,71,77
2015,17,2015_17_BAL_CIN,BAL,-0.16673013346013243,-0.07766618469100298,-0.15817969955289224,-0.18912412702671386,0.34210526315789475,76,76,56
2015,17,2015_17_BAL_CIN,CIN,0.07766618469100298,0.16673013346013243,0.034296870652007296,0.12770770088984415,0.4107142857142857,56,56,76
2015,17,2015_17_DET_CHI,CHI,-0.007850499070608325,-0.1942032309008002,-0.03148712484156164,0.01972556432883721,0.4423076923076923,52,52,61
2015,17,2015_17_DET_CHI,DET,0.1942032309008002,0.007850499070608325,0.24056444030144014,0.08345145288816032,0.47540983606557374,61,61,52
2015,17,2015_17_JAX_HOU,HOU,0.016180538251860145,0.6436473183043409,-0.048021242492871194,0.10523462122035844,0.43243243243243246,74,74,54
2015,17,2015_17_JAX_HOU,JAX,-0.6436473183043409,-0.016180538251860145,-0.668393503041375,-0.572943933341386,0.25925925925925924,54,54,74
2015,17,2015_17_MIN_GB,GB,-0.19774430444903482,0.024685643072503528,-0.25761237935018877,-0.0804028776427731,0.35135135135135137,74,74,49
2015,17,2015_17_MIN_GB,MIN,-0.024685643072503528,0.19774430444903482,-0.40529774940254604,0.2854427398630866,0.3469387755102041,49,49,74
2015,17,2015_17_NE_MIA,MIA,0.051217766330440326,0.21799986310638206,0.4051932031084347,-0.3801897972427403,0.4084507042253521,71,71,53
2015,17,2015_17_NE_MIA,NE,-0.21799986310638206,-0.051217766330440326,-0.2554627496903357,-0.1790960962691994,0.2641509433962264,53,53,71
2015,17,2015_17_NO_ATL,ATL,0.05719626760519373,-0.12835347377693554,0.3714674687999854,-0.390035826402779,0.5079365079365079,63,63,63
2015,17,2015_17_NO_ATL,NO,0.12835347377693554,-0.05719626760519373,0.27831045371618374,-0.19405403309244804,0.49206349206349204,63,63,63
2015,17,2015_17_NYJ_BUF,BUF,-0.07792292631761022,0.023915706340447814,0.13400479449106395,-0.22929986975237748,0.3055555555555556,72,72,55
2015,17,2015_17_NYJ_BUF,NYJ,-0.023915706340447814,0.07792292631761022,-0.1520241885874174,0.2624444304468959,0.36363636363636365,55,55,72
2015,17,2015_17_OAK_KC,KC,-0.08976029426230525,0.17596124600703067,-0.3601266629322289,0.09522722114343196,0.421875,64,64,54
2015,17,2015_17_OAK_KC,LV,-0.17596124600703067,0.08976029426230525,-0.19624067747607019,-0.1277975962680619,0.3148148148148148,54,54,64
2015,17,2015_17_PHI_NYG,NYG,0.036929069793349756,-0.2506954858988701,-0.1093023872818867,0.21565640621863874,0.525,80,80,63
2015,17,2015_17_PHI_NYG,PHI,0.2506954858988701,-0.036929069793349756,0.4378847467574255,-0.053487062996282475,0.5238095238095238,63,63,80
2015,17,2015_17_PIT_CLE,CLE,-0.36448995509982707,0.025193093466742398,-0.5022849758946134,-0.04696229848575414,0.34210526315789475,76,76,54
2015,17,2015_17_PIT_CLE,PIT,-0.025193093466742398,0.36448995509982707,0.15195899139375268,-0.41075939581017284,0.42592592592592593,54,54,76
2015,17,2015_17_SD_DEN,DEN,-0.0862740122213178,0.17514217413829183,-0.23942564844120223,0.08219278762055506,0.4444444444444444,63,63,67
2015,17,2015_17_SD_DEN,LAC,-0.17514217413829183,0.0862740122213178,-0.16895636448954113,-0.18324771781596516,0.34328358208955223,67,67,63
2015,17,2015_17_SEA_ARI,ARI,-0.20513371239660816,-0.2514353033916435,-0.23408985500342475,-0.10490091106531998,0.3793103448275862,58,58,67
2015,17,2015_17_SEA_ARI,SEA,0.2514353033916435,0.20513371239660816,0.529808391876924,-0.018750341314658085,0.47761194029850745,67,67,58
2015,17,2015_17_STL_SF,LA,-0.009899163925799103,0.0916632425396747,0.0738171302297643,-0.10629974507462969,0.4225352112676056,71,71,74
2015,17,2015_17_STL_SF,SF,-0.0916632425396747,0.009899163925799103,-0.024942074364487046,-0.19519608970806931,0.35135135135135137,74,74,71
2015,17,2015_17_TB_CAR,CAR,0.17327593277402453,0.13210916747631118,0.2190269871063825,0.12752487844166657,0.5,60,60,71
2015,17,2015_17_TB_CAR,TB,-0.13210916747631118,-0.17327593277402453,-0.13880318262329489,-0.11719977010348388,0.4084507042253521,71,71,60
2015,17,2015_17_TEN_IND,IND,-0.04456279572590859,0.15090944614405483,-0.0524566086213177,-0.03394697838380668,0.39705882352941174,68,68,57
2015,17,2015_17_TEN_IND,TEN,-0.15090944614405483,0.04456279572590859,-0.4574150035960146,0.21453948774097414,0.40350877192982454,57,57,68
2015,17,2015_17_WAS_DAL,DAL,-0.01961381992441602,-0.2994459501394501,0.16004864954279932,-0.6035168456928659,0.5,68,68,60
2015,17,2015_17_WAS_DAL,WAS,0.2994459501394501,0.01961381992441602,0.7191405641313011,-0.04394055221751897,0.43333333333333335,60,60,68
2016,1,2016_01_BUF_BAL,BAL,-0.10594157514236799,0.13894299552799858,0.08203249960874041,-0.38414320577400846,0.3870967741935484,62,62,48
2016,1,2016_01_BUF_BAL,BUF,-0.13894299552799858,0.10594157514236799,-0.08170053555125051,-0.19618545550474664,0.3541666666666667,48,48,62
2016,1,2016_01_CAR_DEN,CAR,0.03866157227857544,-0.002588532600467178,0.03302816344346901,0.04464706916587602,0.42424242424242425,66,66,55
2016,1,2016_01_CAR_DEN,DEN,0.002588532600467178,-0.03866157227857544,-0.10168716658310066,0.11072629471675975,0.4909090909090909,55,55,66
2016,1,2016_01_CHI_HOU,CHI,-0.2111283346091147,-0.0202757937695122,-0.1628824286411092,-0.2931463747547241,0.3888888888888889,54,54,70
2016,1,2016_01_CHI_HOU,HOU,0.0202757937695122,0.2111283346091147,0.12550818476080067,-0.09771203855405364,0.4,70,70,54
2016,1,2016_01_CIN_NYJ,CIN,0.14021589524327982,0.019849157510500485,0.20488085593007982,0.007293476053746417,0.4727272727272727,55,55,66
2016,1,2016_01_CIN_NYJ,NYJ,-0.019849157510500485,-0.14021589524327982,-0.046882179177060467,0.012590468489371487,0.3939393939393939,66,66,55
2016,1,2016_01_CLE_PHI,CLE,-0.3678361846429476,-0.04557219492189679,-0.37886955966879027,-0.35259961913106963,0.32,50,50,73
2016,1,2016_01_CLE_PHI,PHI,0.04557219492189679,0.3678361846429476,0.13158244452262138,-0.0530866207965814,0.4383561643835616,73,73,50
2016,1,2016_01_DET_IND,DET,0.40135070434747033,-0.2768180501396461,0.5402340221081037,0.1598144995463688,0.6190476190476191,63,63,69
2016,1,2016_01_DET_IND,IND,0.2768180501396461,-0.40135070434747033,0.34700540077484454,0.09211449583649244,0.5072463768115942,69,69,63
2016,1,2016_01_GB_JAX,GB,0.1516399484195524,0.022275759974842966,0.21193990031649187,0.06621501656555484,0.4482758620689655,58,58,67
2016,1,2016_01_GB_JAX,JAX,-0.022275759974842966,-0.1516399484195524,0.10322458449474928,-0.23311633868375792,0.40298507462686567,67,67,58
2016,1,2016_01_LA_SF,LA,-0.46859109381379527,3.447671157405957e-05,-0.5565477407307716,-0.3206640058170623,0.2711864406779661,59,59,76
2016,1,2016_01_LA_SF,SF,-3.447671157405957e-05,0.46859109381379527,-0.17987374950067272,0.15348685371814433,0.3684210526315789,76,76,59
2016,1,2016_01_MIA_SEA,MIA,-0.1850392512795972,0.15476022098222617,-0.1609772988038575,-0.22594457048835465,0.2962962962962963,54,54,78
2016,1,2016_01_MIA_SEA,SEA,-0.15476022098222617,0.1850392512795972,-0.037356276004629686,-0.32352839188752114,0.48717948717948717,78,78,54
2016,1,2016_01_MIN_TEN,MIN,0.026927695891083975,0.2723532707019727,0.2939210390104197,-0.29939750125477077,0.4,60,60,66
2016,1,2016_01_MIN_TEN,TEN,-0.2723532707019727,-0.026927695891083975,0.017255935363365067,-0.8515716828326483,0.5,66,66,60
2016,1,2016_01_NE_ARI,ARI,0.17622554731680887,-0.11660427756316182,0.20746621175292695,0.11045572745129711,0.5423728813559322,59,59,65
2016,1,2016_01_NE_ARI,NE,0.11660427756316182,-0.17622554731680887,0.38049984280074145,-0.1912738818806811,0.4461538461538462,65,65,59
2016,1,2016_01_NYG_DAL,DAL,-0.005907105880386124,-0.09882093762711587,0.040099892761874825,-0.07185047060096016,0.3972602739726027,73,73,54
2016,1,2016_01_NYG_DAL,NYG,0.09882093762711587,0.005907105880386124,0.21577219785152313,-0.047368137653393205,0.46296296296296297,54,54,73
2016,1,2016_01_OAK_NO,LV,0.27928313567135754,-0.21668878934008212,0.3008835228072429,0.2468825549675295,0.47692307692307695,65,65,63
2016,1,2016_01_OAK_NO,NO,0.21668878934008212,-0.27928313567135754,0.3789931390522723,-0.0857874987599086,0.49206349206349204,63,63,65
2016,1,2016_01_PIT_WAS,PIT,0.31476823484862637,0.03591452396778478,0.39332928716310045,0.2118261662986258,0.582089552238806,67,67,55
2016,1,2016_01_PIT_WAS,WAS,-0.03591452396778478,-0.31476823484862637,0.03126675121525493,-0.2766474267070104,0.5818181818181818,55,55,67
2016,1,2016_01_SD_KC,KC,0.12413198371605037,-0.20168240086914987,0.12215175428570586,0.1294473363975014,0.5285714285714286,70,70,68
2016,1,2016_01_SD_KC,LAC,0.20168240086914987,-0.12413198371605037,0.2472451866016001,0.14730101144654797,0.5441176470588235,68,68,70
2016,1,2016_01_TB_ATL,ATL,0.0208827576979572,-0.13213299546301693,0.20906838750462012,-0.36444972238235257,0.421875,64,64,58
2016,1,2016_01_TB_ATL,TB,0.13213299546301693,-0.0208827576979572,0.4088615219057691,-0.2084559601588318,0.4482758620689655,58,58,64
2016,2,2016_02_ATL_OAK,ATL,0.3448777457877245,-0.1606333329495898,0.5625048214089597,0.09097949089628334,0.6153846153846154,65,65,71
2016,2,2016_02_ATL_OAK,LV,0.1606333329495898,-0.3448777457877245,0.1916121435922798,0.10363232136704027,0.5492957746478874,71,71,65
2016,2,2016_02_BAL_CLE,BAL,-0.00033050551597729505,-0.08781999910936446,0.17402962581892925,-0.3021076559033155,0.4084507042253521,71,71,59
2016,2,2016_02_BAL_CLE,CLE,0.08781999910936446,0.00033050551597729505,0.2464062496257163,-0.1604019582205776,0.3220338983050847,59,59,71
2016,2,2016_02_CIN_PIT,CIN,-0.07971764758085874,0.01203014834601775,0.004760384440081483,-0.33784496764484273,0.3561643835616438,73,73,74
2016,2,2016_02_CIN_PIT,PIT,-0.01203014834601775,0.07971764758085874,0.1506962212108901,-0.18379687176719825,0.40540540540540543,74,74,73
2016,2,2016_02_DAL_WAS,DAL,0.17703520497443848,-0.05958494583234633,0.46888393351332713,-0.15372668736963532,0.46875,64,64,64
2016,2,2016_02_DAL_WAS,WAS,0.05958494583234633,-0.17703520497443848,0.08862964088288916,-0.02071509342503679,0.484375,64,64,64
2016,2,2016_02_GB_MIN,GB,-0.18922923533091307,0.07005359251239238,-0.24279309399269816,-0.09374583510773095,0.375,64,64,56
2016,2,2016_02_GB_MIN,MIN,-0.07005359251239238,0.18922923533091307,0.16597229589408796,-0.46343007318985957,0.35714285714285715,56,56,64
2016,2,2016_02_IND_DEN,DEN,0.008108160667536795,0.2053573301589615,0.061383483556573394,-0.0520413974329884,0.5303030303030303,66,66,65
2016,2,2016_02_IND_DEN,IND,-0.2053573301589615,-0.008108160667536795,-0.3497081415445473,0.11943199545860658,0.38461538461538464,65,65,66
2016,2,2016_02_JAX_SD,JAX,-0.08939296682034906,-0.10617676133236598,-0.16909094234582006,0.28736109930005943,0.4603174603174603,63,63,63
2016,2,2016_02_JAX_SD,LAC,0.10617676133236598,0.08939296682034906,0.19752287986809458,0.033099866503783104,0.4126984126984127,63,63,63
2016,2,2016_02_KC_HOU,HOU,-0.13568739776335612,0.38864669859357986,0.03958108864865537,-0.3273873047764937,0.373134328358209,67,67,60
2016,2,2016_02_KC_HOU,KC,-0.38864669859357986,0.13568739776335612,-0.22042758987414496,-0.7516458279355184,0.31666666666666665,60,60,67
2016,2,2016_02_MIA_NE,MIA,0.0495655471496563,-0.17979137474780335,0.23616967482914172,-0.4635958039689285,0.6,60,60,74
2016,2,2016_02_MIA_NE,NE,0.17979137474780335,-0.0495655471496563,0.34667121132458995,0.01291153817101669,0.47297297297297297,74,74,60
2016,2,2016_02_NO_NYG,NO,-0.05236767670377421,0.1183506752942888,-0.021924449651231116,-0.16008986473584977,0.4406779661016949,59,59,71
2016,2,2016_02_NO_NYG,NYG,-0.1183506752942888,0.05236767670377421,0.02547226822126917,-0.33922162426461,0.4647887323943662,71,71,59
2016,2,2016_02_NYJ_BUF,BUF,0.15403174484441626,-0.23920312035407848,0.3969023933845777,-0.229448226534786,0.4489795918367347,49,49,70
2016,2,2016_02_NYJ_BUF,NYJ,0.23920312035407848,-0.15403174484441626,0.4434564793673856,0.034949761340771344,0.5,70,70,49
2016,2,2016_02_PHI_CHI,CHI,-0.3421720476797114,-0.06635729850253784,-0.3946926957741063,-0.24880200662300922,0.5,50,50,64
2016,2,2016_02_PHI_CHI,PHI,0.06635729850253784,0.3421720476797114,0.16912737626340124,-0.05767555396746973,0.421875,64,64,50
2016,2,2016_02_SEA_LA,LA,-0.10163233572071241,0.07028461060660632,-0.04385498531132354,-0.18453027326461818,0.32142857142857145,56,56,61
2016,2,2016_02_SEA_LA,SEA,-0.07028461060660632,0.10163233572071241,0.018470638305656085,-0.20711561934634423,0.3770491803278688,61,61,56
2016,2,2016_02_SF_CAR,CAR,0.08031203575228281,0.24005917932096874,0.27149274240891264,-0.1263698092819116,0.4155844155844156,77,77,64
2016,2,2016_02_SF_CAR,SF,-0.24005917932096874,-0.08031203575228281,-0.08620482509672234,-0.4649232354948673,0.328125,64,64,77
2016,2,2016_02_TB_ARI,ARI,0.15753012357491294,0.28918037953961495,0.38625771087688016,-0.10931872827738214,0.36923076923076925,65,65,75
2016,2,2016_02_TB_ARI,TB,-0.28918037953961495,-0.15753012357491294,-0.367885654582911,-0.07274087317055092,0.4,75,75,65
2016,2,2016_02_TEN_DET,DET,0.008927595457260223,-0.14492715187491076,-0.0672342860204604,0.15462858611029098,0.373134328358209,67,67,60
2016,2,2016_02_TEN_DET,TEN,0.14492715187491076,-0.008927595457260223,0.12427440396157675,0.178151137648535,0.5,60,60,67
2016,3,2016_03_ARI_BUF,ARI,-0.28367128680024467,0.031090530278560447,-0.21505252117312054,-0.4583372356692879,0.3974358974358974,78,78,59
2016,3,2016_03_ARI_BUF,BUF,-0.031090530278560447,0.28367128680024467,-0.24266597879994828,0.17343240329211446,0.4067796610169492,59,59,78
2016,3,2016_03_ATL_NO,ATL,0.4319049408420157,-0.07779153595368311,0.3364358183806588,0.5372501794200647,0.5409836065573771,61,61,80
2016,3,2016_03_ATL_NO,NO,0.07779153595368311,-0.4319049408420157,0.014300836943256996,0.22593650031134407,0.525,80,80,61
2016,3,2016_03_BAL_JAX,BAL,-0.15970684403574845,0.25990151199693245,-0.2944963356524211,0.10987213919759684,0.42857142857142855,63,63,63
2016,3,2016_03_BAL_JAX,JAX,-0.25990151199693245,0.15970684403574845,-0.2540129319197283,-0.2716786721513407,0.3492063492063492,63,63,63
2016,3,2016_03_CHI_DAL,CHI,-0.018594715761155973,-0.21781624848230632,0.0025238399042185242,-0.09100119232815425,0.43548387096774194,62,62,65
2016,3,2016_03_CHI_DAL,DAL,0.21781624848230632,0.018594715761155973,0.3599958277989401,0.13458917766281336,0.6153846153846154,65,65,62
2016,3,2016_03_CLE_MIA,CLE,0.0502349542127857,0.09344328701375285,0.015900617131226587,0.09786000242269027,0.43243243243243246,74,74,64
2016,3,2016_03_CLE_MIA,MIA,-0.09344328701375285,-0.0502349542127857,-0.1561650598428131,0.004402678599581123,0.421875,64,64,74
2016,3,2016_03_DEN_CIN,CIN,-0.027592359931274155,-0.08861765160866655,-0.16481560534468218,0.14393669683548588,0.3968253968253968,63,63,60
2016,3,2016_03_DEN_CIN,DEN,0.08861765160866655,0.027592359931274155,0.36674683147301773,-0.35880755078181137,0.4166666666666667,60,60,63
2016,3,2016_03_DET_GB,DET,0.2270690467514891,-0.28874629015773007,0.45818798178522857,-0.21507152461740392,0.5074626865671642,67,67,47
2016,3,2016_03_DET_GB,GB,0.28874629015773007,-0.2270690467514891,0.4281146323514229,0.11619500934649137,0.46808510638297873,47,47,67
2016,3,2016_03_HOU_NE,HOU,-0.24589578760205769,0.12096005884666577,-0.3270259200755052,-0.11668853958878943,0.45714285714285713,70,70,57
2016,3,2016_03_HOU_NE,NE,-0.12096005884666577,0.24589578760205769,-0.3632334922194586,0.0099985537872763,0.3508771929824561,57,57,70
2016,3,2016_03_LA_TB,LA,-0.06133723466615969,-0.004977081323068436,-0.26088640354617043,0.09712828179737827,0.39344262295081966,61,61,83
2016,3,2016_03_LA_TB,TB,0.004977081323068436,0.06133723466615969,0.009391599849276702,-0.008056259087641678,0.4819277108433735,83,83,61
2016,3,2016_03_MIN_CAR,CAR,-0.21955418414756267,0.08807673088194912,-0.35706547216549045,-0.003465017262247524,0.3611111111111111,72,72,53
2016,3,2016_03_MIN_CAR,MIN,-0.08807673088194912,0.21955418414756267,-0.02359220972514346,-0.17218697586908693,0.33962264150943394,53,53,72
2016,3,2016_03_NYJ_KC,KC,-0.10471990960363643,0.4135533787196781,0.25260027888813724,-0.6258118511541397,0.3728813559322034,59,59,66
2016,3,2016_03_NYJ_KC,NYJ,-0.4135533787196781,0.10471990960363643,-0.684486594850616,0.12831305354219777,0.3939393939393939,66,66,59
2016,3,2016_03_OAK_TEN,LV,0.06726140502350253,0.14484654371442884,0.1706036404618399,-0.08775194813400351,0.38333333333333336,60,60,63
2016,3,2016_03_OAK_TEN,TEN,-0.14484654371442884,-0.06726140502350253,-0.283302583576623,0.017481227158488512,0.3968253968253968,63,63,60
2016,3,2016_03_PIT_PHI,PHI,0.2932227046283429,0.27204066661506726,0.5537107874254593,0.02405168573798922,0.4262295081967213,61,61,58
2016,3,2016_03_PIT_PHI,PIT,-0.27204066661506726,-0.2932227046283429,-0.31328915401797314,-0.07404792708111926,0.29310344827586204,58,58,61
2016,3,2016_03_SD_IND,IND,-0.11861812657455852,0.01988924090521684,-0.13816088308454574,-0.0885523473284243,0.45454545454545453,66,66,58
2016,3,2016_03_SD_IND,LAC,-0.01988924090521684,0.11861812657455852,0.08853269652293154,-0.28137744293781,0.41379310344827586,58,58,66
2016,3,2016_03_SF_SEA,SEA,0.07754774664432407,0.11225549744945802,0.30267711964011756,-0.17759887608424188,0.421875,64,64,57
2016,3,2016_03_SF_SEA,SF,-0.11225549744945802,-0.07754774664432407,-0.420837230877123,0.12882398179090523,0.3333333333333333,57,57,64
2016,3,2016_03_WAS_NYG,NYG,0.07871473268936799,-0.13964360760714786,0.08789290866533571,0.06123249273514375,0.4918032786885246,61,61,65
2016,3,2016_03_WAS_NYG,WAS,0.13964360760714786,-0.07871473268936799,0.3782662251331726,-0.17567913698081333,0.4307692307692308,65,65,61
2016,4,2016_04_BUF_NE,BUF,0.16040189842061567,0.17016172696286846,0.2970227248029616,-0.014643535381765105,0.4657534246575342,73,73,52
2016,4,2016_04_BUF_NE,NE,-0.17016172696286846,-0.16040189842061567,-0.059076249015384594,-0.3216419241639828,0.3076923076923077,52,52,73
2016,4,2016_04_CAR_ATL,ATL,0.3383267830227325,-0.006515704222286336,0.6163505048385822,-0.14519273317874531,0.5079365079365079,63,63,65
2016,4,2016_04_CAR_ATL,CAR,0.006515704222286336,-0.3383267830227325,0.1156994380472851,-0.3574300751943762,0.4461538461538462,65,65,63
2016,4,2016_04_CLE_WAS,CLE,-0.007730193468472133,-0.137379706365514,0.1409462167404641,-0.22012506519552386,0.5,68,68,56
2016,4,2016_04_CLE_WAS,WAS,0.137379706365514,0.007730193468472133,0.07525805723983077,0.20905853227976387,0.5535714285714286,56,56,68
2016,4,2016_04_DAL_SF,DAL,0.26070098868506797,-0.0029053043464487816,0.32548004348907034,0.1995207702590657,0.5428571428571428,70,70,52
2016,4,2016_04_DAL_SF,SF,0.0029053043464487816,-0.26070098868506797,-0.013722630533428001,0.017157819957771738,0.46153846153846156,52,52,70
2016,4,2016_04_DEN_TB,DEN,0.03092740623338478,0.3942288146873649,0.2890287545718494,-0.28057422107165875,0.421875,64,64,65
2016,4,2016_04_DEN_TB,TB,-0.3942288146873649,-0.03092740623338478,-0.4061045698093949,-0.37522760649211706,0.27692307692307694,65,65,64
2016,4,2016_04_DET_CHI,CHI,0.09519281462074894,0.13430166637455018,0.35519944077798604,-0.2848168697629052,0.515625,64,64,57
2016,4,2016_04_DET_CHI,DET,-0.13430166637455018,-0.09519281462074894,-0.12073955496055913,-0.1636862411048641,0.45614035087719296,57,57,64
2016,4,2016_04_IND_JAX,IND,-0.05855952011855862,-0.12434347391803417,-0.1442687477810653,0.10257382788695395,0.4305555555555556,72,72,65
2016,4,2016_04_IND_JAX,JAX,0.12434347391803417,0.05855952011855862,0.16747533241826312,0.07080047715912927,0.4461538461538462,65,65,72
2016,4,2016_04_KC_PIT,KC,-0.10542250091461225,-0.4253627036822684,-0.05061919444140107,-0.2698324203342458,0.375,72,72,54
2016,4,2016_04_KC_PIT,PIT,0.4253627036822684,0.10542250091461225,0.6921818693668116,0.09183874657658937,0.5,54,54,72
2016,4,2016_04_LA_ARI,ARI,-0.1398665744196866,0.11398580214751386,-0.09562155853002667,-0.22658680556342006,0.4189189189189189,74,74,54
2016,4,2016_04_LA_ARI,LA,-0.11398580214751386,0.1398665744196866,0.10001223309465768,-0.42525567159067246,0.3148148148148148,54,54,74
2016,4,2016_04_MIA_CIN,CIN,-0.026974204274719225,0.32554118785205793,0.2854677469861762,-0.3299482176186178,0.38461538461538464,65,65,43
2016,4,2016_04_MIA_CIN,MIA,-0.32554118785205793,0.026974204274719225,-0.39467974078531065,-0.16599068108301324,0.27906976744186046,43,43,65
2016,4,2016_04_NO_SD,LAC,-0.03804675487224522,-0.05789798611744225,0.07871755954956339,-0.29381620551049265,0.373134328358209,67,67,68
2016,4,2016_04_NO_SD,NO,0.05789798611744225,0.03804675487224522,0.22212503383343574,-0.15012294098948284,0.45588235294117646,68,68,67
2016,4,2016_04_NYG_MIN,MIN,0.02265716181973513,0.19956675112258554,0.20520400009123277,-0.18933271488264924,0.373134328358209,67,67,63
2016,4,2016_04_NYG_MIN,NYG,-0.19956675112258554,-0.02265716181973513,-0.2821390219459621,0.0068639259358557565,0.36507936507936506,63,63,67
2016,4,2016_04_OAK_BAL,BAL,-0.032936841829068864,0.00117017674104621,-0.11447545007222645,0.13641257529133538,0.4,80,80,51
2016,4,2016_04_OAK_BAL,LV,-0.00117017674104621,0.032936841829068864,0.2357244664137917,-0.5193772086422541,0.3333333333333333,51,51,80
2016,4,2016_04_SEA_NYJ,NYJ,-0.013029142923586092,-0.2250347931386437,0.10915395920754055,-0.28794112271862105,0.38461538461538464,65,65,57
2016,4,2016_04_SEA_NYJ,SEA,0.2250347931386437,0.013029142923586092,0.46112241608192184,-0.12396430164707177,0.45614035087719296,57,57,65
2016,4,2016_04_TEN_HOU,HOU,-0.04869110137331499,0.033919847591579906,-0.007534513296165677,-0.11385569916213474,0.5,62,62,62
2016,4,2016_04_TEN_HOU,TEN,-0.033919847591579906,0.04869110137331499,-0.09011316734463663,0.018761389676910767,0.3709677419354839,62,62,62
2016,5,2016_05_ARI_SF,ARI,-0.0077228528126106755,0.1738261227980508,-0.20663899000233912,0.15709337514459287,0.40625,64,64,74
2016,5,2016_05_ARI_SF,SF,-0.1738261227980508,0.0077228528126106755,-0.360369238047401,0.02308049885404115,0.40540540540540543,74,74,64
2016,5,2016_05_ATL_DEN,ATL,0.07889709161230066,0.037874130257554366,0.13095013974960257,0.02852317406007299,0.4262295081967213,61,61,64
2016,5,2016_05_ATL_DEN,DEN,-0.037874130257554366,-0.07889709161230066,-0.061254624059196586,0.00109335941184933,0.421875,64,64,61
2016,5,2016_05_BUF_LA,BUF,0.06607653941972161,0.2296358525435702,-0.08859630542813321,0.2148004286965051,0.4117647058823529,51,51,64
2016,5,2016_05_BUF_LA,LA,-0.2296358525435702,-0.06607653941972161,-0.2782037838493713,-0.17101938372622405,0.4375,64,64,51
2016,5,2016_05_CHI_IND,CHI,0.2676395213583552,-0.06710004046373062,0.3003437511901761,0.18951275009345003,0.5245901639344263,61,61,63
2016,5,2016_05_CHI_IND,IND,0.06710004046373062,-0.2676395213583552,0.1473626251730707,-0.11877120833684641,0.4444444444444444,63,63,61
2016,5,2016_05_CIN_DAL,CIN,0.12757679400813726,-0.3306164398015244,0.13023709858448249,0.12127607264310906,0.5625,64,64,50
2016,5,2016_05_CIN_DAL,DAL,0.3306164398015244,-0.12757679400813726,0.39539329683990215,0.2658395827631466,0.58,50,50,64
2016,5,2016_05_HOU_MIN,HOU,-0.29944903255441896,-0.07599022258939042,-0.3919984069951695,0.004641769179475627,0.3333333333333333,60,60,67
2016,5,2016_05_HOU_MIN,MIN,0.07599022258939042,0.29944903255441896,0.41944478929757234,-0.23802538125809017,0.43283582089552236,67,67,60
2016,5,2016_05_NE_CLE,CLE,-0.1500837826774282,-0.24385730866009359,0.07235579680319336,-0.5525934979280768,0.3050847457627119,59,59,75
2016,5,2016_05_NE_CLE,NE,0.24385730866009359,0.1500837826774282,0.5457733486015458,-0.1403994694472093,0.4,75,75,59
2016,5,2016_05_NYG_GB,GB,0.022182725133655344,0.1914845829433932,-0.03249420674903052,0.10702624012402998,0.40540540540540543,74,74,54
2016,5,2016_05_NYG_GB,NYG,-0.1914845829433932,-0.022182725133655344,-0.19608520006975264,-0.17952297841485856,0.35185185185185186,54,54,74
2016,5,2016_05_NYJ_PIT,NYJ,-0.008225524844442202,-0.13420269404881047,-0.0001791179603797943,-0.027631564976592714,0.5,58,58,70
2016,5,2016_05_NYJ_PIT,PIT,0.13420269404881047,0.008225524844442202,0.3590987328909563,-0.3564795725158712,0.4857142857142857,70,70,58
2016,5,2016_05_PHI_DET,DET,0.005766151877346835,-0.14614921930099897,-0.013683914141315378,0.028328228458995,0.3888888888888889,54,54,57
2016,5,2016_05_PHI_DET,PHI,0.14614921930099897,-0.005766151877346835,0.2218267172094602,0.016416365743636908,0.5263157894736842,57,57,54
2016,5,2016_05_SD_OAK,LAC,0.07629494862174292,-0.0819951197657269,0.38415762367330675,-0.44221060935983825,0.47058823529411764,51,51,69
2016,5,2016_05_SD_OAK,LV,0.0819951197657269,-0.07629494862174292,0.1408737472683298,-0.02163126463885419,0.4927536231884058,69,69,51
2016,5,2016_05_TB_CAR,CAR,0.003866539527616395,-0.0575948865982251,-0.01843597529389832,0.028845356127712874,0.6037735849056604,53,53,69
2016,5,2016_05_TB_CAR,TB,0.0575948865982251,-0.003866539527616395,0.1491253683187592,-0.02630805497893116,0.43478260869565216,69,69,53
2016,5,2016_05_TEN_MIA,MIA,-0.2491327581982571,-0.22119310649257287,-0.4259664665602069,0.0005148300774368074,0.3902439024390244,41,41,68
2016,5,2016_05_TEN_MIA,TEN,0.22119310649257287,0.2491327581982571,0.12186992675085835,0.2950488042492324,0.5147058823529411,68,68,41
2016,5,2016_05_WAS_BAL,BAL,-0.17549194899333667,0.07731522555430169,-0.2858236053015571,0.11485451497566446,0.391304347826087,69,69,60
2016,5,2016_05_WAS_BAL,WAS,-0.07731522555430169,0.17549194899333667,0.06119307415897574,-0.37620155651453197,0.5,60,60,69
2016,6,2016_06_ATL_SEA,ATL,0.053962509286451465,-0.1093528334571466,0.09731573269391687,-0.05682906164373788,0.421875,64,64,62
2016,6,2016_06_ATL_SEA,SEA,0.1093528334571466,-0.053962509286451465,0.20900945645821056,-0.04843681962787135,0.5161290322580645,62,62,64
2016,6,2016_06_BAL_NYG,BAL,-0.030971369232122726,-0.04898937974525975,-0.02206304901995411,-0.048102754255523905,0.3815789473684211,76,76,64
2016,6,2016_06_BAL_NYG,NYG,0.04898937974525975,0.030971369232122726,0.2181744350502455,-0.4187575378626421,0.390625,64,64,76
2016,6,2016_06_CAR_NO,CAR,0.06672294838583274,-0.2284739517599156,0.09977887666702,0.003153855537395709,0.47368421052631576,76,76,70
2016,6,2016_06_CAR_NO,NO,0.2284739517599156,-0.06672294838583274,0.4003316308527307,-0.17252729945665293,0.4714285714285714,70,70,76
2016,6,2016_06_CIN_NE,CIN,0.1396045860435082,-0.2663017289293078,0.3453807310167825,-0.07260206346018094,0.4461538461538462,65,65,61
2016,6,2016_06_CIN_NE,NE,0.2663017289293078,-0.1396045860435082,0.4907431548370801,-0.10451453996179423,0.4426229508196721,61,61,65
2016,6,2016_06_CLE_TEN,CLE,0.09991837778413803,-0.19763000499331845,0.1827014968886079,-0.1705064779571302,0.375,64,64,56
2016,6,2016_06_CLE_TEN,TEN,0.19763000499331845,-0.09991837778413803,0.4898613630315673,-0.05563717197316388,0.4642857142857143,56,56,64
2016,6,2016_06_DAL_GB,DAL,0.11010178811188938,0.2220854028631583,0.23716854402059867,-0.0015629367775824576,0.5,62,62,67
2016,6,2016_06_DAL_GB,GB,-0.2220854028631583,-0.11010178811188938,-0.04150379429467302,-0.5456274515483611,0.40298507462686567,67,67,62
2016,6,2016_06_DEN_SD,DEN,-0.11695387032923667,0.08248760583416556,-0.19701535262166278,0.1432459471211481,0.4264705882352941,68,68,60
2016,6,2016_06_DEN_SD,LAC,-0.08248760583416556,0.11695387032923667,0.0853502784946934,-0.26190051666846303,0.35,60,60,68
2016,6,2016_06_IND_HOU,HOU,0.06224726470760288,-0.04688040607006679,0.10604322975487397,-0.002635646473539491,0.47761194029850745,67,67,67
2016,6,2016_06_IND_HOU,IND,0.04688040607006679,-0.06224726470760288,0.01234777424210925,0.08465047213189535,0.47761194029850745,67,67,67
2016,6,2016_06_JAX_CHI,CHI,0.009327594646556494,0.08809114994977543,0.04848856257984867,-0.06319271634102161,0.38961038961038963,77,77,54
2016,6,2016_06_JAX_CHI,JAX,-0.08809114994977543,-0.009327594646556494,-0.00874037810947976,-0.23426362439242535,0.4444444444444444,54,54,77
2016,6,2016_06_KC_OAK,KC,0.2727439838674476,0.20083049288132565,0.45967311657953075,0.15468347899665816,0.4838709677419355,62,62,52
2016,6,2016_06_KC_OAK,LV,-0.20083049288132565,-0.2727439838674476,-0.25026007254190497,-0.09906371122719172,0.4807692307692308,52,52,62
2016,6,2016_06_LA_DET,DET,0.278987708293637,-0.3244497897114012,0.5952455646111113,-0.14268943346299542,0.48214285714285715,56,56,55
2016,6,2016_06_LA_DET,LA,0.3244497897114012,-0.278987708293637,0.6389480920642558,-0.14729766381788068,0.6,55,55,56
2016,6,2016_06_NYJ_ARI,ARI,0.18273429458734908,0.26646030307952634,0.24699845834152906,0.11457533302988547,0.5147058823529411,68,68,52
2016,6,2016_06_NYJ_ARI,NYJ,-0.26646030307952634,-0.18273429458734908,-0.29574270931377855,-0.1869794861579846,0.3076923076923077,52,52,68
2016,6,2016_06_PHI_WAS,PHI,-0.08332498382244782,-0.11183679921286593,-0.1607066436662663,0.021140256966707092,0.3829787234042553,47,47,66
2016,6,2016_06_PHI_WAS,WAS,0.11183679921286593,0.08332498382244782,0.033321949735784645,0.1952588267822648,0.48484848484848486,66,66,47
2016,6,2016_06_PIT_MIA,MIA,0.2637291245855587,0.043307417263724966,0.27866641075636545,0.25007217722939257,0.5074626865671642,67,67,53
2016,6,2016_06_PIT_MIA,PIT,-0.043307417263724966,-0.2637291245855587,-0.17991894212785473,0.3027751123920704,0.4339622641509434,53,53,67
2016,6,2016_06_SF_BUF,BUF,0.17843686367224815,0.1019938640178363,0.16921987574499017,0.18486732036568398,0.5068493150684932,73,73,59
2016,6,2016_06_SF_BUF,SF,-0.1019938640178363,-0.17843686367224815,-0.11781137113108275,-0.08324718892065532,0.4067796610169492,59,59,73
2016,7,2016_07_BAL_NYJ,BAL,-0.38521535315823574,0.08636666546835871,-0.3584460126855717,-0.4947262914554978,0.2857142857142857,56,56,65
2016,7,2016_07_BAL_NYJ,NYJ,-0.08636666546835871,0.38521535315823574,0.001232542791091175,-0.14860820817902046,0.4,65,65,56
2016,7,2016_07_BUF_MIA,BUF,0.0664298106620316,-0.20153265127179334,0.07086066480919592,0.059783529441285115,0.38181818181818183,55,55,67
2016,7,2016_07_BUF_MIA,MIA,0.20153265127179334,-0.0664298106620316,0.23453154689400557,0.17925839672680013,0.417910447761194,67,67,55
2016,7,2016_07_CHI_GB,CHI,-0.24916603551389327,-0.11242594237069352,-0.3309636647784602,-0.11925215374075752,0.29545454545454547,44,44,80
2016,7,2016_07_CHI_GB,GB,0.11242594237069352,0.24916603551389327,0.1462828984747165,0.023166694460087456,0.4625,80,80,44
2016,7,2016_07_CLE_CIN,CIN,0.40997270853272433,-0.06601025909000623,0.4009470399370452,0.4192992327482595,0.4918032786885246,61,61,63
2016,7,2016_07_CLE_CIN,CLE,0.06601025909000623,-0.40997270853272433,-0.038022817921119965,0.21405733022122428,0.4444444444444444,63,63,61
2016,7,2016_07_HOU_DEN,DEN,0.0979734581864206,0.26386734658301,0.07903816495897167,0.111896467912486,0.4745762711864407,59,59,67
2016,7,2016_07_HOU_DEN,HOU,-0.26386734658301,-0.0979734581864206,-0.4151895397795863,-0.009646062012761832,0.3880597014925373,67,67,59
2016,7,2016_07_IND_TEN,IND,0.27331467727543374,-0.009884722032379138,0.39432955780652196,0.04778694537658752,0.5555555555555556,63,63,68
2016,7,2016_07_IND_TEN,TEN,0.009884722032379138,-0.27331467727543374,-0.03279214680488748,0.0708516775141886,0.5147058823529411,68,68,63
2016,7,2016_07_MIN_PHI,MIN,-0.3099862928303423,0.3497381519625371,-0.4103879455410903,-0.1284909975455286,0.3698630136986301,73,73,54
2016,7,2016_07_MIN_PHI,PHI,-0.3497381519625371,0.3099862928303423,-0.2340054968603948,-0.47437331899561347,0.4074074074074074,54,54,73
2016,7,2016_07_NE_PIT,NE,0.2507908060948399,0.017516133331714704,0.3325159113155678,0.17490320838987827,0.5370370370370371,54,54,68
2016,7,2016_07_NE_PIT,PIT,-0.017516133331714704,-0.2507908060948399,0.0020984924215027147,-0.058528532633896575,0.4264705882352941,68,68,54
2016,7,2016_07_NO_KC,KC,0.18751759037143576,-0.1266588428086834,0.44968115354034427,-0.05447954486140288,0.48,50,50,70
2016,7,2016_07_NO_KC,NO,0.1266588428086834,-0.18751759037143576,0.2636862432682392,-0.17231003092125652,0.5857142857142857,70,70,50
2016,7,2016_07_NYG_LA,LA,-0.21393434053621263,0.16510312463372762,-0.28270948287711356,-0.021363941981690004,0.39473684210526316,76,76,55
2016,7,2016_07_NYG_LA,NYG,-0.16510312463372762,0.21393434053621263,-0.18423178068374738,-0.12578310941979806,0.4,55,55,76
2016,7,2016_07_OAK_JAX,JAX,-0.1365689299702872,-0.07418316434585427,-0.1884994047045886,0.01576046258366356,0.3220338983050847,59,59,69
2016,7,2016_07_OAK_JAX,LV,0.07418316434585427,0.1365689299702872,0.05237429785534247,0.09939966622550855,0.42028985507246375,69,69,59
2016,7,2016_07_SD_ATL,ATL,0.025956528757246942,-0.09177142503212493,0.08952215745399307,-0.0645022505419687,0.47619047619047616,63,63,74
2016,7,2016_07_SD_ATL,LAC,0.09177142503212493,-0.025956528757246942,0.14440370613450904,-0.011387845928547904,0.5,74,74,63
2016,7,2016_07_SEA_ARI,ARI,-0.09843021210745646,0.1960953530945595,-0.012144261793585732,-0.22202900580029833,0.4222222222222222,90,90,57
2016,7,2016_07_SEA_ARI,SEA,-0.1960953530945595,0.09843021210745646,-0.15383284570307165,-0.28062036787753525,0.40350877192982454,57,57,90
2016,7,2016_07_TB_SF,SF,-0.12497582125746573,-0.21447894512772447,-0.3752067201163813,0.21462325576534827,0.4090909090909091,66,66,72
2016,7,2016_07_TB_SF,TB,0.21447894512772447,0.12497582125746573,0.4776143750572313,0.003970601184119005,0.5277777777777778,72,72,66
2016,7,2016_07_WAS_DET,DET,0.1665529027863934,-0.09583178324457113,0.2664255666050521,-0.0016536889081897321,0.47058823529411764,51,51,70
2016,7,2016_07_WAS_DET,WAS,0.09583178324457113,-0.1665529027863934,0.2927710336698081,-0.1825995708049018,0.5285714285714286,70,70,51
2016,8,2016_08_ARI_CAR,ARI,-0.09135679304532421,0.016724772591673584,-0.06601645189935172,-0.23072866934817285,0.4461538461538462,65,65,64
2016,8,2016_08_ARI_CAR,CAR,-0.016724772591673584,0.09135679304532421,0.09034041631726837,-0.09999769729862844,0.4375,64,64,65
2016,8,2016_08_DET_HOU,DET,-0.05022301093077778,0.022548776185384076,-0.02801759322863016,-0.1168392640372206,0.4107142857142857,56,56,60
2016,8,2016_08_DET_HOU,HOU,-0.022548776185384076,0.05022301093077778,-0.021275843077003767,-0.024003556880675854,0.43333333333333335,60,60,56
2016,8,2016_08_GB_ATL,ATL,0.2678999526158504,-0.23097441833331578,0.32101968471227366,0.16445626379649989,0.5178571428571429,56,56,61
2016,8,2016_08_GB_ATL,GB,0.23097441833331578,-0.2678999526158504,0.24123930749227862,0.20993139555744195,0.47540983606557374,61,61,56
2016,8,2016_08_JAX_TEN,JAX,0.11927127219314743,-0.2206573234890873,0.1188690686519424,0.12114822205210414,0.47058823529411764,68,68,66
2016,8,2016_08_JAX_TEN,TEN,0.2206573234890873,-0.11927127219314743,0.6734439689304199,-0.021530882212090596,0.4090909090909091,66,66,68
2016,8,2016_08_KC_IND,IND,-0.19284295433555868,-0.13336392736885533,-0.22353546868260132,-0.12992329992412124,0.4098360655737705,61,61,70
2016,8,2016_08_KC_IND,KC,0.13336392736885533,0.19284295433555868,0.3085269017399335,-0.1630657215668155,0.38571428571428573,70,70,61
2016,8,2016_08_MIN_CHI,CHI,0.12468758003784444,0.04344070778048539,0.26443020486676966,-0.029511178394073044,0.4426229508196721,61,61,60
2016,8,2016_08_MIN_CHI,MIN,-0.04344070778048539,-0.12468758003784444,0.018334939391592555,-0.18758388451533392,0.38333333333333336,60,60,61
2016,8,2016_08_NE_BUF,BUF,0.02730126016572381,-0.28536070089483534,-0.22643465710425043,0.44694143103529665,0.37681159420289856,69,69,60
2016,8,2016_08_NE_BUF,NE,0.28536070089483534,-0.02730126016572381,0.5262291158152287,-0.13068474305857142,0.4166666666666667,60,60,69
2016,8,2016_08_NYJ_CLE,CLE,0.030684314005495768,-0.19577236220737862,0.09563711021054899,-0.1605655859316054,0.39436619718309857,71,71,70
2016,8,2016_08_NYJ_CLE,NYJ,0.19577236220737862,-0.030684314005495768,0.1783879499426178,0.21417938695830183,0.38571428571428573,70,70,71
2016,8,2016_08_OAK_TB,LV,0.19147307964401422,0.00623822635016182,0.24644757045530633,0.05174624883198015,0.4235294117647059,85,85,62
2016,8,2016_08_OAK_TB,TB,-0.00623822635016182,-0.19147307964401422,0.023641906386923785,-0.044971731750087604,0.3709677419354839,62,62,85
2016,8,2016_08_PHI_DAL,DAL,0.08823154470673504,0.05121848345021668,0.010426211575202262,0.1843440150456873,0.40789473684210525,76,76,71
2016,8,2016_08_PHI_DAL,PHI,-0.05121848345021668,-0.08823154470673504,0.06644636737763698,-0.2816454829880968,0.4507042253521127,71,71,76
2016,8,2016_08_SD_DEN,DEN,-0.24322604615134222,0.2855251816254836,-0.31636750973432665,-0.11920356442367294,0.3548387096774194,62,62,78
2016,8,2016_08_SD_DEN,LAC,-0.2855251816254836,0.24322604615134222,-0.4291174903135494,0.0016594357506479495,0.3333333333333333,78,78,62
2016,8,2016_08_SEA_NO,NO,-0.057536653703847584,0.007653091515513351,0.23669351636542785,-0.3769865526362038,0.4383561643835616,73,73,52
2016,8,2016_08_SEA_NO,SEA,-0.007653091515513351,0.057536653703847584,-0.03575409492588266,0.05020191550583524,0.4807692307692308,52,52,73
2016,8,2016_08_WAS_CIN,CIN,0.13299809023847964,-0.22793711049555326,0.09749908412668482,0.1773718478782232,0.5308641975308642,81,81,87
2016,8,2016_08_WAS_CIN,WAS,0.22793711049555326,-0.13299809023847964,0.4148511895665887,-0.12719963973941406,0.45977011494252873,87,87,81
2016,9,2016_09_ATL_TB,ATL,0.30645686182043236,-0.11334590602726287,0.5127077102258073,0.06797931835171767,0.5217391304347826,69,69,72
2016,9,2016_09_ATL_TB,TB,0.11334590602726287,-0.30645686182043236,0.4078695612737599,-0.6019258281428012,0.5,72,72,69
2016,9,2016_09_BUF_SEA,BUF,0.15996792861265996,-0.1949294729989933,0.16596705090423186,0.1533535117270807,0.524390243902439,82,82,41
2016,9,2016_09_BUF_SEA,SEA,0.1949294729989933,-0.15996792861265996,0.2610673065372575,0.014553563349181786,0.5365853658536586,41,41,82
2016,9,2016_09_CAR_LA,CAR,-0.09056183120091198,0.11588777084509982,-0.028467281664590446,-0.18629092840274097,0.36065573770491804,61,61,67
2016,9,2016_09_CAR_LA,LA,-0.11588777084509982,0.09056183120091198,-0.060391226928518546,-0.27911290001151534,0.3880597014925373,67,67,61
2016,9,2016_09_DAL_CLE,CLE,-0.03143827391329251,-0.43461705180868476,-0.030803713340765704,-0.032951456817010276,0.4090909090909091,44,44,67
2016,9,2016_09_DAL_CLE,DAL,0.43461705180868476,0.03143827391329251,0.8437460214793516,0.14088343255794966,0.5970149253731343,67,67,44
2016,9,2016_09_DEN_OAK,DEN,-0.1072256228201288,-0.061228785610727594,-0.05701840735237561,-0.2703990730903267,0.3137254901960784,51,51,73
2016,9,2016_09_DEN_OAK,LV,0.061228785610727594,0.1072256228201288,-0.041654811737462466,0.14610775342298438,0.4657534246575342,73,73,51
2016,9,2016_09_DET_MIN,DET,-0.1041199801158723,-0.011102945501792994,-0.08942410725885713,-0.12528203702997417,0.3770491803278688,61,61,67
2016,9,2016_09_DET_MIN,MIN,0.011102945501792994,0.1041199801158723,0.12792331024596695,-0.18515526726841927,0.47761194029850745,67,67,61
2016,9,2016_09_IND_GB,GB,0.0982015773862009,-0.07232549617152938,0.1255191379388264,0.026872391498789838,0.47692307692307695,65,65,63
2016,9,2016_09_IND_GB,IND,0.07232549617152938,-0.0982015773862009,0.12046317860643428,-0.0008437811295260822,0.4603174603174603,63,63,65
2016,9,2016_09_JAX_KC,JAX,-0.1182681684262253,0.2825832511363011,-0.010800372589251274,-0.26267801908215915,0.4533333333333333,75,75,54
2016,9,2016_09_JAX_KC,KC,-0.2825832511363011,0.1182681684262253,-0.3540068439191305,-0.15101347495740475,0.2962962962962963,54,54,75
2016,9,2016_09_NO_SF,NO,0.3693126208582941,0.1330790784912788,0.4476134041137332,0.29101183760285493,0.525,80,80,57
2016,9,2016_09_NO_SF,SF,-0.1330790784912788,-0.3693126208582941,0.051306163638038596,-0.5669267070308492,0.42105263157894735,57,57,80
2016,9,2016_09_NYJ_MIA,MIA,0.0029495735589005374,0.05780919979199658,0.028005336345950083,-0.02129793881566354,0.4098360655737705,61,61,53
2016,9,2016_09_NYJ_MIA,NYJ,-0.05780919979199658,-0.0029495735589005374,-0.22871039967337442,0.20261167621772205,0.4339622641509434,53,53,61
2016,9,2016_09_PHI_NYG,NYG,-0.09468251071432289,0.11633373783748538,-0.0092883817017758,-0.2382999095081521,0.3898305084745763,59,59,74
2016,9,2016_09_PHI_NYG,PHI,-0.11633373783748538,0.09468251071432289,-0.020404050764933644,-0.3043559244996868,0.3783783783783784,74,74,59
2016,9,2016_09_PIT_BAL,BAL,-0.18975575908471046,0.1952859351040388,-0.1655173802096785,-0.2202781621125285,0.3442622950819672,61,61,64
2016,9,2016_09_PIT_BAL,PIT,-0.1952859351040388,0.18975575908471046,-0.15752997638613103,-0.2996700562653132,0.3125,64,64,61
2016,9,2016_09_TEN_SD,LAC,0.23752979735046312,0.008146583618401534,0.38081207983555254,0.10220764167010085,0.44285714285714284,70,70,61
2016,9,2016_09_TEN_SD,TEN,-0.008146583618401534,-0.23752979735046312,0.11078554118562135,-0.27104917529045214,0.5081967213114754,61,61,70
2016,10,2016_10_ATL_PHI,ATL,-0.06310722098269073,-0.09215648521113962,-0.04023558085039843,-0.1246847136465546,0.3125,48,48,74
2016,10,2016_10_ATL_PHI,PHI,0.09215648521113962,0.06310722098269073,0.0379136556050605,0.14941280535088977,0.527027027027027,74,74,48
2016,10,2016_10_CHI_TB,CHI,-0.41730348988057714,-0.06479867343468776,-0.585950505107328,-0.13060356399510056,0.3333333333333333,54,54,68
2016,10,2016_10_CHI_TB,TB,0.06479867343468776,0.41730348988057714,0.303382907641727,-0.21996315448984294,0.4117647058823529,68,68,54
2016,10,2016_10_CIN_NYG,CIN,-0.1312373030244906,0.06132060080583739,-0.14153344033037574,-0.11691224242499827,0.3090909090909091,55,55,70
2016,10,2016_10_CIN_NYG,NYG,-0.06132060080583739,0.1312373030244906,-0.13385216256008586,0.06923621035180987,0.4142857142857143,70,70,55
2016,10,2016_10_CLE_BAL,BAL,0.06287854660106512,0.42615831608418375,0.16710936277627747,-0.0771816126343765,0.4533333333333333,75,75,48
2016,10,2016_10_CLE_BAL,CLE,-0.42615831608418375,-0.06287854660106512,-0.4695938289215389,-0.30921655075284293,0.3333333333333333,48,48,75
2016,10,2016_10_DAL_PIT,DAL,0.3293755467198613,-0.0955934391995898,0.3565482914845497,0.29024679425871,0.5409836065573771,61,61,70
2016,10,2016_10_DAL_PIT,PIT,0.0955934391995898,-0.3293755467198613,0.23606839714274258,-0.2814709215951887,0.4714285714285714,70,70,61
2016,10,2016_10_DEN_NO,DEN,-0.03161854527017922,0.16780044058095536,0.10219989095458329,-0.2074942043084385,0.4074074074074074,81,81,51
2016,10,2016_10_DEN_NO,NO,-0.16780044058095536,0.03161854527017922,-0.19042247789135824,-0.13548324442323698,0.47058823529411764,51,51,81
2016,10,2016_10_GB_TEN,GB,0.06782514704588972,-0.318678448087847,0.0530131222424682,0.1313052533462677,0.4189189189189189,74,74,59
2016,10,2016_10_GB_TEN,TEN,0.318678448087847,-0.06782514704588972,0.7778929163099222,-0.1252288711934924,0.4067796610169492,59,59,74
2016,10,2016_10_HOU_JAX,HOU,0.058364340391873576,0.1263468810870721,-0.08065909039552621,0.1763236149993643,0.36065573770491804,61,61,74
2016,10,2016_10_HOU_JAX,JAX,-0.1263468810870721,-0.058364340391873576,0.0009763568385764165,-0.4272927161840595,0.43243243243243246,74,74,61
2016,10,2016_10_KC_CAR,CAR,-0.03272085214710785,0.0202340189970256,-0.05286402299882269,-0.003944893787515217,0.4264705882352941,68,68,62
2016,10,2016_10_KC_CAR,KC,-0.0202340189970256,0.03272085214710785,-0.13491304259558717,0.22059193055995366,0.43548387096774194,62,62,68
2016,10,2016_10_LA_NYJ,LA,-0.05627885851965634,0.09526186586449982,-0.02109368139701978,-0.09373404706955978,0.34375,64,64,58
2016,10,2016_10_LA_NYJ,NYJ,-0.09526186586449982,0.05627885851965634,-0.14125453461857626,-0.03455154310911894,0.3275862068965517,58,58,64
2016,10,2016_10_MIA_SD,LAC,-0.23125632568346016,-0.2491434060587647,-0.19404824963857314,-0.30412214127136394,0.3380281690140845,71,71,49
2016,10,2016_10_MIA_SD,MIA,0.2491434060587647,0.23125632568346016,0.49345913630710625,-0.005352146283257753,0.46938775510204084,49,49,71
2016,10,2016_10_MIN_WAS,MIN,0.022931207869987702,-0.12834870934320505,0.1979270823676204,-0.33539367800611736,0.484375,64,64,61
2016,10,2016_10_MIN_WAS,WAS,0.12834870934320505,-0.022931207869987702,0.3352226378980654,-0.1321592006888413,0.45901639344262296,61,61,64
2016,10,2016_10_SEA_NE,NE,0.057671303322228265,-0.25116316435738223,0.22209628810385904,-0.14198760676975195,0.5,62,62,67
2016,10,2016_10_SEA_NE,SEA,0.25116316435738223,-0.057671303322228265,0.4076634576563392,0.00437424030902688,0.4925373134328358,67,67,62
2016,10,2016_10_SF_ARI,ARI,-0.13549612981694714,0.03044565217368166,-0.13907860989670223,-0.12770812964356654,0.4520547945205479,73,73,61
2016,10,2016_10_SF_ARI,SF,-0.03044565217368166,0.13549612981694714,0.1444388937076306,-0.2365595812480854,0.36065573770491804,61,61,73
2016,11,2016_11_ARI_MIN,ARI,-0.23233254184879654,0.12945957586464782,-0.43322918078379435,0.0690124165537002,0.4142857142857143,70,70,53
2016,11,2016_11_ARI_MIN,MIN,-0.12945957586464782,0.23233254184879654,-0.06654354387516115,-0.2115239654161522,0.39622641509433965,53,53,70
2016,11,2016_11_BAL_DAL,BAL,0.12792440997165822,-0.1944230773159061,0.12541536910863715,0.13356975191345555,0.5192307692307693,52,52,67
2016,11,2016_11_BAL_DAL,DAL,0.1944230773159061,-0.12792440997165822,0.4779414419115816,-0.1552495723520937,0.5223880597014925,67,67,52
2016,11,2016_11_BUF_CIN,BUF,-0.006894006443125051,0.12979621775282016,-0.17834217018252677,0.1393411920404823,0.49206349206349204,63,63,70
2016,11,2016_11_BUF_CIN,CIN,-0.12979621775282016,0.006894006443125051,-0.22425039437718602,0.02063080427857737,0.42857142857142855,70,70,63
2016,11,2016_11_CHI_NYG,CHI,0.046902036570554,-0.1296699907818526,0.10661988849883954,-0.034314242051914336,0.3898305084745763,59,59,62
2016,11,2016_11_CHI_NYG,NYG,0.1296699907818526,-0.046902036570554,0.21078430051632108,0.017357869611050073,0.4032258064516129,62,62,59
2016,11,2016_11_GB_WAS,GB,0.16919266745727563,-0.42462688495693246,0.2102116350503646,0.06988358802137602,0.4461538461538462,65,65,62
2016,11,2016_11_GB_WAS,WAS,0.42462688495693246,-0.16919266745727563,0.7128200996950109,0.11722078923631536,0.46774193548387094,62,62,65
2016,11,2016_11_HOU_OAK,HOU,0.06541928260144306,-0.1402175981636244,0.2539426237700944,-0.16880668672930563,0.4189189189189189,74,74,49
2016,11,2016_11_HOU_OAK,LV,0.1402175981636244,-0.06541928260144306,0.38380230003093174,-0.2792893883856272,0.3877551020408163,49,49,74
2016,11,2016_11_JAX_DET,DET,-0.1882076427658403,0.22738588158908118,0.12177193178730603,-0.7461708769615036,0.375,56,56,61
2016,11,2016_11_JAX_DET,JAX,-0.22738588158908118,0.1882076427658403,-0.04399680675427269,-0.4742557900205541,0.36065573770491804,61,61,56
2016,11,2016_11_MIA_LA,LA,-0.2588619773687414,0.11983070910087247,-0.395143049738658,-0.09734366937476613,0.2711864406779661,59,59,57
2016,11,2016_11_MIA_LA,MIA,-0.11983070910087247,0.2588619773687414,-0.17208355592294156,-0.015325015456734323,0.40350877192982454,57,57,59
2016,11,2016_11_NE_SF,NE,0.18607825829129102,0.026389951281819306,0.22422457675236376,0.13346264662084587,0.43478260869565216,69,69,62
2016,11,2016_11_NE_SF,SF,-0.026389951281819306,-0.18607825829129102,-0.015469350546423653,-0.0405462855684433,0.4032258064516129,62,62,69
2016,11,2016_11_NO_CAR,CAR,-0.1023992065931453,-0.01172108162912194,-0.057729751304172607,-0.16030405604181364,0.3387096774193548,62,62,71
2016,11,2016_11_NO_CAR,NO,0.01172108162912194,0.1023992065931453,-0.002474275153939829,0.039520321995951235,0.4647887323943662,71,71,62
2016,11,2016_11_PHI_SEA,PHI,-0.10149676095071954,-0.13518577744095245,-0.14868676053356225,-0.014376761720856078,0.40540540540540543,74,74,60
2016,11,2016_11_PHI_SEA,SEA,0.13518577744095245,0.10149676095071954,0.2985439312035311,-0.0644741882688659,0.35,60,60,74
2016,11,2016_11_PIT_CLE,CLE,-0.2042790082343798,-0.14485936461811755,-0.1588812229040611,-0.3753937375563503,0.27419354838709675,62,62,65
2016,11,2016_11_PIT_CLE,PIT,0.14485936461811755,0.2042790082343798,0.09935535138133132,0.2049896678238708,0.49230769230769234,65,65,62
2016,11,2016_11_TB_KC,KC,0.1280616128798064,-0.17045507797831078,0.19798627057917015,0.019678393445792607,0.5686274509803921,51,51,74
2016,11,2016_11_TB_KC,TB,0.17045507797831078,-0.1280616128798064,0.41515333823667094,-0.1174252282079953,0.5,74,74,51
2016,11,2016_11_TEN_IND,IND,0.07443102762770602,0.0521991860021465,0.213014308388874,-0.09879807332375397,0.37037037037037035,54,54,70
2016,11,2016_11_TEN_IND,TEN,-0.0521991860021465,-0.07443102762770602,0.09989734467861972,-0.29442699412336676,0.42857142857142855,70,70,54
2016,12,2016_12_ARI_ATL,ARI,-0.03155627860958911,-0.12250109438300515,0.026677383338284216,-0.23121454814515477,0.4032258064516129,62,62,65
2016,12,2016_12_ARI_ATL,ATL,0.12250109438300515,0.03155627860958911,0.1556415713401637,0.07870832126104561,0.5692307692307692,65,65,62
2016,12,2016_12_CAR_OAK,CAR,0.012481440050864654,0.0035640206817930294,-0.11231539051919104,0.17721325640333815,0.3620689655172414,58,58,70
2016,12,2016_12_CAR_OAK,LV,-0.0035640206817930294,-0.012481440050864654,0.24926376765097102,-0.3610102041867353,0.45714285714285713,70,70,58
2016,12,2016_12_CIN_BAL,BAL,-0.12769066459556372,0.08323813650761386,-0.10685770090357422,-0.15338465314901745,0.417910447761194,67,67,71
2016,12,2016_12_CIN_BAL,CIN,-0.08323813650761386,0.12769066459556372,0.057062852899712184,-0.4410056594962953,0.36619718309859156,71,71,67
2016,12,2016_12_GB_PHI,GB,0.3282551705475356,-0.024262264344119405,0.5907565588000856,-0.0812469951264424,0.5,64,64,58
2016,12,2016_12_GB_PHI,PHI,0.024262264344119405,-0.3282551705475356,-0.08886226464921967,0.27565010655153954,0.5,58,58,64
2016,12,2016_12_JAX_BUF,BUF,0.11399626726807596,-0.0490224055301951,0.046360310392312545,0.16763857789368145,0.4230769230769231,52,52,64
2016,12,2016_12_JAX_BUF,JAX,0.0490224055301951,-0.11399626726807596,-0.05913185416596077,0.1331423852938719,0.390625,64,64,52
2016,12,2016_12_KC_DEN,DEN,0.139935979571667,0.06911817847843478,0.4550659500041366,-0.19222804331661178,0.3815789473684211,76,76,75
2016,12,2016_12_KC_DEN,KC,-0.06911817847843478,-0.139935979571667,-0.10666184498834251,0.005969154541380703,0.41333333333333333,75,75,76
2016,12,2016_12_LA_NO,LA,-0.26432954666533454,-0.2732959842966271,-0.2629161686773467,-0.26715630264131024,0.4117647058823529,51,51,70
2016,12,2016_12_LA_NO,NO,0.2732959842966271,0.26432954666533454,0.3614422626468647,0.1686222787557199,0.4714285714285714,70,70,51
2016,12,2016_12_MIN_DET,DET,-0.06859321564184877,0.059956368463564995,-0.10116543290341817,0.0037894893838610086,0.41379310344827586,58,58,53
2016,12,2016_12_MIN_DET,MIN,-0.059956368463564995,0.06859321564184877,-0.1475765670191011,0.14266534069611225,0.4339622641509434,53,53,58
2016,12,2016_12_NE_NYJ,NE,0.10816335456187226,0.034753822937783174,0.10597137636529569,0.11437395945217253,0.43478260869565216,69,69,55
2016,12,2016_12_NE_NYJ,NYJ,-0.034753822937783174,-0.10816335456187226,-0.01965763333582655,-0.05739810734071811,0.45454545454545453,55,55,69
2016,12,2016_12_NYG_CLE,CLE,-0.34689342242276605,-0.03184290040495261,-0.32971969991798433,-0.38778323791034164,0.39436619718309857,71,71,53
2016,12,2016_12_NYG_CLE,NYG,0.03184290040495261,0.34689342242276605,0.2692777753088324,-0.23408415948739275,0.3584905660377358,53,53,71
2016,12,2016_12_PIT_IND,IND,-0.17907213056245522,-0.41129769318620674,-0.11126837659609505,-0.29699170267786423,0.31746031746031744,63,63,50
2016,12,2016_12_PIT_IND,PIT,0.41129769318620674,0.17907213056245522,0.6313867434316004,0.251922863698163,0.5,50,50,63
2016,12,2016_12_SD_HOU,HOU,-0.20134617590656062,-0.10054087036028338,-0.06536483520490156,-0.38769097612735265,0.40625,64,64,49
2016,12,2016_12_SD_HOU,LAC,0.10054087036028338,0.20134617590656062,0.23512090664913374,-0.1312358588038478,0.46938775510204084,49,49,64
2016,12,2016_12_SEA_TB,SEA,-0.34530962129644416,0.014111510189095282,-0.6157115438624974,0.1340392414342866,0.36065573770491804,61,61,60
2016,12,2016_12_SEA_TB,TB,-0.014111510189095282,0.34530962129644416,0.2486776053260205,-0.2440519862648216,0.4666666666666667,60,60,61
2016,12,2016_12_SF_MIA,MIA,0.22579883848192342,-0.13055600657942346,0.42044029618605816,-0.013759878692396272,0.4482758620689655,58,58,72
2016,12,2016_12_SF_MIA,SF,0.13055600657942346,-0.22579883848192342,0.09809030020128423,0.19159153457032516,0.4722222222222222,72,72,58
2016,12,2016_12_TEN_CHI,CHI,-0.023647059243031482,-0.29565769530632313,0.05152186013853039,-0.2081525886341379,0.4473684210526316,76,76,51
2016,12,2016_12_TEN_CHI,TEN,0.29565769530632313,0.023647059243031482,0.5862428030012378,0.056962785414071834,0.5490196078431373,51,51,76
2016,12,2016_12_WAS_DAL,DAL,0.32659133055933365,-0.3243831930550096,0.4128097656966848,0.24675944617289738,0.5384615384615384,52,52,73
2016,12,2016_12_WAS_DAL,WAS,0.3243831930550096,-0.32659133055933365,0.4668122513832507,-0.08041518324630727,0.4794520547945205,73,73,52
2016,13,2016_13_BUF_OAK,BUF,0.07856652728368362,-0.12343516512368412,-0.23237472718530106,0.4827901580933637,0.5217391304347826,69,69,68
2016,13,2016_13_BUF_OAK,LV,0.12343516512368412,-0.07856652728368362,0.24671696278296132,-0.015256857243002742,0.4264705882352941,68,68,69
2016,13,2016_13_CAR_SEA,CAR,-0.2782219243839521,-0.246995320772294,-0.21193349695849148,-0.38238945319539025,0.2962962962962963,54,54,71
2016,13,2016_13_CAR_SEA,SEA,0.246995320772294,0.2782219243839521,0.1873068065198177,0.33344075520691496,0.5070422535211268,71,71,54
2016,13,2016_13_DAL_MIN,DAL,-0.18092383669705123,0.08092517174044045,-0.2999859781098466,-0.08831994893154371,0.3958333333333333,48,48,70
2016,13,2016_13_DAL_MIN,MIN,-0.08092517174044045,0.18092383669705123,-0.07913188661474344,-0.08573872655152197,0.4857142857142857,70,70,48
2016,13,2016_13_DEN_JAX,DEN,-0.28416347307994577,0.35935211368431924,-0.4088778845235156,-0.16835723388234516,0.2962962962962963,54,54,81
2016,13,2016_13_DEN_JAX,JAX,-0.35935211368431924,0.28416347307994577,-0.7159877405398084,0.044209253546892126,0.2716049382716049,81,81,54
2016,13,2016_13_DET_NO,DET,0.2040141987433196,0.1415131714227292,0.32634147146848896,-0.03532176963201167,0.5294117647058824,68,68,56
2016,13,2016_13_DET_NO,NO,-0.1415131714227292,-0.2040141987433196,-0.17264083782145526,-0.027378394627400365,0.4107142857142857,56,56,68
2016,13,2016_13_HOU_GB,GB,-0.028937994468785627,0.050476538659950165,0.21224161193916394,-0.3164982944167255,0.42105263157894735,57,57,64
2016,13,2016_13_HOU_GB,HOU,-0.050476538659950165,0.028937994468785627,-0.09876344877852102,0.01569441224327656,0.421875,64,64,57
2016,13,2016_13_IND_NYJ,IND,0.22106111848435003,0.32171715816367524,0.6801252251013657,-0.15115302201593295,0.44776119402985076,67,67,51
2016,13,2016_13_IND_NYJ,NYJ,-0.32171715816367524,-0.22106111848435003,-0.3057311786013949,-0.368445406114956,0.37254901960784315,51,51,67
2016,13,2016_13_KC_ATL,ATL,-0.0358202443537901,-0.3601726901458783,-0.1392629594228346,0.09520719473366626,0.5588235294117647,68,68,45
2016,13,2016_13_KC_ATL,KC,0.3601726901458783,0.0358202443537901,0.4033802371794501,0.30104657315256955,0.5111111111111111,45,45,68
2016,13,2016_13_LA_NE,LA,-0.37020127711924466,-0.06312101607486789,-0.43884098010490336,-0.16428216816226873,0.20833333333333334,48,48,73
2016,13,2016_13_LA_NE,NE,0.06312101607486789,0.37020127711924466,0.019619757801410207,0.13723427091112914,0.4383561643835616,73,73,48
2016,13,2016_13_MIA_BAL,BAL,0.20937525341551835,0.24384987845055756,0.17283309043898265,0.31470266434788596,0.5454545454545454,66,66,59
2016,13,2016_13_MIA_BAL,MIA,-0.24384987845055756,-0.20937525341551835,-0.2716301431573173,-0.16919041705114068,0.4067796610169492,59,59,66
2016,13,2016_13_NYG_PIT,NYG,-0.2868673854029988,-0.027563013714914607,-0.4142265827032999,0.11480392915948939,0.46296296296296297,54,54,69
2016,13,2016_13_NYG_PIT,PIT,0.027563013714914607,0.2868673854029988,0.27471258432603374,-0.31333294574869797,0.391304347826087,69,69,54
2016,13,2016_13_PHI_CIN,CIN,0.1661889306996151,0.05115626264076559,0.5134166580170847,-0.17018793013918354,0.47619047619047616,63,63,79
2016,13,2016_13_PHI_CIN,PHI,-0.05115626264076559,-0.1661889306996151,-0.06740662975992519,0.0039144259297197136,0.4430379746835443,79,79,63
2016,13,2016_13_SF_CHI,CHI,0.06075441956504196,0.29316334047867554,0.44419399858974545,-0.1309653699473098,0.38596491228070173,57,57,54
2016,13,2016_13_SF_CHI,SF,-0.29316334047867554,-0.06075441956504196,-0.7554926424415697,0.0010462153158934462,0.3148148148148148,54,54,57
2016,13,2016_13_TB_SD,LAC,0.0073727251622537895,-0.1664933433056538,-0.12828781655884275,0.15931253188988193,0.49056603773584906,53,53,59
2016,13,2016_13_TB_SD,TB,0.1664933433056538,-0.0073727251622537895,0.3297341026981623,-0.026977186344726626,0.4745762711864407,59,59,53
2016,13,2016_13_WAS_ARI,ARI,0.2110759215435748,-0.05977640760966453,0.29856134390557587,0.03230136280383348,0.4857142857142857,70,70,56
2016,13,2016_13_WAS_ARI,WAS,0.05977640760966453,-0.2110759215435748,0.007440982779469958,0.17984002927893444,0.44642857142857145,56,56,70
2016,14,2016_14_ARI_MIA,ARI,-0.2268286396893702,0.12786343194416633,-0.20956304149133825,-0.25139891404810794,0.4444444444444444,63,63,57
2016,14,2016_14_ARI_MIA,MIA,-0.12786343194416633,0.2268286396893702,0.3157151818729919,-0.4998971080488797,0.3684210526315789,57,57,63
2016,14,2016_14_ATL_LA,ATL,0.1620945388087676,0.30764082070168997,0.42490907460887684,-0.17430806701537221,0.38596491228070173,57,57,67
2016,14,2016_14_ATL_LA,LA,-0.30764082070168997,-0.1620945388087676,-0.4051205008171647,-0.12115795439382529,0.40298507462686567,67,67,57
2016,14,2016_14_BAL_NE,BAL,0.03427492952457116,-0.17473078436250944,0.08853906918597418,-0.17502960916941188,0.4117647058823529,68,68,64
2016,14,2016_14_BAL_NE,NE,0.17473078436250944,-0.03427492952457116,0.33449029942932657,-0.0744940591417253,0.46875,64,64,68
2016,14,2016_14_CHI_DET,CHI,0.06753733737758162,0.07377523065184222,0.11596899427792152,-0.026477055428960526,0.44,50,50,65
2016,14,2016_14_CHI_DET,DET,-0.07377523065184222,-0.06753733737758162,-0.12375635128360278,-0.0034314312441791925,0.4153846153846154,65,65,50
2016,14,2016_14_CIN_CLE,CIN,0.14990648680526256,0.11259834633255532,0.1211210439293069,0.17414685975343577,0.5571428571428572,70,70,53
2016,14,2016_14_CIN_CLE,CLE,-0.11259834633255532,-0.14990648680526256,-0.3867572836224617,0.2737165198486764,0.33962264150943394,53,53,70
2016,14,2016_14_DAL_NYG,DAL,-0.3698765729892935,0.3348037733189377,-0.6416139306905808,0.06490319933276624,0.24615384615384617,65,65,62
2016,14,2016_14_DAL_NYG,NYG,-0.3348037733189377,0.3698765729892935,-0.38423325596751706,-0.28537429067035835,0.2903225806451613,62,62,65
2016,14,2016_14_DEN_TEN,DEN,-0.12531227712021287,0.08271162305583944,0.038793794864997705,-1.128182717029833,0.421875,64,64,62
2016,14,2016_14_DEN_TEN,TEN,-0.08271162305583944,0.12531227712021287,-0.4997034286306505,0.16320662125751065,0.3870967741935484,62,62,64
2016,14,2016_14_HOU_IND,HOU,-0.03745457221278685,0.1197553918860396,-0.21656394225022152,0.07735912652915844,0.484375,64,64,60
2016,14,2016_14_HOU_IND,IND,-0.1197553918860396,0.03745457221278685,-0.20326433953577164,0.15463115039165132,0.4166666666666667,60,60,64
2016,14,2016_14_MIN_JAX,JAX,-0.03477484790357542,-0.053962628709366835,-0.014795101145509472,-0.06890691528193808,0.3230769230769231,65,65,61
2016,14,2016_14_MIN_JAX,MIN,0.053962628709366835,0.03477484790357542,0.4443066953119068,-0.4375817514567946,0.39344262295081966,61,61,65
2016,14,2016_14_NO_TB,NO,-0.13293767598333983,0.04227219293311638,-0.11466530817046391,-0.18090264149213908,0.39655172413793105,58,58,61
2016,14,2016_14_NO_TB,TB,-0.04227219293311638,0.13293767598333983,0.102158867450704,-0.16481975931938822,0.45901639344262296,61,61,58
2016,14,2016_14_NYJ_SF,NYJ,0.06018295469362649,0.044419588741771064,-0.06842674563965062,0.1887926550269036,0.43902439024390244,82,82,55
2016,14,2016_14_NYJ_SF,SF,-0.044419588741771064,-0.06018295469362649,-0.3520432402572911,0.27459753134839787,0.38181818181818183,55,55,82
2016,14,2016_14_OAK_KC,KC,-0.13594852531712284,0.22561972521040904,-0.06780456340682038,-0.21261048246621309,0.35294117647058826,51,51,73
2016,14,2016_14_OAK_KC,LV,-0.22561972521040904,0.13594852531712284,-0.41850240785178744,0.03570519965855525,0.3287671232876712,73,73,51
2016,14,2016_14_PIT_BUF,BUF,-0.002286107241161517,-0.078154712414497,0.10505972656634792,-0.18119583025367725,0.3541666666666667,48,48,70
2016,14,2016_14_PIT_BUF,PIT,0.078154712414497,0.002286107241161517,-0.19553983005161787,0.2957067846311524,0.5285714285714286,70,70,48
2016,14,2016_14_SD_CAR,CAR,-0.1702502639472483,0.19318833949523526,-0.27411841761335376,-0.09098246246522046,0.3582089552238806,67,67,65
2016,14,2016_14_SD_CAR,LAC,-0.19318833949523526,0.1702502639472483,-0.19952678298079793,-0.1789268416527193,0.3384615384615385,65,65,67
2016,14,2016_14_SEA_GB,GB,0.15220212381108297,0.33012193456039446,0.46678572039893085,-0.15073022845869646,0.4339622641509434,53,53,68
2016,14,2016_14_SEA_GB,SEA,-0.33012193456039446,-0.15220212381108297,-0.5183294396237692,-0.026094426381096818,0.47058823529411764,68,68,53
2016,14,2016_14_WAS_PHI,PHI,-0.03976721163480949,-0.1955235237083451,0.0700390711083861,-0.2551564585541547,0.44155844155844154,77,77,45
2016,14,2016_14_WAS_PHI,WAS,0.1955235237083451,0.03976721163480949,0.16330434361755056,0.23234544381211025,0.4444444444444444,45,45,77
2016,15,2016_15_CAR_WAS,CAR,0.05543043578834242,0.2194627710502416,0.1912452959299424,-0.11009392500923258,0.4225352112676056,71,71,60
2016,15,2016_15_CAR_WAS,WAS,-0.2194627710502416,-0.05543043578834242,-0.19370136310447994,-0.32250840283328824,0.43333333333333335,60,60,71
2016,15,2016_15_CLE_BUF,BUF,0.267194489542634,-0.013209041803433737,0.3216870674872413,0.23177431387863928,0.5757575757575758,66,66,54
2016,15,2016_15_CLE_BUF,CLE,0.013209041803433737,-0.267194489542634,0.0014367520858516363,0.031708354216777035,0.37037037037037035,54,54,66
2016,15,2016_15_DET_NYG,DET,-0.20245581530061746,-0.014963902421617528,-0.021659128457941868,-0.5830804191799345,0.3559322033898305,59,59,62
2016,15,2016_15_DET_NYG,NYG,0.014963902421617528,0.20245581530061746,0.16972515233075025,-0.1301247693681944,0.45161290322580644,62,62,59
2016,15,2016_15_GB_CHI,CHI,0.08820444973872962,-0.2194260422174624,0.10954058322764322,0.03879445639598232,0.5396825396825397,63,63,57
2016,15,2016_15_GB_CHI,GB,0.2194260422174624,-0.08820444973872962,0.07592845691887483,0.43155290744146135,0.45614035087719296,57,57,63
2016,15,2016_15_IND_MIN,IND,0.17295137724042633,0.34951009539745087,0.5588667818020829,-0.09718940595273333,0.4852941176470588,68,68,56
2016,15,2016_15_IND_MIN,MIN,-0.34951009539745087,-0.17295137724042633,-0.25817550515834253,-0.8264796222016836,0.44642857142857145,56,56,68
2016,15,2016_15_JAX_HOU,HOU,-0.19291966745500586,0.3893119056413654,-0.15765869842623828,-0.2500667551912844,0.39473684210526316,76,76,50
2016,15,2016_15_JAX_HOU,JAX,-0.3893119056413654,0.19291966745500586,-0.5309110344807083,-0.17691321238235105,0.26,50,50,76
2016,15,2016_15_LA_SEA,LA,-0.4139013687633728,-0.13420845512748317,-0.41731892898121203,-0.4060610835577416,0.30357142857142855,56,56,55
2016,15,2016_15_LA_SEA,SEA,0.13420845512748317,0.4139013687633728,0.3335839305493557,-0.07255129716186612,0.38181818181818183,55,55,56
2016,15,2016_15_MIA_NYJ,MIA,0.21124245777204836,0.2967393375204528,0.7885301680913759,-0.19499704208229324,0.3695652173913043,46,46,72
2016,15,2016_15_MIA_NYJ,NYJ,-0.2967393375204528,-0.21124245777204836,-0.3675955892969,-0.14578471417063038,0.3611111111111111,72,72,46
2016,15,2016_15_NE_DEN,DEN,-0.3225634905006419,0.07478354555656425,-0.368752720386709,-0.2030148955014096,0.39344262295081966,61,61,72
2016,15,2016_15_NE_DEN,NE,-0.07478354555656425,0.3225634905006419,-0.010096482924687403,-0.1326614437008751,0.3888888888888889,72,72,61
2016,15,2016_15_NO_ARI,ARI,0.21354140886472203,-0.2031691014972973,0.1458706453816338,0.39850816238516323,0.5892857142857143,56,56,81
2016,15,2016_15_NO_ARI,NO,0.2031691014972973,-0.21354140886472203,0.2569646381815196,0.11171668913411943,0.5061728395061729,81,81,56
2016,15,2016_15_OAK_SD,LAC,-0.11093740254882907,0.039258699422156124,0.07349399177193561,-0.3875844940299761,0.38181818181818183,55,55,58
2016,15,2016_15_OAK_SD,LV,-0.039258699422156124,0.11093740254882907,0.12901710932486632,-0.24636738711079914,0.43103448275862066,58,58,55
2016,15,2016_15_PHI_BAL,BAL,-0.07184257055266378,0.05855952335270859,-0.20879507819070203,0.1187000487698242,0.36363636363636365,55,55,82
2016,15,2016_15_PHI_BAL,PHI,-0.05855952335270859,0.07184257055266378,-0.22273928710870675,0.13154336099634192,0.4268292682926829,82,82,55
2016,15,2016_15_PIT_CIN,CIN,-0.09793640444062426,-0.17086907723699202,-0.17024929116120316,-0.02562351772004539,0.42857142857142855,56,56,63
2016,15,2016_15_PIT_CIN,PIT,0.17086907723699202,0.09793640444062426,0.37146152058330884,-0.1145893998327665,0.5079365079365079,63,63,56
2016,15,2016_15_SF_ATL,ATL,0.32243749689262896,0.06287249617744237,0.9020100620861945,-0.03979535635334952,0.5538461538461539,65,65,55
2016,15,2016_15_SF_ATL,SF,-0.06287249617744237,-0.32243749689262896,0.02293365348097203,-0.21303325807966758,0.4,55,55,65
2016,15,2016_15_TB_DAL,DAL,0.07704487065104619,0.134260925322928,0.0708074616253943,0.08489193361880182,0.5142857142857142,70,70,59
2016,15,2016_15_TB_DAL,TB,-0.134260925322928,-0.07704487065104619,-0.07879209074363544,-0.24242515275254845,0.3898305084745763,59,59,70
2016,15,2016_15_TEN_KC,KC,-0.06074025182835083,0.042518672802121224,-0.13222119000397964,0.013293576996407605,0.38596491228070173,57,57,62
2016,15,2016_15_TEN_KC,TEN,-0.042518672802121224,0.06074025182835083,-0.2614935366810052,0.2233793761936665,0.4838709677419355,62,62,57
2016,16,2016_16_ARI_SEA,ARI,0.09089793843596243,0.013641482466773654,0.3290828137122334,-0.14728693684030855,0.44642857142857145,56,56,79
2016,16,2016_16_ARI_SEA,SEA,-0.013641482466773654,-0.09089793843596243,0.1345641464390735,-0.29907454554470153,0.3924050632911392,79,79,56
2016,16,2016_16_ATL_CAR,ATL,0.2585943946514743,0.17440384652957125,0.27696055290307164,0.23027990068026175,0.5081967213114754,61,61,67
2016,16,2016_16_ATL_CAR,CAR,-0.17440384652957125,-0.2585943946514743,-0.339959355611636,0.16423242204737934,0.373134328358209,67,67,61
2016,16,2016_16_BAL_PIT,BAL,0.0870895869280723,-0.1797472113300313,0.11105147731975926,0.04377386198925356,0.3835616438356164,73,73,52
2016,16,2016_16_BAL_PIT,PIT,0.1797472113300313,-0.0870895869280723,0.13497699836887617,0.2458365733203079,0.6538461538461539,52,52,73
2016,16,2016_16_CIN_HOU,CIN,-0.14913073789601342,0.22134793053323037,-0.12909849622593425,-0.1955211922898809,0.42857142857142855,63,63,57
2016,16,2016_16_CIN_HOU,HOU,-0.22134793053323037,0.14913073789601342,-0.2664443149705343,-0.15934040193193746,0.3157894736842105,57,57,63
2016,16,2016_16_DEN_KC,DEN,-0.2561928307399415,-0.17535609256654905,-0.31771802601095633,-0.0672225881218245,0.3333333333333333,57,57,73
2016,16,2016_16_DEN_KC,KC,0.17535609256654905,0.2561928307399415,0.09061506645817163,0.2624510360668258,0.4383561643835616,73,73,57
2016,16,2016_16_DET_DAL,DAL,0.42162118989766056,-0.032622326184750465,0.8340661802106876,0.1191615303347741,0.5192307692307693,52,52,70
2016,16,2016_16_DET_DAL,DET,0.032622326184750465,-0.42162118989766056,-0.05963741127608186,0.26327166983683126,0.45714285714285713,70,70,52
2016,16,2016_16_IND_OAK,IND,0.09117612782973564,-0.22979120952684595,0.34190547391458254,-0.23586214967223856,0.5849056603773585,53,53,69
2016,16,2016_16_IND_OAK,LV,0.22979120952684595,-0.09117612782973564,0.3149761983709011,0.14210077983443625,0.4927536231884058,69,69,53
2016,16,2016_16_MIA_BUF,BUF,0.21243674140541868,-0.2794787239075278,0.4517978053880851,0.007982499253557762,0.5393258426966292,89,89,66
2016,16,2016_16_MIA_BUF,MIA,0.2794787239075278,-0.21243674140541868,0.24999850824280365,0.3025848388879872,0.4696969696969697,66,66,89
2016,16,2016_16_MIN_GB,GB,0.16662201544874913,-0.04961702406183604,0.2567826504492433,-0.09183847155266751,0.43103448275862066,58,58,75
2016,16,2016_16_MIN_GB,MIN,0.04961702406183604,-0.16662201544874913,0.16173392520607066,-0.2386835788804816,0.4666666666666667,75,75,58
2016,16,2016_16_NYG_PHI,NYG,-0.03511400976754316,0.0779488858889434,-0.052563305662612206,0.008858215888030827,0.4318181818181818,88,88,53
2016,16,2016_16_NYG_PHI,PHI,-0.0779488858889434,0.03511400976754316,0.0267163013744446,-0.16456835121036797,0.37735849056603776,53,53,88
2016,16,2016_16_NYJ_NE,NE,0.11839149406845666,0.3643310793158075,0.40759838854782404,-0.1161005825364358,0.417910447761194,67,67,55
2016,16,2016_16_NYJ_NE,NYJ,-0.3643310793158075,-0.11839149406845666,-0.5871002810109696,-0.16460696745117934,0.36363636363636365,55,55,67
2016,16,2016_16_SD_CLE,CLE,-0.05945348366418167,-0.07050406285717752,-0.12240823253260154,0.020868092478285062,0.30303030303030304,66,66,64
2016,16,2016_16_SD_CLE,LAC,0.07050406285717752,0.05945348366418167,0.2195335860582957,-0.2824605973559971,0.375,64,64,66
2016,16,2016_16_SF_LA,LA,-0.27156681131912463,0.04822403535431744,-0.4682744995828086,-0.07485912305544064,0.2857142857142857,56,56,68
2016,16,2016_16_SF_LA,SF,-0.04822403535431744,0.27156681131912463,0.0034391906328226736,-0.12667560074219686,0.4264705882352941,68,68,56
2016,16,2016_16_TB_NO,NO,0.19415176093141873,-0.10057250690350318,0.22247785231331088,0.15898833714700092,0.5538461538461539,65,65,58
2016,16,2016_16_TB_NO,TB,0.10057250690350318,-0.19415176093141873,0.18965954445920596,-0.05639036878987792,0.5172413793103449,58,58,65
2016,16,2016_16_TEN_JAX,JAX,0.10612007917018598,0.1612233858617031,0.3846039724287612,-0.3167628698520949,0.5,68,68,64
2016,16,2016_16_TEN_JAX,TEN,-0.1612233858617031,-0.10612007917018598,-0.14290630629255038,-0.20460594273601218,0.40625,64,64,68
2016,16,2016_16_WAS_CHI,CHI,-0.028392566953305567,-0.341221145995776,-0.1345632802442831,0.13903048092862053,0.5223880597014925,67,67,63
2016,16,2016_16_WAS_CHI,WAS,0.341221145995776,0.028392566953305567,0.20459313198584017,0.4577568050042507,0.5396825396825397,63,63,67
2016,17,2016_17_ARI_LA,ARI,0.032576602152214175,0.7962772163639124,0.12560748124811216,-0.13410372289460307,0.3880597014925373,67,67,57
2016,17,2016_17_ARI_LA,LA,-0.7962772163639124,-0.032576602152214175,-1.102051143094441,-0.309818696565344,0.2807017543859649,57,57,67
2016,17,2016_17_BAL_CIN,BAL,-0.1430016963095051,-0.12341070739049753,-0.26110547065952605,0.25559854212181554,0.45714285714285713,70,70,64
2016,17,2016_17_BAL_CIN,CIN,0.12341070739049753,0.1430016963095051,0.17953533601688015,0.0797582184588666,0.484375,64,64,70
2016,17,2016_17_BUF_NYJ,BUF,-0.40788138014479475,0.09932850109180752,-0.4168945373343626,-0.3969368321288909,0.3548387096774194,62,62,60
2016,17,2016_17_BUF_NYJ,NYJ,-0.09932850109180752,0.40788138014479475,0.17254075053984705,-0.3899473562842659,0.36666666666666664,60,60,62
2016,17,2016_17_CAR_TB,CAR,-0.13310688688282768,0.17225440810616985,-0.17794273421602427,-0.08266655863298153,0.4264705882352941,68,68,62
2016,17,2016_17_CAR_TB,TB,-0.17225440810616985,0.13310688688282768,-0.2839142800813386,0.00454038918784742,0.3387096774193548,62,62,68
2016,17,2016_17_CHI_MIN,CHI,-0.26399740435558317,-0.15826907872611615,-0.40688296173155164,-0.17903842429419653,0.4915254237288136,59,59,59
2016,17,2016_17_CHI_MIN,MIN,0.15826907872611615,0.26399740435558317,0.2857588524071197,-0.015117013480048626,0.4576271186440678,59,59,59
2016,17,2016_17_CLE_PIT,CLE,0.03046854159869013,-0.02840523873886053,0.043633257582263024,0.012915586953926268,0.4935064935064935,77,77,69
2016,17,2016_17_CLE_PIT,PIT,0.02840523873886053,-0.03046854159869013,0.2029997701827641,-0.22725103944685543,0.37681159420289856,69,69,77
2016,17,2016_17_DAL_PHI,DAL,-0.28783939963467375,-0.012043608782820818,-0.32774306947010556,-0.22399352789798285,0.38461538461538464,52,52,75
2016,17,2016_17_DAL_PHI,PHI,0.012043608782820818,0.28783939963467375,0.037254497908689774,-0.025772724905982612,0.48,75,75,52
2016,17,2016_17_GB_DET,DET,0.14117506600656363,-0.31564246919051975,0.22769922963893288,-0.03599345952638292,0.46875,64,64,69
2016,17,2016_17_GB_DET,GB,0.31564246919051975,-0.14117506600656363,0.4058622089753309,0.18353499307704624,0.5942028985507246,69,69,64
2016,17,2016_17_HOU_TEN,HOU,-0.03461716942616531,0.07649154286763736,-0.044459373140485245,-0.01071467469138833,0.4027777777777778,72,72,58
2016,17,2016_17_HOU_TEN,TEN,-0.07649154286763736,0.03461716942616531,-0.0792316464718967,-0.0735557175773595,0.3275862068965517,58,58,72
2016,17,2016_17_JAX_IND,IND,0.0014494153999124598,-0.049686059279072346,0.12586662177661886,-0.23607434222834522,0.46875,64,64,71
2016,17,2016_17_JAX_IND,JAX,0.049686059279072346,-0.0014494153999124598,0.0062201262118563,0.10908950113760094,0.49295774647887325,71,71,64
2016,17,2016_17_KC_SD,KC,0.11109414828837189,-0.08640613868574175,0.3529424989831401,-0.11515108300673385,0.5,60,60,64
2016,17,2016_17_KC_SD,LAC,0.08640613868574175,-0.11109414828837189,0.0721522205647086,0.10723878824725173,0.484375,64,64,60
2016,17,2016_17_NE_MIA,MIA,-0.15144338377694225,-0.31070089350309416,-0.07394064356477055,-0.2660126519166743,0.45614035087719296,57,57,63
2016,17,2016_17_NE_MIA,NE,0.31070089350309416,0.15144338377694225,0.428538011669999,0.17254703082465406,0.5714285714285714,63,63,57
2016,17,2016_17_NO_ATL,ATL,0.35494744804521716,-0.1637438222367314,0.4859241420407293,0.1241789871959814,0.5,58,58,76
2016,17,2016_17_NO_ATL,NO,0.1637438222367314,-0.35494744804521716,0.12264568476821616,0.2527897867518477,0.4473684210526316,76,76,58
2016,17,2016_17_NYG_WAS,NYG,-0.07343100517154125,0.3028340072112771,-0.024513271285155964,-0.10683823806956047,0.34782608695652173,69,69,54
2016,17,2016_17_NYG_WAS,WAS,-0.3028340072112771,0.07343100517154125,-0.2901911227848012,-0.3357055067201145,0.37037037037037035,54,54,69
2016,17,2016_17_OAK_DEN,DEN,-0.04239977431400255,0.5099213860267591,0.25426775939376767,-0.25318986405373406,0.3230769230769231,65,65,51
2016,17,2016_17_OAK_DEN,LV,-0.5099213860267591,0.04239977431400255,-0.5062753628760576,-0.5178970616689185,0.35294117647058826,51,51,65
2016,17,2016_17_SEA_SF,SEA,0.09268980407404044,0.1328518419299814,0.17824763070385105,-0.056106416151717145,0.4126984126984127,63,63,57
2016,17,2016_17_SEA_SF,SF,-0.1328518419299814,-0.09268980407404044,0.15921997987984302,-0.39571648155882333,0.43859649122807015,57,57,63
2017,1,2017_01_ARI_DET,ARI,-0.284850697220739,0.1380092866609023,-0.219935569450256,-0.4651704965831919,0.39705882352941174,68,68,71
2017,1,2017_01_ARI_DET,DET,-0.1380092866609023,0.284850697220739,-0.06555473364816265,-0.25608337305203355,0.39436619718309857,71,71,68
2017,1,2017_01_ATL_CHI,ATL,0.23743666240348593,-0.014205506974099944,0.4223663919823352,-0.04436102076428442,0.4716981132075472,53,53,63
2017,1,2017_01_ATL_CHI,CHI,0.014205506974099944,-0.23743666240348593,-0.15816719002962384,0.4133843842458813,0.38095238095238093,63,63,53
2017,1,2017_01_BAL_CIN,BAL,-0.0724836107787116,0.5229924098625659,-0.01867605032339228,-0.09554399383099128,0.3333333333333333,60,60,58
2017,1,2017_01_BAL_CIN,CIN,-0.5229924098625659,0.0724836107787116,-0.8156722155747249,-0.044061818697214636,0.27586206896551724,58,58,60
2017,1,2017_01_CAR_SF,CAR,-0.037733972891841,0.4132850831266734,0.11152132754726131,-0.14008046462151116,0.3728813559322034,59,59,54
2017,1,2017_01_CAR_SF,SF,-0.4132850831266734,0.037733972891841,-0.39912063170534867,-0.45011265682211765,0.3888888888888889,54,54,59
2017,1,2017_01_IND_LA,IND,-0.6011146708421788,-0.07218504375525056,-1.0218097183231472,-0.14383744531938725,0.3125,48,48,61
2017,1,2017_01_IND_LA,LA,0.07218504375525056,0.6011146708421788,0.3396484253546694,-0.20419378389748225,0.39344262295081966,61,61,48
2017,1,2017_01_JAX_HOU,HOU,-0.5627949609664991,-0.06410933626402254,-0.8379437288202335,-0.012497425259030222,0.3333333333333333,69,69,58
2017,1,2017_01_JAX_HOU,JAX,0.06410933626402254,0.5627949609664991,0.0915870473261571,0.04851387863416237,0.4482758620689655,58,58,69
2017,1,2017_01_KC_NE,KC,0.3587172479441975,0.07264685484992663,0.4621243460799298,0.19498934256262146,0.5645161290322581,62,62,73
2017,1,2017_01_KC_NE,NE,-0.07264685484992663,-0.3587172479441975,0.04497183479804498,-0.20756241062259995,0.3835616438356164,73,73,62
2017,1,2017_01_LAC_DEN,DEN,-0.0077901433759304155,0.06967811300344962,0.17652843993483303,-0.17630999097434272,0.417910447761194,67,67,56
2017,1,2017_01_LAC_DEN,LAC,-0.06967811300344962,0.0077901433759304155,0.07702301208990413,-0.296398033602269,0.42857142857142855,56,56,67
2017,1,2017_01_NO_MIN,MIN,0.3074881349408269,-0.10981391034561601,0.6392758929848845,-0.0835474370396696,0.4098360655737705,61,61,59
2017,1,2017_01_NO_MIN,NO,0.10981391034561601,-0.3074881349408269,0.25636206483405105,-0.1553684644429807,0.4915254237288136,59,59,61
2017,1,2017_01_NYG_DAL,DAL,0.08098915830137392,0.14266522179304536,0.1544624190638971,-0.011444943948252032,0.4857142857142857,70,70,52
2017,1,2017_01_NYG_DAL,NYG,-0.14266522179304536,-0.08098915830137392,-0.14985456901665625,-0.11586856395958668,0.46153846153846156,52,52,70
2017,1,2017_01_NYJ_BUF,BUF,0.08209439103825285,0.20753578981847276,0.13685724276001565,0.03996912048305069,0.37681159420289856,69,69,55
2017,1,2017_01_NYJ_BUF,NYJ,-0.20753578981847276,-0.08209439103825285,-0.313363148592849,0.1023871894493433,0.32727272727272727,55,55,69
2017,1,2017_01_OAK_TEN,LV,0.15262099139271618,-0.05026057678090152,0.2740592655203146,0.0051602299520609385,0.45161290322580644,62,62,63
2017,1,2017_01_OAK_TEN,TEN,0.05026057678090152,-0.15262099139271618,0.11128554484692502,-0.07178935935114546,0.4126984126984127,63,63,62
2017,1,2017_01_PHI_WAS,PHI,-0.050503843926214764,0.26174285747730475,0.22696063363835606,-0.5571781073049962,0.4153846153846154,65,65,61
2017,1,2017_01_PHI_WAS,WAS,-0.26174285747730475,0.050503843926214764,-0.3289831813992265,-0.0877090779146837,0.3770491803278688,61,61,65
2017,1,2017_01_PIT_CLE,CLE,-0.13923128938567386,0.012975655899008773,-0.0673567402771221,-0.24151430157861292,0.3968253968253968,63,63,51
2017,1,2017_01_PIT_CLE,PIT,-0.012975655899008773,0.13923128938567386,0.11800808688260715,-0.35914697610756513,0.37254901960784315,51,51,63
2017,1,2017_01_SEA_GB,GB,0.008339308617079115,0.2603175031690255,0.04721125915299337,-0.06318508036900311,0.43661971830985913,71,71,48
2017,1,2017_01_SEA_GB,SEA,-0.2603175031690255,-0.008339308617079115,-0.3442678499190165,-0.12040025858570719,0.3958333333333333,48,48,71
2017,2,2017_02_ARI_IND,ARI,-0.04218540370940972,0.15061040637606232,0.03340955290748217,-0.16817699807089617,0.390625,64,64,70
2017,2,2017_02_ARI_IND,IND,-0.15061040637606232,0.04218540370940972,-0.14654088860969416,-0.15636386252851386,0.37142857142857144,70,70,64
2017,2,2017_02_BUF_CAR,BUF,-0.264023381092287,0.11343226320666595,-0.20944227334533178,-0.3304699470451021,0.3333333333333333,51,51,65
2017,2,2017_02_BUF_CAR,CAR,-0.11343226320666595,0.264023381092287,-0.025267038351988708,-0.23751665374287836,0.4,65,65,51
2017,2,2017_02_CHI_TB,CHI,-0.24480002000364626,0.009347178501389561,-0.14541481542097323,-0.5305324831788312,0.43548387096774194,62,62,65
2017,2,2017_02_CHI_TB,TB,-0.009347178501389561,0.24480002000364626,0.04694795840280653,-0.06740153843384178,0.4307692307692308,65,65,62
2017,2,2017_02_CLE_BAL,BAL,-0.03437772261462624,0.21562829326307498,0.18524851041838078,-0.2894275416206989,0.43283582089552236,67,67,66
2017,2,2017_02_CLE_BAL,CLE,-0.21562829326307498,0.03437772261462624,-0.29990467047771785,-0.03503605637455448,0.30303030303030304,66,66,67
2017,2,2017_02_DAL_DEN,DAL,-0.3447378533494999,-0.07579946305690452,-0.35874362289228034,-0.29271642361917266,0.3939393939393939,66,66,72
2017,2,2017_02_DAL_DEN,DEN,0.07579946305690452,0.3447378533494999,0.16782969585624036,-0.006543376816185436,0.5277777777777778,72,72,66
2017,2,2017_02_DET_NYG,DET,-0.07688955501562841,0.2588003296484451,-0.038065519811862424,-0.1060075814184529,0.3392857142857143,56,56,55
2017,2,2017_02_DET_NYG,NYG,-0.2588003296484451,0.07688955501562841,-0.22835340591169567,-0.32138567288509673,0.32727272727272727,55,55,56
2017,2,2017_02_GB_ATL,ATL,0.1953748640586725,-0.0795574072824767,0.27842671697810417,0.10001903292895467,0.5344827586206896,58,58,68
2017,2,2017_02_GB_ATL,GB,0.0795574072824767,-0.1953748640586725,0.08145464835032967,0.07223947744932957,0.5441176470588235,68,68,58
2017,2,2017_02_HOU_CIN,CIN,-0.3120639916819788,0.13743387163282628,-0.2475208929716335,-0.4142572313066921,0.3064516129032258,62,62,62
2017,2,2017_02_HOU_CIN,HOU,-0.13743387163282628,0.3120639916819788,-0.1773851614207638,-0.10661430522498877,0.4032258064516129,62,62,62
2017,2,2017_02_MIA_LAC,LAC,0.19042103231728194,-0.12911986779411752,0.2877295663839201,-0.0876033507302557,0.5370370370370371,54,54,67
2017,2,2017_02_MIA_LAC,MIA,0.12911986779411752,-0.19042103231728194,0.23034562338306408,0.011567377432760212,0.417910447761194,67,67,54
2017,2,2017_02_MIN_PIT,MIN,-0.2059371060241449,-0.011574169778325885,-0.29863047349147503,-0.020550371089484543,0.35,60,60,67
2017,2,2017_02_MIN_PIT,PIT,0.011574169778325885,0.2059371060241449,0.1144977224831293,-0.11536487855759833,0.417910447761194,67,67,60
2017,2,2017_02_NE_NO,NE,0.3260636614511642,-0.03852213205077601,0.611943476893253,-0.05203544929482421,0.5277777777777778,72,72,62
2017,2,2017_02_NE_NO,NO,0.03852213205077601,-0.3260636614511642,0.0576103334275133,-0.01200545982882271,0.45161290322580644,62,62,72
2017,2,2017_02_NYJ_OAK,LV,0.41623553158292037,-0.05902309829047514,0.6042343827814746,0.221273759969605,0.509090909090909,55,55,52
2017,2,2017_02_NYJ_OAK,NYJ,0.05902309829047514,-0.41623553158292037,-0.03813620470429654,0.1723756184510421,0.5384615384615384,52,52,55
2017,2,2017_02_PHI_KC,KC,0.1588892998593342,-0.10276186337400094,0.12760229686747382,0.21158319963509903,0.43137254901960786,51,51,69
2017,2,2017_02_PHI_KC,PHI,0.10276186337400094,-0.1588892998593342,0.0704959722894998,0.20145753022071028,0.4927536231884058,69,69,51
2017,2,2017_02_SF_SEA,SEA,-0.05877947273151489,0.2354682420454629,-0.047401164913918756,-0.07326095540845541,0.3466666666666667,75,75,48
2017,2,2017_02_SF_SEA,SF,-0.2354682420454629,0.05877947273151489,-0.5485805431997469,0.24244000708476002,0.2916666666666667,48,48,75
2017,2,2017_02_TEN_JAX,JAX,-0.13297055670508212,-0.18926352447848152,-0.2857636458829634,0.09316321527818218,0.45161290322580644,62,62,62
2017,2,2017_02_TEN_JAX,TEN,0.18926352447848152,0.13297055670508212,0.12581202721105128,0.2415176986987182,0.5161290322580645,62,62,62
2017,2,2017_02_WAS_LA,LA,-0.009902731750735952,-0.12770257581545585,0.18119392674241558,-0.25559843552764505,0.3958333333333333,48,48,68
2017,2,2017_02_WAS_LA,WAS,0.12770257581545585,0.009902731750735952,0.18490906578977878,0.08516441660377985,0.45588235294117646,68,68,48
2017,3,2017_03_ATL_DET,ATL,-0.008076243949192957,0.1336744717483653,-0.151309344569695,0.18820615319742096,0.515625,64,64,66
2017,3,2017_03_ATL_DET,DET,-0.1336744717483653,0.008076243949192957,-0.10603042809958532,-0.2020571060374526,0.3787878787878788,66,66,64
2017,3,2017_03_BAL_JAX,BAL,-0.4609768610313983,-0.2756357509871431,-0.6246783357687647,-0.27108315033605324,0.37037037037037035,54,54,65
2017,3,2017_03_BAL_JAX,JAX,0.2756357509871431,0.4609768610313983,0.42127925777639474,0.12544088461072736,0.46153846153846156,65,65,54
2017,3,2017_03_CIN_GB,CIN,0.052807489592247334,0.08948755276607981,0.2040109985388297,-0.10360993345594131,0.4576271186440678,59,59,65
2017,3,2017_03_CIN_GB,GB,-0.08948755276607981,-0.052807489592247334,-0.10100888247206385,-0.05695673947859546,0.4153846153846154,65,65,59
2017,3,2017_03_CLE_IND,CLE,-0.015463233245890993,0.01929308644757566,-0.13577009317486954,0.25952387516320286,0.42028985507246375,69,69,62
2017,3,2017_03_CLE_IND,IND,-0.01929308644757566,0.015463233245890993,0.09789425485166571,-0.10969474973556187,0.3225806451612903,62,62,69
2017,3,2017_03_DAL_ARI,ARI,-0.0641014437320275,-0.09559513805222443,0.02244056700312227,-0.2866380427652698,0.37333333333333335,75,75,44
2017,3,2017_03_DAL_ARI,DAL,0.09559513805222443,0.0641014437320275,0.19478207148035595,0.020213068646844478,0.36363636363636365,44,44,75
2017,3,2017_03_DEN_BUF,BUF,-0.03058604702683859,0.08369628583854358,0.18685604981175394,-0.24802814386543112,0.38333333333333336,60,60,66
2017,3,2017_03_DEN_BUF,DEN,-0.08369628583854358,0.03058604702683859,-0.158403339576377,0.0559734233234928,0.36363636363636365,66,66,60
2017,3,2017_03_HOU_NE,HOU,0.08860930696516572,-0.08754595840749804,0.19128888207768055,-0.023696478314147368,0.43283582089552236,67,67,61
2017,3,2017_03_HOU_NE,NE,0.08754595840749804,-0.08860930696516572,0.2823136907092909,-0.3117278928111773,0.4262295081967213,61,61,67
2017,3,2017_03_KC_LAC,KC,0.09266180453675511,0.16810829135167926,-0.11451773368521477,0.3081285242876038,0.49019607843137253,51,51,68
2017,3,2017_03_KC_LAC,LAC,-0.16810829135167926,-0.09266180453675511,-0.24532287793477908,-0.0433770361020565,0.39705882352941174,68,68,51
2017,3,2017_03_LA_SF,LA,0.3435518395230923,-0.031107848102949007,0.8036389189525798,-0.07201068383257378,0.5084745762711864,59,59,75
2017,3,2017_03_LA_SF,SF,0.031107848102949007,-0.3435518395230923,0.04079441770592978,0.018779486790064394,0.4,75,75,59
2017,3,2017_03_MIA_NYJ,MIA,-0.3164276759092149,0.02690353791487047,-0.2621444844129049,-0.49013388869740687,0.3333333333333333,63,63,58
2017,3,2017_03_MIA_NYJ,NYJ,-0.02690353791487047,0.3164276759092149,0.42345989904444364,-0.3680879598537448,0.41379310344827586,58,58,63
2017,3,2017_03_NO_CAR,CAR,-0.1882561256353976,-0.2808627454927747,-0.4968534754222101,0.33074850809696893,0.4576271186440678,59,59,57
2017,3,2017_03_NO_CAR,NO,0.2808627454927747,0.1882561256353976,0.4285610310605275,0.11675353930638259,0.45614035087719296,57,57,59
2017,3,2017_03_NYG_PHI,NYG,0.01869233385434233,0.016208909730060766,0.18361731533451606,-0.4372767325908439,0.5,64,64,72
2017,3,2017_03_NYG_PHI,PHI,-0.016208909730060766,-0.01869233385434233,-0.2598137728140522,0.20175333618719474,0.4722222222222222,72,72,64
2017,3,2017_03_OAK_WAS,LV,-0.5165801010977024,-0.12043278733371394,-0.6533972566116685,-0.11753006418196794,0.2553191489361702,47,47,65
2017,3,2017_03_OAK_WAS,WAS,0.12043278733371394,0.5165801010977024,0.645732799228086,-0.3585172235111547,0.4153846153846154,65,65,47
2017,3,2017_03_PIT_CHI,CHI,-0.13104656632716724,0.022211609929849552,-0.30620268121735233,-0.020421651659681923,0.3870967741935484,62,62,59
2017,3,2017_03_PIT_CHI,PIT,-0.022211609929849552,0.13104656632716724,-0.0912505938595169,0.14835529154344626,0.5084745762711864,59,59,62
2017,3,2017_03_SEA_TEN,SEA,0.0838018357711908,-0.025956934808570583,0.20226495680553547,-0.19081721753569914,0.4520547945205479,73,73,65
2017,3,2017_03_SEA_TEN,TEN,0.025956934808570583,-0.0838018357711908,0.07287240357137433,-0.01681893376927987,0.4153846153846154,65,65,73
2017,3,2017_03_TB_MIN,MIN,0.26901570318923307,0.04855266478833051,0.6295632428101526,-0.08092749703107127,0.44776119402985076,67,67,51
2017,3,2017_03_TB_MIN,TB,-0.04855266478833051,-0.26901570318923307,-0.008813744080341893,-0.23400096142561072,0.5098039215686274,51,51,67
2017,4,2017_04_BUF_ATL,ATL,-0.1274889416884757,-0.042349264885202145,-0.2562358098325953,0.06341158693901199,0.4166666666666667,72,72,57
2017,4,2017_04_BUF_ATL,BUF,0.042349264885202145,0.1274889416884757,0.18641434589179293,-0.05510652520749163,0.43859649122807015,57,57,72
2017,4,2017_04_CAR_NE,CAR,0.2978603444364088,-0.18812315478270555,0.6595144658931531,-0.08873544056907658,0.5,60,60,67
2017,4,2017_04_CAR_NE,NE,0.18812315478270555,-0.2978603444364088,0.20330266778599104,0.1497749114059843,0.582089552238806,67,67,60
2017,4,2017_04_CHI_GB,CHI,-0.11578919972746957,-0.2145789064715455,-0.1603075423939264,-0.06533507803881851,0.375,64,64,52
2017,4,2017_04_CHI_GB,GB,0.2145789064715455,0.11578919972746957,0.35371028040013885,0.039152391518101744,0.4423076923076923,52,52,64
2017,4,2017_04_CIN_CLE,CIN,0.13109483375632794,0.2999319995649437,0.38392160600988307,-0.14701461572258268,0.4603174603174603,63,63,61
2017,4,2017_04_CIN_CLE,CLE,-0.2999319995649437,-0.13109483375632794,-0.31011932045776675,-0.273564816077637,0.2786885245901639,61,61,63
2017,4,2017_04_DET_MIN,DET,-0.093708503884376,0.3640975899792244,-0.06106101299778176,-0.1380158129447539,0.3787878787878788,66,66,54
2017,4,2017_04_DET_MIN,MIN,-0.3640975899792244,0.093708503884376,-0.2664938749919169,-0.5060666299607626,0.37037037037037035,54,54,66
2017,4,2017_04_IND_SEA,IND,-0.26925327935264626,-0.2931267367145119,-0.4777844899820935,0.006007918678224086,0.3275862068965517,58,58,63
2017,4,2017_04_IND_SEA,SEA,0.2931267367145119,0.26925327935264626,0.38131843358832895,0.2129524668292237,0.47619047619047616,63,63,58
2017,4,2017_04_JAX_NYJ,JAX,-0.15602516577139156,0.11074507474537996,-0.331832484191735,0.010529135889986432,0.4189189189189189,74,74,68
2017,4,2017_04_JAX_NYJ,NYJ,-0.11074507474537996,0.15602516577139156,-0.034985230461831635,-0.19597489956437186,0.39705882352941174,68,68,74
2017,4,2017_04_LA_DAL,DAL,0.16381976040951335,-0.15393514170926897,0.09981484931030946,0.2539007464009855,0.36923076923076925,65,65,67
2017,4,2017_04_LA_DAL,LA,0.15393514170926897,-0.16381976040951335,0.18585802297000717,0.1145635881543585,0.5074626865671642,67,67,65
2017,4,2017_04_NO_MIA,MIA,-0.27487025319405417,-0.13304145835019787,-0.3015837043294596,-0.21788155743852258,0.40425531914893614,47,47,69
2017,4,2017_04_NO_MIA,NO,0.13304145835019787,0.27487025319405417,0.3706040240867437,-0.21481801290688704,0.43478260869565216,69,69,47
2017,4,2017_04_NYG_TB,NYG,0.036291674644203256,-0.08792098397380729,0.16691787064857116,-0.19230416836344055,0.42857142857142855,77,77,61
2017,4,2017_04_NYG_TB,TB,0.08792098397380729,-0.036291674644203256,0.1482389416649134,-0.02697036400925191,0.4426229508196721,61,61,77
2017,4,2017_04_OAK_DEN,DEN,-0.043902930214474924,0.25288442482138096,0.030617579249063765,-0.12099311241813565,0.3728813559322034,59,59,53
2017,4,2017_04_OAK_DEN,LV,-0.25288442482138096,0.043902930214474924,-0.05071520524495831,-0.7650464477483183,0.3018867924528302,53,53,59
2017,4,2017_04_PHI_LAC,LAC,0.19687097888701904,-0.23208349751168728,0.27698618846256534,-0.04963735826850797,0.41509433962264153,53,53,72
2017,4,2017_04_PHI_LAC,PHI,0.23208349751168728,-0.19687097888701904,0.36924682253056107,0.12235283749658821,0.4583333333333333,72,72,53
2017,4,2017_04_PIT_BAL,BAL,-0.2797342029670596,-0.08025709365042713,-0.22766762493945147,-0.44569642043006025,0.44776119402985076,67,67,73
2017,4,2017_04_PIT_BAL,PIT,0.08025709365042713,0.2797342029670596,0.12077687652581304,0.04863189725988203,0.4383561643835616,73,73,67
2017,4,2017_04_SF_ARI,ARI,-0.09863298056893072,0.12626957227075633,-0.04172738858387833,-0.25309101595693,0.4230769230769231,78,78,79
2017,4,2017_04_SF_ARI,SF,-0.12626957227075633,0.09863298056893072,-0.13817860429225232,-0.10333365874787516,0.35443037974683544,79,79,78
2017,4,2017_04_TEN_HOU,HOU,0.22413323303862667,0.5581692871433915,0.49959695944429977,-0.011978532451950342,0.47435897435897434,78,78,40
2017,4,2017_04_TEN_HOU,TEN,-0.5581692871433915,-0.22413323303862667,-1.069074818364408,0.06627080657118414,0.4,40,40,78
2017,4,2017_04_WAS_KC,KC,0.17078422853126882,-0.06987916377965872,0.19359991512463925,0.14226462028955575,0.5,72,72,49
2017,4,2017_04_WAS_KC,WAS,0.06987916377965872,-0.17078422853126882,0.10865165932059813,0.03265756806035688,0.5102040816326531,49,49,72
2017,5,2017_05_ARI_PHI,ARI,-0.11383358540844313,-0.18116866054517786,-0.0903663486100124,-0.19094022060328694,0.35,60,60,62
2017,5,2017_05_ARI_PHI,PHI,0.18116866054517786,0.11383358540844313,0.5674490065753489,-0.20511168548499323,0.3709677419354839,62,62,60
2017,5,2017_05_BAL_OAK,BAL,0.19964593841085923,0.16976250156210704,0.3414760186754355,0.09721310266422081,0.45161290322580644,62,62,54
2017,5,2017_05_BAL_OAK,LV,-0.16976250156210704,-0.19964593841085923,-0.3698336033006482,0.06231997645460069,0.42592592592592593,54,54,62
2017,5,2017_05_BUF_CIN,BUF,-0.1425064081161169,0.047770386959511676,-0.14514731819266627,-0.13777477756229928,0.29850746268656714,67,67,60
2017,5,2017_05_BUF_CIN,CIN,-0.047770386959511676,0.1425064081161169,0.020238307990573922,-0.15717567883573635,0.38333333333333336,60,60,67
2017,5,2017_05_CAR_DET,CAR,0.11452941869820102,0.18420606743914422,0.4801776875849045,-0.412004088498652,0.36065573770491804,61,61,56
2017,5,2017_05_CAR_DET,DET,-0.18420606743914422,-0.11452941869820102,-0.151768932829146,-0.2728675687064727,0.48214285714285715,56,56,61
2017,5,2017_05_GB_DAL,DAL,0.14080173643449773,-0.33497030251745386,0.14093459918100737,0.14066128153104468,0.4583333333333333,72,72,59
2017,5,2017_05_GB_DAL,GB,0.33497030251745386,-0.14080173643449773,0.30801910751874334,0.37162392771570013,0.5932203389830508,59,59,72
2017,5,2017_05_JAX_PIT,JAX,0.09211595112881538,0.29407566969250887,-0.13259977262714528,0.18929031815841998,0.32075471698113206,53,53,76
2017,5,2017_05_JAX_PIT,PIT,-0.29407566969250887,-0.09211595112881538,-0.3481030094814629,-0.14279911828343755,0.39473684210526316,76,76,53
2017,5,2017_05_KC_HOU,HOU,0.20011340295178975,-0.2726768676775418,0.3641696570994168,-0.03229962375734855,0.46551724137931033,58,58,74
2017,5,2017_05_KC_HOU,KC,0.2726768676775418,-0.20011340295178975,0.688777209353547,-0.19097779876143547,0.4594594594594595,74,74,58
2017,5,2017_05_LAC_NYG,LAC,0.06217546763054421,0.08526530687253116,0.09887902196764096,0.002362267970090249,0.4084507042253521,71,71,67
2017,5,2017_05_LAC_NYG,NYG,-0.08526530687253116,-0.06217546763054421,-0.227054414986921,0.15294039475964383,0.4626865671641791,67,67,71
2017,5,2017_05_MIN_CHI,CHI,-0.10957057978227538,0.028257034695561074,-0.28484345325355037,0.04817500634187211,0.3333333333333333,57,57,67
2017,5,2017_05_MIN_CHI,MIN,-0.028257034695561074,0.10957057978227538,-0.09696750906159977,0.05153577424564516,0.3582089552238806,67,67,57
2017,5,2017_05_NE_TB,NE,0.028019920044469283,0.013061619802029915,0.06170210160088731,-0.03495111503926875,0.5,66,66,67
2017,5,2017_05_NE_TB,TB,-0.013061619802029915,-0.028019920044469283,0.004981511841871181,-0.05546297916519749,0.47761194029850745,67,67,66
2017,5,2017_05_NYJ_CLE,CLE,-0.06694787972433794,0.1185350675544961,0.01741864664974001,-0.16154065171951626,0.4714285714285714,70,70,48
2017,5,2017_05_NYJ_CLE,NYJ,-0.1185350675544961,0.06694787972433794,-0.015019657475776093,-0.34626896972768006,0.4166666666666667,48,48,70
2017,5,2017_05_SEA_LA,LA,-0.21749702589980438,0.2501759017296055,-0.1882964165570095,-0.2812074462840842,0.34285714285714286,70,70,64
2017,5,2017_05_SEA_LA,SEA,-0.2501759017296055,0.21749702589980438,-0.23103820222174867,-0.2820720675760337,0.359375,64,64,70
2017,5,2017_05_SF_IND,IND,0.01866284109814029,-0.09193616151977657,0.017655849916320993,0.01982240670144736,0.4507042253521127,71,71,70
2017,5,2017_05_SF_IND,SF,0.09193616151977657,-0.01866284109814029,0.311796221182667,-0.38775851410834794,0.4142857142857143,70,70,71
2017,5,2017_05_TEN_MIA,MIA,-0.37730738977298456,0.40292098320752834,-0.4591507647449902,-0.3009202397991127,0.27586206896551724,58,58,58
2017,5,2017_05_TEN_MIA,TEN,-0.40292098320752834,0.37730738977298456,-0.41585707282103995,-0.37834241294185633,0.3275862068965517,58,58,58
2017,6,2017_06_CHI_BAL,BAL,-0.4124301206735585,0.127462492703643,-0.647863008684235,-0.004950122193541517,0.352112676056338,71,71,74
2017,6,2017_06_CHI_BAL,CHI,-0.127462492703643,0.4124301206735585,-0.06259019795514262,-0.1531666094907846,0.43243243243243246,74,74,71
2017,6,2017_06_CLE_HOU,CLE,-0.3323575872570413,0.10975330864206095,-0.6106710921659344,0.18631758098225956,0.38095238095238093,63,63,62
2017,6,2017_06_CLE_HOU,HOU,-0.10975330864206095,0.3323575872570413,-0.03639077826882442,-0.17853068086697021,0.3709677419354839,62,62,63
2017,6,2017_06_DET_NO,DET,-0.4025559646785352,0.15327155990071484,-0.43949998615754304,-0.29172390024151157,0.3026315789473684,76,76,67
2017,6,2017_06_DET_NO,NO,-0.15327155990071484,0.4025559646785352,-0.41253609868846713,0.05694293100827348,0.373134328358209,67,67,76
2017,6,2017_06_GB_MIN,GB,-0.37405425022380123,0.21121302315550525,-0.3682879885858331,-0.38390494718866347,0.3230769230769231,65,65,69
2017,6,2017_06_GB_MIN,MIN,-0.21121302315550525,0.37405425022380123,-0.03675324966414645,-0.4250669390481386,0.34782608695652173,69,69,65
2017,6,2017_06_IND_TEN,IND,-0.09901935309652649,-0.11287123368897217,-0.12401720991031882,-0.04902363946894184,0.40350877192982454,57,57,66
2017,6,2017_06_IND_TEN,TEN,0.11287123368897217,0.09901935309652649,0.11995633670992177,0.1057861306680226,0.48484848484848486,66,66,57
2017,6,2017_06_LAC_OAK,LAC,0.029139560311618396,0.1214606610567031,0.07929510679956762,-0.04223564045969397,0.3968253968253968,63,63,53
2017,6,2017_06_LAC_OAK,LV,-0.1214606610567031,-0.029139560311618396,-0.2512214389837803,0.061384071476905694,0.4528301886792453,53,53,63
2017,6,2017_06_LA_JAX,JAX,-0.0594375573698439,0.16689168786542152,-0.18787501660584133,0.13815853376245985,0.3787878787878788,66,66,54
2017,6,2017_06_LA_JAX,LA,-0.16689168786542152,0.0594375573698439,-0.3659714217491694,-0.007627900758423175,0.48148148148148145,54,54,66
2017,6,2017_06_MIA_ATL,ATL,0.010675610171467476,-0.0027149095099573647,0.11010059374512483,-0.17770856923125172,0.4727272727272727,55,55,63
2017,6,2017_06_MIA_ATL,MIA,0.0027149095099573647,-0.010675610171467476,0.04348009312407265,-0.042126792465569454,0.38095238095238093,63,63,55
2017,6,2017_06_NE_NYJ,NE,0.16923158308620265,-0.01792384086101238,0.33607325488928125,-0.09493439726867185,0.45161290322580644,62,62,73
2017,6,2017_06_NE_NYJ,NYJ,0.01792384086101238,-0.16923158308620265,0.05687580079246888,-0.06675433290302349,0.4383561643835616,73,73,62
2017,6,2017_06_NYG_DEN,DEN,-0.2716777206343898,0.0531959207892999,-0.2516207934379144,-0.3431305237718334,0.3150684931506849,73,73,54
2017,6,2017_06_NYG_DEN,NYG,-0.0531959207892999,0.2716777206343898,0.038553674920813956,-0.11627376784000316,0.3148148148148148,54,54,73
2017,6,2017_06_PHI_CAR,CAR,-0.20616566693486477,0.004912541244045421,-0.25065709148166515,-0.11006418991377609,0.3924050632911392,79,79,59
2017,6,2017_06_PHI_CAR,PHI,-0.004912541244045421,0.20616566693486477,0.016770913621788525,-0.03243384934298851,0.4406779661016949,59,59,79
2017,6,2017_06_PIT_KC,KC,-0.13934853865139565,-0.1808859255389576,0.020143260102246586,-0.5327616422437131,0.28846153846153844,52,52,61
2017,6,2017_06_PIT_KC,PIT,0.1808859255389576,0.13934853865139565,0.13548540561985942,0.2146120260502877,0.5245901639344263,61,61,52
2017,6,2017_06_SF_WAS,SF,0.050755682920458324,0.002462731634350078,-0.01591083143807017,0.21742196881677955,0.4142857142857143,70,70,70
2017,6,2017_06_SF_WAS,WAS,-0.002462731634350078,-0.050755682920458324,0.2511492584454577,-0.30362696985412185,0.45714285714285713,70,70,70
2017,6,2017_06_TB_ARI,ARI,0.030925947407094496,-0.07504656826709877,0.0821668098639035,-0.008744397720757632,0.5454545454545454,55,55,68
2017,6,2017_06_TB_ARI,TB,0.07504656826709877,-0.030925947407094496,0.15862294831364315,-0.09970404455749403,0.4411764705882353,68,68,55
2017,7,2017_07_ARI_LA,ARI,-0.38355812758821084,-0.18927859571927344,-0.43283304207225837,-0.23983962700973885,0.2765957446808511,47,47,77
2017,7,2017_07_ARI_LA,LA,0.18927859571927344,0.38355812758821084,0.09569525223112336,0.28046236629747096,0.44155844155844154,77,77,47
2017,7,2017_07_ATL_NE,ATL,0.058944953089609765,-0.23339297332302603,0.008002647535390418,0.1376739707643124,0.5178571428571429,56,56,64
2017,7,2017_07_ATL_NE,NE,0.23339297332302603,-0.058944953089609765,0.4531275119874721,0.02697567942612213,0.53125,64,64,56
2017,7,2017_07_BAL_MIN,BAL,-0.163998847346395,0.04842049512331718,-0.13061920367409172,-0.23743406342546222,0.375,64,64,64
2017,7,2017_07_BAL_MIN,MIN,-0.04842049512331718,0.163998847346395,-0.001371613012368512,-0.09261792983360229,0.453125,64,64,64
2017,7,2017_07_CAR_CHI,CAR,-0.4323283994092813,0.33593273634431287,-0.3269380856911159,-0.5693358072428965,0.3333333333333333,69,69,34
2017,7,2017_07_CAR_CHI,CHI,-0.33593273634431287,0.4323283994092813,-0.270545771602408,-0.3672047629600065,0.3235294117647059,34,34,69
2017,7,2017_07_CIN_PIT,CIN,-0.19843350009410643,-0.043386607982962094,-0.27230380836408585,-0.04145909502040013,0.36,50,50,65
2017,7,2017_07_CIN_PIT,PIT,0.043386607982962094,0.19843350009410643,0.42529930384118253,-0.1953088269284257,0.4307692307692308,65,65,50
2017,7,2017_07_DAL_SF,DAL,0.34457429387902044,0.2185408437921209,0.3765408564457737,0.3232632521678516,0.5142857142857142,70,70,65
2017,7,2017_07_DAL_SF,SF,-0.2185408437921209,-0.34457429387902044,-0.41769304899258547,0.17071119364515075,0.4461538461538462,65,65,70
2017,7,2017_07_DEN_LAC,DEN,-0.36925196083917644,0.13006736763160337,-0.49694122323417106,-0.10043246106024047,0.3050847457627119,59,59,55
2017,7,2017_07_DEN_LAC,LAC,-0.13006736763160337,0.36925196083917644,0.0299381734903677,-0.30853508657534034,0.2727272727272727,55,55,59
2017,7,2017_07_JAX_IND,IND,-0.3006823804210385,-0.24023697554741538,-0.3177116169505059,-0.26066367457679007,0.34328358208955223,67,67,64
2017,7,2017_07_JAX_IND,JAX,0.24023697554741538,0.3006823804210385,0.6331547546581335,-0.06536574153869879,0.515625,64,64,67
2017,7,2017_07_KC_OAK,KC,0.3409197908118624,-0.2467927850416648,0.5946534042345223,-0.06726036991154694,0.5,60,60,73
2017,7,2017_07_KC_OAK,LV,0.2467927850416648,-0.3409197908118624,0.392850600583379,-0.1148741867759132,0.4246575342465753,73,73,60
2017,7,2017_07_NO_GB,GB,0.05105181958425632,-0.2487169082989319,-0.23611912491719111,0.36215367612749105,0.4,50,50,72
2017,7,2017_07_NO_GB,NO,0.2487169082989319,-0.05105181958425632,0.3656498395394112,0.11052344410563819,0.4583333333333333,72,72,50
2017,7,2017_07_NYJ_MIA,MIA,-0.05086738942210758,-0.042800989360936605,0.0863286994783266,-0.27038113166280225,0.4,65,65,51
2017,7,2017_07_NYJ_MIA,NYJ,0.042800989360936605,0.05086738942210758,0.15629540077449444,-0.11933388408700314,0.35294117647058826,51,51,65
2017,7,2017_07_SEA_NYG,NYG,-0.3298123622891969,-0.030692889656861816,-0.43935403898719494,-0.07206724064684857,0.24561403508771928,57,57,70
2017,7,2017_07_SEA_NYG,SEA,0.030692889656861816,0.3298123622891969,0.3067512858358798,-0.33738497191516215,0.44285714285714284,70,70,57
2017,7,2017_07_TB_BUF,BUF,0.1578326055938326,-0.14223609340659404,0.3318195722467753,-0.0214266933819265,0.40298507462686567,67,67,70
2017,7,2017_07_TB_BUF,TB,0.14223609340659404,-0.1578326055938326,0.3620912135524291,-0.25350312285590915,0.45714285714285713,70,70,67
2017,7,2017_07_TEN_CLE,CLE,-0.2768509433336671,0.20102369476234982,-0.2532937459380755,-0.31548474706243723,0.3484848484848485,66,66,68
2017,7,2017_07_TEN_CLE,TEN,-0.20102369476234982,0.2768509433336671,-0.08284813820711458,-0.33397119588698954,0.36764705882352944,68,68,66
2017,7,2017_07_WAS_PHI,PHI,0.20289028063369832,-0.031848840508507455,0.4467975449380313,-0.010528575632593115,0.4166666666666667,60,60,61
2017,7,2017_07_WAS_PHI,WAS,0.031848840508507455,-0.20289028063369832,0.04266420044453714,0.0038561442034894273,0.4918032786885246,61,61,60
2017,8,2017_08_ATL_NYJ,ATL,-0.040126925827379895,0.049312556227522474,0.32634108571143433,-0.3732796635899382,0.38095238095238093,63,63,57
2017,8,2017_08_ATL_NYJ,NYJ,-0.049312556227522474,0.040126925827379895,0.17790797188529414,-0.41079976004336705,0.3508771929824561,57,57,63
2017,8,2017_08_CAR_TB,CAR,-0.08261617660288888,0.2671036155057952,-0.06912307372060644,-0.09750511771437295,0.39344262295081966,61,61,63
2017,8,2017_08_CAR_TB,TB,-0.2671036155057952,0.08261617660288888,-0.40616297756314446,-0.007947531671644274,0.38095238095238093,63,63,61
2017,8,2017_08_CHI_NO,CHI,-0.13358082636002316,0.07711337554397409,-0.2832757943891653,0.035429621414814684,0.3484848484848485,66,66,57
2017,8,2017_08_CHI_NO,NO,-0.07711337554397409,0.13358082636002316,0.20404835353541226,-0.3895152967432922,0.40350877192982454,57,57,66
2017,8,2017_08_DAL_WAS,DAL,0.03951770885460261,0.16891011849855417,0.01872893395830928,0.052310801098475426,0.4444444444444444,63,63,58
2017,8,2017_08_DAL_WAS,WAS,-0.16891011849855417,-0.03951770885460261,-0.15091542406769456,-0.2204949092003517,0.3448275862068966,58,58,63
2017,8,2017_08_DEN_KC,DEN,-0.2193291433409386,0.29425034486292234,-0.33121397185512436,-0.07496162267747306,0.4225352112676056,71,71,58
2017,8,2017_08_DEN_KC,KC,-0.29425034486292234,0.2193291433409386,-0.35407458527325825,-0.215282347521279,0.29310344827586204,58,58,71
2017,8,2017_08_HOU_SEA,HOU,0.17533228910142326,-0.12744489593661493,0.2637466599384235,0.08431749559274655,0.4492753623188406,69,69,62
2017,8,2017_08_HOU_SEA,SEA,0.12744489593661493,-0.17533228910142326,0.3380489589035838,-0.3491853518307356,0.41935483870967744,62,62,69
2017,8,2017_08_IND_CIN,CIN,-0.00898540731097056,0.05087085365138272,0.09177605796223542,-0.17868892777110695,0.39215686274509803,51,51,71
2017,8,2017_08_IND_CIN,IND,-0.05087085365138272,0.00898540731097056,-0.10029416424202071,0.0250292304699542,0.39436619718309857,71,71,51
2017,8,2017_08_LAC_NE,LAC,0.1463798952154532,-0.06699307903931878,0.061282066663813334,0.27200049926787395,0.5192307692307693,52,52,82
2017,8,2017_08_LAC_NE,NE,0.06699307903931878,-0.1463798952154532,0.1824268942274064,-0.11337225719206814,0.43902439024390244,82,82,52
2017,8,2017_08_MIA_BAL,BAL,0.05303009975010635,0.5414883578755383,-0.056802473244530666,0.12130440188190773,0.43333333333333335,60,60,66
2017,8,2017_08_MIA_BAL,MIA,-0.5414883578755383,-0.05303009975010635,-0.6694695772855895,-0.22490323617699018,0.30303030303030304,66,66,60
2017,8,2017_08_MIN_CLE,CLE,-0.1651893546095431,-0.0032150165125051735,-0.319741389674221,0.09473906799923332,0.3559322033898305,59,59,79
2017,8,2017_08_MIN_CLE,MIN,0.0032150165125051735,0.1651893546095431,0.14192479338610878,-0.17116298870002508,0.45569620253164556,79,79,59
2017,8,2017_08_OAK_BUF,BUF,0.14661244896355227,0.1250610508409048,0.2720175245933323,0.049871390620579145,0.5,62,62,63
2017,8,2017_08_OAK_BUF,LV,-0.1250610508409048,-0.14661244896355227,-0.16959167241798334,0.03079612467887013,0.4444444444444444,63,63,62
2017,8,2017_08_PIT_DET,DET,-0.07962973204375574,-0.02058085119659286,0.03027575944181931,-0.3144278274902116,0.43478260869565216,69,69,57
2017,8,2017_08_PIT_DET,PIT,0.02058085119659286,0.07962973204375574,0.3514192283739584,-0.37388029082257374,0.3157894736842105,57,57,69
2017,8,2017_08_SF_PHI,PHI,-0.05764678485698026,0.3597433159800016,-0.09004490226551222,-0.017428432211906104,0.46153846153846156,65,65,64
2017,8,2017_08_SF_PHI,SF,-0.3597433159800016,0.05764678485698026,-0.43655374962357374,-0.23172592657404797,0.359375,64,64,65
2017,9,2017_09_ARI_SF,ARI,-0.09125647519602866,0.3121669207306619,0.06311135722786389,-0.20703234951394806,0.35714285714285715,70,70,73
2017,9,2017_09_ARI_SF,SF,-0.3121669207306619,0.09125647519602866,-0.44179357405863723,0.11483852552619818,0.3698630136986301,73,73,70
2017,9,2017_09_ATL_CAR,ATL,-0.1280360529442026,0.10114628122972735,-0.03711910030946399,-0.34195829443770515,0.43859649122807015,57,57,63
2017,9,2017_09_ATL_CAR,CAR,-0.10114628122972735,0.1280360529442026,-0.1032457444302547,-0.09976505543990673,0.3968253968253968,63,63,57
2017,9,2017_09_BAL_TEN,BAL,-0.02424667748821966,0.043326487930202225,0.07982184840751752,-0.28441799222756264,0.4025974025974026,77,77,50
2017,9,2017_09_BAL_TEN,TEN,-0.043326487930202225,0.02424667748821966,0.01121755825484934,-0.1323194053900232,0.46,50,50,77
2017,9,2017_09_BUF_NYJ,BUF,-0.22638107386950834,-0.17354158856699076,-0.17917636836485124,-0.32722749017491215,0.4057971014492754,69,69,59
2017,9,2017_09_BUF_NYJ,NYJ,0.17354158856699076,0.22638107386950834,0.26224787743785516,0.1245196920857236,0.4067796610169492,59,59,69
2017,9,2017_09_CIN_JAX,CIN,-0.14943418556857588,-0.10744713283961335,-0.1163681640085997,-0.19352221431521077,0.2857142857142857,35,35,77
2017,9,2017_09_CIN_JAX,JAX,0.10744713283961335,0.14943418556857588,0.38816522646507706,-0.1660730609493,0.4935064935064935,77,77,35
2017,9,2017_09_DEN_PHI,DEN,-0.23506299567169936,-0.17492507303554367,-0.1867033382059069,-0.3394180459926199,0.31666666666666665,60,60,66
2017,9,2017_09_DEN_PHI,PHI,0.17492507303554367,0.23506299567169936,0.40444951064642304,-0.016345291640189115,0.48484848484848486,66,66,60
2017,9,2017_09_DET_GB,DET,0.2556055873653722,0.05404530550701992,0.986720288627791,-0.4976641048443927,0.43283582089552236,67,67,58
2017,9,2017_09_DET_GB,GB,-0.05404530550701992,-0.2556055873653722,-0.21597858374114262,0.3364996596458642,0.5172413793103449,58,58,67
2017,9,2017_09_IND_HOU,HOU,-0.1425410121262071,0.01482019079436255,-0.20505084156829867,-0.005614719062577933,0.29850746268656714,67,67,60
2017,9,2017_09_IND_HOU,IND,-0.01482019079436255,0.1425410121262071,0.028375854769072208,-0.06761535759411615,0.45,60,60,67
2017,9,2017_09_KC_DAL,DAL,0.20575209224345878,-0.04040895699544439,0.2526422289939707,0.15432420032354252,0.5076923076923077,65,65,55
2017,9,2017_09_KC_DAL,KC,0.04040895699544439,-0.20575209224345878,0.07362702324446241,-0.022530536950063452,0.4909090909090909,55,55,65
2017,9,2017_09_LA_NYG,LA,0.4097611597845472,0.09233382768408796,1.137560146039201,-0.011596148047094565,0.4166666666666667,60,60,65
2017,9,2017_09_LA_NYG,NYG,-0.09233382768408796,-0.4097611597845472,-0.002101235553841807,-0.2367059750924818,0.4461538461538462,65,65,60
2017,9,2017_09_OAK_MIA,LV,0.2104685179035392,-0.0959516319693977,0.38689002511809567,-0.017409262248596253,0.41818181818181815,55,55,62
2017,9,2017_09_OAK_MIA,MIA,0.0959516319693977,-0.2104685179035392,0.2800735982427777,-0.32074544959667284,0.46774193548387094,62,62,55
2017,9,2017_09_TB_NO,NO,0.17312595843334272,0.2502563896931013,0.435347922570804,-0.08005386900972336,0.5263157894736842,57,57,57
2017,9,2017_09_TB_NO,TB,-0.2502563896931013,-0.17312595843334272,-0.49185278334715543,0.05898699418408796,0.3684210526315789,57,57,57
2017,9,2017_09_WAS_SEA,SEA,-0.03135843392389446,0.18366745337969917,-0.057685911143318315,0.013774384166546432,0.4473684210526316,76,76,60
2017,9,2017_09_WAS_SEA,WAS,-0.18366745337969917,0.03135843392389446,0.01201574841618214,-0.4984621693122039,0.31666666666666665,60,60,76
2017,10,2017_10_CIN_TEN,CIN,-0.18692533921101132,0.09223459087586036,-0.09317441748700933,-0.42799913792987354,0.38,50,50,84
2017,10,2017_10_CIN_TEN,TEN,-0.09223459087586036,0.18692533921101132,-0.22595557337131011,0.08606005245140598,0.42857142857142855,84,84,50
2017,10,2017_10_CLE_DET,CLE,-0.09749014945100593,-0.0953040880008144,-0.3711224832445846,0.2673529622737657,0.4155844155844156,77,77,47
2017,10,2017_10_CLE_DET,DET,0.0953040880008144,0.09749014945100593,0.07689653964491547,0.12778799686416545,0.44680851063829785,47,47,77
2017,10,2017_10_DAL_ATL,ATL,0.05850422967873642,0.18206744798641938,0.346237057656687,-0.19537767736063175,0.375,64,64,59
2017,10,2017_10_DAL_ATL,DAL,-0.18206744798641938,-0.05850422967873642,-0.3095539951911642,0.04862249457454752,0.3898305084745763,59,59,64
2017,10,2017_10_GB_CHI,CHI,-0.13837623579253414,-0.12736502614373071,-0.06537222114876826,-0.3101503878955127,0.2982456140350877,57,57,64
2017,10,2017_10_GB_CHI,GB,0.12736502614373071,0.13837623579253414,0.23752958694344223,0.0416814788550662,0.5,64,64,57
2017,10,2017_10_HOU_LA,HOU,-0.34976646286906726,-0.09637466139937848,-0.439691429172065,-0.20363839262669595,0.31746031746031744,63,63,63
2017,10,2017_10_HOU_LA,LA,0.09637466139937848,0.34976646286906726,0.16963787873647232,-0.04016133454702371,0.3968253968253968,63,63,63
2017,10,2017_10_LAC_JAX,JAX,-0.11930643426102994,0.13691475409050433,-0.15593052240590985,-0.04470181026220046,0.3170731707317073,82,82,66
2017,10,2017_10_LAC_JAX,LAC,-0.13691475409050433,0.11930643426102994,-0.007958962419809642,-0.3014445572565631,0.3939393939393939,66,66,82
2017,10,2017_10_MIA_CAR,CAR,0.4785101487256476,-0.07544481408681264,0.5607736239688533,0.3938271595047006,0.5507246376811594,69,69,53
2017,10,2017_10_MIA_CAR,MIA,0.07544481408681264,-0.4785101487256476,0.14774497927204278,-0.09174931790403207,0.4339622641509434,53,53,69
2017,10,2017_10_MIN_WAS,MIN,0.2608770916025515,-0.02659691852353386,0.5609341382251442,-0.03917995502004111,0.5344827586206896,58,58,72
2017,10,2017_10_MIN_WAS,WAS,0.02659691852353386,-0.2608770916025515,0.06706393735732684,-0.04499857633625372,0.4583333333333333,72,72,58
2017,10,2017_10_NE_DEN,DEN,-0.013084178467373182,-0.16168588774343096,-0.020643434619529014,-0.003845087614738279,0.38333333333333336,60,60,67
2017,10,2017_10_NE_DEN,NE,0.16168588774343096,0.013084178467373182,0.33640449141235607,-0.06725573085722955,0.582089552238806,67,67,60
2017,10,2017_10_NO_BUF,BUF,-0.29156952747898796,-0.43269023393358486,-0.2963979810628357,-0.2819126203112925,0.35555555555555557,45,45,69
2017,10,2017_10_NO_BUF,NO,0.43269023393358486,0.29156952747898796,0.3853061090282654,0.4596130321752437,0.5942028985507246,69,69,45
2017,10,2017_10_NYG_SF,NYG,0.14481979770030667,-0.29797734117733776,0.21448066493889667,0.028718352302656663,0.46875,64,64,55
2017,10,2017_10_NYG_SF,SF,0.29797734117733776,-0.14481979770030667,0.5890024470706795,0.05545641959955295,0.45454545454545453,55,55,64
2017,10,2017_10_NYJ_TB,NYJ,-0.19802035159689801,0.15059345048491965,-0.12656339042328504,-0.3672605227975603,0.28125,64,64,66
2017,10,2017_10_NYJ_TB,TB,-0.15059345048491965,0.19802035159689801,-0.02586912463124218,-0.29141123773907157,0.2878787878787879,66,66,64
2017,10,2017_10_PIT_IND,IND,-0.1336618693904873,-0.026136385372428583,0.03319820969943169,-0.2945626599414806,0.36363636363636365,55,55,63
2017,10,2017_10_PIT_IND,PIT,0.026136385372428583,0.1336618693904873,0.23438254277834766,-0.2029343877740824,0.4444444444444444,63,63,55
2017,10,2017_10_SEA_ARI,ARI,-0.22359855664283834,0.0211603700743896,-0.0334587977177852,-0.6118005644481551,0.3287671232876712,73,73,58
2017,10,2017_10_SEA_ARI,SEA,-0.0211603700743896,0.22359855664283834,0.1451911640578952,-0.2933719713817647,0.3275862068965517,58,58,73
2017,11,2017_11_ARI_HOU,ARI,-0.17936205283115636,-0.0019437782271446418,0.006641084186816847,-0.5513683268671028,0.37037037037037035,54,54,67
2017,11,2017_11_ARI_HOU,HOU,0.0019437782271446418,0.17936205283115636,0.02389228943336464,-0.01935918853183359,0.43283582089552236,67,67,54
2017,11,2017_11_ATL_SEA,ATL,0.1591166959835054,-0.03928182899341467,0.4463660442446237,-0.12813265227761297,0.4107142857142857,56,56,69
2017,11,2017_11_ATL_SEA,SEA,0.03928182899341467,-0.1591166959835054,-0.07729077424694165,0.27242703547412733,0.5362318840579711,69,69,56
2017,11,2017_11_BAL_GB,BAL,-0.18218076809236625,0.5647076872518849,-0.20001892911327027,-0.16006144842644524,0.4107142857142857,56,56,67
2017,11,2017_11_BAL_GB,GB,-0.5647076872518849,0.18218076809236625,-0.6975287005722445,-0.3415683848736808,0.373134328358209,67,67,56
2017,11,2017_11_BUF_LAC,BUF,-0.20717547407416503,-0.22957203278316254,-0.4572696168020702,0.2475411490674808,0.45161290322580644,62,62,69
2017,11,2017_11_BUF_LAC,LAC,0.22957203278316254,0.20717547407416503,0.3446893222962889,0.09646766678361018,0.4927536231884058,69,69,62
2017,11,2017_11_CIN_DEN,CIN,-0.06970593182246804,0.18364422263626445,0.18338263969808058,-0.3544305747830852,0.3137254901960784,51,51,79
2017,11,2017_11_CIN_DEN,DEN,-0.18364422263626445,0.06970593182246804,-0.16715179126578178,-0.2054724406266092,0.4050632911392405,79,79,51
2017,11,2017_11_DET_CHI,CHI,0.10057243077742382,-0.1140072711382937,0.1250339884768271,0.07529548782137378,0.47540983606557374,61,61,57
2017,11,2017_11_DET_CHI,DET,0.1140072711382937,-0.10057243077742382,0.33343973857751275,-0.21037115898924758,0.49122807017543857,57,57,61
2017,11,2017_11_JAX_CLE,CLE,-0.6286663163099783,0.20235825273222244,-0.8492007464944461,-0.14867961532025434,0.2777777777777778,54,54,76
2017,11,2017_11_JAX_CLE,JAX,-0.20235825273222244,0.6286663163099783,-0.2002549069126258,-0.2038879587828382,0.2894736842105263,76,76,54
2017,11,2017_11_KC_NYG,KC,-0.15106098627497294,0.08528354148317858,-0.3166447984288734,0.0887500520168829,0.39436619718309857,71,71,67
2017,11,2017_11_KC_NYG,NYG,-0.08528354148317858,0.15106098627497294,-0.11087719130730683,-0.05556188362290061,0.40298507462686567,67,67,71
2017,11,2017_11_LA_MIN,LA,-0.15657507666360793,-0.1859718185508185,-0.14188476798651545,-0.19146455977170262,0.42592592592592593,54,54,72
2017,11,2017_11_LA_MIN,MIN,0.1859718185508185,0.15657507666360793,0.3214140294896573,0.03459522985446923,0.4722222222222222,72,72,54
2017,11,2017_11_NE_OAK,LV,-0.008637501069742334,-0.32562415048846954,-0.07643058558831028,0.15600284704677983,0.5138888888888888,72,72,58
2017,11,2017_11_NE_OAK,NE,0.32562415048846954,0.008637501069742334,0.5158899556408809,-0.03588087930111215,0.5517241379310345,58,58,72
2017,11,2017_11_PHI_DAL,DAL,-0.4797061596478127,-0.2816873631857554,-0.8136169213661332,-0.017368181883984316,0.3225806451612903,62,62,59
2017,11,2017_11_PHI_DAL,PHI,0.2816873631857554,0.4797061596478127,0.33901327873580434,0.22990911688248536,0.4745762711864407,59,59,62
2017,11,2017_11_TB_MIA,MIA,-0.06338335765720131,-0.010126388250462984,0.0815414532360266,-0.3761158443215352,0.3333333333333333,60,60,62
2017,11,2017_11_TB_MIA,TB,0.010126388250462984,0.06338335765720131,0.16682420661434158,-0.23797849082567812,0.3548387096774194,62,62,60
2017,11,2017_11_TEN_PIT,PIT,0.1553529937503605,0.16501444808654664,0.24671298486477933,-0.08827364922142296,0.5454545454545454,66,66,57
2017,11,2017_11_TEN_PIT,TEN,-0.16501444808654664,-0.1553529937503605,-0.2857309592341791,0.09653799273332374,0.45614035087719296,57,57,66
2017,11,2017_11_WAS_NO,NO,0.22572140465606325,-0.2820255956690298,0.23815378955309482,0.203964731086258,0.5454545454545454,66,66,67
2017,11,2017_11_WAS_NO,WAS,0.2820255956690298,-0.22572140465606325,0.4101600230650096,0.15000830683680816,0.417910447761194,67,67,66
2017,12,2017_12_BUF_KC,BUF,-0.09149501357387252,0.31069820209488314,0.11261736478130875,-0.2722802629741759,0.3787878787878788,66,66,56
2017,12,2017_12_BUF_KC,KC,-0.31069820209488314,0.09149501357387252,-0.27204239982203104,-0.3923048957820154,0.375,56,56,66
2017,12,2017_12_CAR_NYJ,CAR,-0.006558000824041363,0.10153297642772592,-0.03433051475127618,0.020397674458274784,0.31343283582089554,67,67,63
2017,12,2017_12_CAR_NYJ,NYJ,-0.10153297642772592,0.006558000824041363,-0.1299006408837169,-0.061163607778815694,0.4126984126984127,63,63,67
2017,12,2017_12_CHI_PHI,CHI,-0.4471846549057347,-0.10367574054598057,-0.3502611130307859,-0.708132652261366,0.2708333333333333,48,48,70
2017,12,2017_12_CHI_PHI,PHI,0.10367574054598057,0.4471846549057347,0.17505000264121767,0.008510057752331098,0.45714285714285713,70,70,48
2017,12,2017_12_CLE_CIN,CIN,0.15790269384857905,-0.14239567593563215,0.20654811578716056,0.10751993541219106,0.5614035087719298,57,57,66
2017,12,2017_12_CLE_CIN,CLE,0.14239567593563215,-0.15790269384857905,-0.00014695192084615322,0.3033309009348818,0.4393939393939394,66,66,57
2017,12,2017_12_DEN_OAK,DEN,-0.1483132527475327,-0.02047808237342626,-0.11926833119650837,-0.21665424463229582,0.24561403508771928,57,57,60
2017,12,2017_12_DEN_OAK,LV,0.02047808237342626,0.1483132527475327,0.2277889402867079,-0.138053750148495,0.43333333333333335,60,60,57
2017,12,2017_12_GB_PIT,GB,0.18970883500104935,-0.1483502798040846,0.33594790604610014,0.006909996194735868,0.42592592592592593,54,54,71
2017,12,2017_12_GB_PIT,PIT,0.1483502798040846,-0.18970883500104935,0.3207421053289162,-0.18925037851537732,0.5070422535211268,71,71,54
2017,12,2017_12_HOU_BAL,BAL,-0.04553179139125955,0.13641981638117343,-0.16734744240285604,0.0972865580706122,0.3492063492063492,63,63,64
2017,12,2017_12_HOU_BAL,HOU,-0.13641981638117343,0.04553179139125955,-0.1019187796481345,-0.19024143368471413,0.375,64,64,63
2017,12,2017_12_JAX_ARI,ARI,-0.13881574995489962,0.24322122008354533,-0.1318191397837393,-0.1481445635164467,0.37142857142857144,70,70,57
2017,12,2017_12_JAX_ARI,JAX,-0.24322122008354533,0.13881574995489962,-0.2619608147137439,-0.21340822862641123,0.42105263157894735,57,57,70
2017,12,2017_12_LAC_DAL,DAL,-0.2723159528619703,-0.40027042251234657,-0.5237820301170927,0.10488316302071325,0.52,50,50,62
2017,12,2017_12_LAC_DAL,LAC,0.40027042251234657,0.2723159528619703,0.9493025400904509,-0.22449026300756517,0.4838709677419355,62,62,50
2017,12,2017_12_MIA_NE,MIA,-0.2598344469155622,-0.09249340597399702,-0.23022568404103322,-0.3221686845461495,0.4067796610169492,59,59,63
2017,12,2017_12_MIA_NE,NE,0.09249340597399702,0.2598344469155622,0.2950307076018111,-0.0802589983556091,0.4444444444444444,63,63,59
2017,12,2017_12_MIN_DET,DET,-0.1827100334266137,-0.18686479767215616,-0.03451097466550175,-0.558147648954764,0.32075471698113206,53,53,70
2017,12,2017_12_MIN_DET,MIN,0.18686479767215616,0.1827100334266137,0.48715071888972394,-0.06600755703737464,0.4142857142857143,70,70,53
2017,12,2017_12_NO_LA,LA,0.06418064051640641,-0.06481552379336,0.16604532280835396,-0.15806957539329727,0.4,70,70,52
2017,12,2017_12_NO_LA,NO,0.06481552379336,-0.06418064051640641,-0.03643075884013347,0.2732637527446701,0.4230769230769231,52,52,70
2017,12,2017_12_NYG_WAS,NYG,-0.35891504132484664,0.1947226164014694,-0.5497348887041791,-0.09342655801447108,0.2909090909090909,55,55,66
2017,12,2017_12_NYG_WAS,WAS,-0.1947226164014694,0.35891504132484664,-0.27141071362752667,-0.09687918200960319,0.4090909090909091,66,66,55
2017,12,2017_12_SEA_SF,SEA,0.023438455143906026,0.23389904035260578,0.21154557755197015,-0.1971009297483071,0.4444444444444444,63,63,66
2017,12,2017_12_SEA_SF,SF,-0.23389904035260578,-0.023438455143906026,-0.2405014570297984,-0.22234481116751872,0.3333333333333333,66,66,63
2017,12,2017_12_TB_ATL,ATL,0.27717643656347435,-0.0561836618251174,0.6002623774909699,-0.1266809895958951,0.5079365079365079,63,63,68
2017,12,2017_12_TB_ATL,TB,0.0561836618251174,-0.27717643656347435,0.047186593278680605,0.07378662202466765,0.4852941176470588,68,68,63
2017,12,2017_12_TEN_IND,IND,-0.19404415800744484,0.0443320421541334,-0.13837269994047496,-0.2798709891940234,0.36065573770491804,61,61,51
2017,12,2017_12_TEN_IND,TEN,-0.0443320421541334,0.19404415800744484,-0.09306962325295168,0.0025310165947303176,0.4117647058823529,51,51,61
2017,13,2017_13_CAR_NO,CAR,-0.07606653228428496,-0.11934969292992456,-0.14377163811586796,0.012244475322127666,0.39622641509433965,53,53,61
2017,13,2017_13_CAR_NO,NO,0.11934969292992456,0.07606653228428496,0.05003049787132249,0.21916933381431153,0.4262295081967213,61,61,53
2017,13,2017_13_CLE_LAC,CLE,-0.12386697390310926,-0.16848544941469015,-0.10418929154116773,-0.15517237766074354,0.38596491228070173,57,57,67
2017,13,2017_13_CLE_LAC,LAC,0.16848544941469015,0.12386697390310926,0.3463023044520475,-0.1716859254393848,0.4925373134328358,67,67,57
2017,13,2017_13_DEN_MIA,DEN,-0.43991874238080175,0.2705174061204372,-0.6072092003629517,-0.11261132458963877,0.36764705882352944,68,68,64
2017,13,2017_13_DEN_MIA,MIA,-0.2705174061204372,0.43991874238080175,-0.4058621483396533,-0.1171266982719923,0.390625,64,64,68
2017,13,2017_13_DET_BAL,BAL,0.11787431370132263,0.08820922621797903,0.16448447530700344,0.05333716686268767,0.5161290322580645,62,62,61
2017,13,2017_13_DET_BAL,DET,-0.08820922621797903,-0.11787431370132263,0.03412483439448626,-0.27680756966219633,0.39344262295081966,61,61,62
2017,13,2017_13_HOU_TEN,HOU,0.07264659281622501,-0.2283030045307228,0.20097923027727876,-0.2451294618492414,0.4246575342465753,73,73,50
2017,13,2017_13_HOU_TEN,TEN,0.2283030045307228,-0.07264659281622501,0.053097563566637314,0.40350844549480824,0.42,50,50,73
2017,13,2017_13_IND_JAX,IND,-0.07442755360412714,-0.2769750744719994,-0.1567265070931937,0.045855532264508565,0.484375,64,64,66
2017,13,2017_13_IND_JAX,JAX,0.2769750744719994,0.07442755360412714,0.5574841533124908,-0.12820470607537707,0.45454545454545453,66,66,64
2017,13,2017_13_KC_NYJ,KC,0.4678194052576197,-0.22378570357639221,0.48669361321850796,0.40776510720024817,0.4782608695652174,46,46,84
2017,13,2017_13_KC_NYJ,NYJ,0.22378570357639221,-0.4678194052576197,0.5206198646012098,0.0011600828077789616,0.4642857142857143,84,84,46
2017,13,2017_13_LA_ARI,ARI,-0.24017504099463594,0.02984447133737392,-0.40454713406742787,0.03854285595488087,0.3709677419354839,62,62,56
2017,13,2017_13_LA_ARI,LA,-0.02984447133737392,0.24017504099463594,0.11501085572346528,-0.22298490741849286,0.42857142857142855,56,56,62
2017,13,2017_13_MIN_ATL,ATL,-0.08672307022752901,-0.07361904738645535,-0.006046230547498138,-0.19306981344211518,0.35294117647058826,51,51,60
2017,13,2017_13_MIN_ATL,MIN,0.07361904738645535,0.08672307022752901,0.18319593211708707,-0.0516116780199809,0.5,60,60,51
2017,13,2017_13_NE_BUF,BUF,-0.2582168885032423,-0.26330716647173813,-0.7017861685100665,0.3900766745836546,0.359375,64,64,66
2017,13,2017_13_NE_BUF,NE,0.26330716647173813,0.2582168885032423,0.3788179506240214,0.14779638231945488,0.48484848484848486,66,66,64
2017,13,2017_13_NYG_OAK,LV,-0.025143166057625507,0.1899935631457654,0.1900962669858525,-0.3095667025793643,0.38461538461538464,65,65,61
2017,13,2017_13_NYG_OAK,NYG,-0.1899935631457654,0.025143166057625507,-0.2356773422757615,-0.1195644036536881,0.4098360655737705,61,61,65
2017,13,2017_13_PHI_SEA,PHI,-0.04593489555522545,-0.12484448181286673,0.02689292787806911,-0.18038626189361542,0.4594594594594595,74,74,57
2017,13,2017_13_PHI_SEA,SEA,0.12484448181286673,0.04593489555522545,0.31021541779045947,-0.13004055515632332,0.3508771929824561,57,57,74
2017,13,2017_13_PIT_CIN,CIN,0.17777396470224544,-0.09411230760230124,0.17829787864640304,0.17686902243506417,0.48333333333333334,60,60,63
2017,13,2017_13_PIT_CIN,PIT,0.09411230760230124,-0.17777396470224544,0.054418902440073205,0.1680863808591808,0.4603174603174603,63,63,60
2017,13,2017_13_SF_CHI,CHI,-0.1499083271272765,-0.10995878887942696,0.022215984566548073,-0.30391429022175115,0.2777777777777778,36,36,72
2017,13,2017_13_SF_CHI,SF,0.10995878887942696,0.1499083271272765,0.2471863350629981,-0.05221922024661167,0.4861111111111111,72,72,36
2017,13,2017_13_TB_GB,GB,0.05278654487588452,-0.01192865600782414,-0.3912319438957925,0.43337382096589344,0.46153846153846156,52,52,74
2017,13,2017_13_TB_GB,TB,0.01192865600782414,-0.05278654487588452,0.014325796040820567,0.009257557113913835,0.4594594594594595,74,74,52
2017,13,2017_13_WAS_DAL,DAL,0.021766452374235978,0.14905642112134956,-0.09492255179719139,0.0856675737062081,0.4,65,65,60
2017,13,2017_13_WAS_DAL,WAS,-0.14905642112134956,-0.021766452374235978,-0.14586106936231527,-0.15595165386452878,0.4,60,60,65
2017,14,2017_14_BAL_PIT,BAL,0.30528801308024517,-0.21601208556061283,0.22415969239560407,0.4144992140018775,0.5245901639344263,61,61,84
2017,14,2017_14_BAL_PIT,PIT,0.21601208556061283,-0.30528801308024517,0.24316733922266628,0.10898843877487267,0.5357142857142857,84,84,61
2017,14,2017_14_CHI_CIN,CHI,0.2727787177181691,0.30910960244199365,0.41089081885751016,0.15283926146558338,0.5352112676056338,71,71,53
2017,14,2017_14_CHI_CIN,CIN,-0.30910960244199365,-0.2727787177181691,-0.43433232950628736,0.07619109621737152,0.2641509433962264,53,53,71
2017,14,2017_14_DAL_NYG,DAL,0.3452897044385453,0.11888164414092899,0.5626978105293072,0.11235244791272894,0.4827586206896552,58,58,75
2017,14,2017_14_DAL_NYG,NYG,-0.11888164414092899,-0.3452897044385453,-0.19480217222261,0.0015440210920822774,0.4533333333333333,75,75,58
2017,14,2017_14_DET_TB,DET,0.10793438794717365,0.05280414525366402,0.26052235839729704,-0.26505842870868357,0.5,62,62,68
2017,14,2017_14_DET_TB,TB,-0.05280414525366402,-0.10793438794717365,-0.08938026619527102,0.0027373717317392154,0.5147058823529411,68,68,62
2017,14,2017_14_GB_CLE,CLE,0.13925678184023127,-0.1894316174726206,0.21159837604888404,0.055785711599478066,0.4107142857142857,56,56,73
2017,14,2017_14_GB_CLE,GB,0.1894316174726206,-0.13925678184023127,0.26801963378192284,0.047368664913497366,0.5068493150684932,73,73,56
2017,14,2017_14_IND_BUF,BUF,-0.17140096169714525,0.15618146404031302,-0.39045406996072934,-0.1100660913833417,0.296875,64,64,67
2017,14,2017_14_IND_BUF,IND,-0.15618146404031302,0.17140096169714525,-0.2487025223751764,-0.11094894663215761,0.2835820895522388,67,67,64
2017,14,2017_14_MIN_CAR,CAR,0.08951341158926854,0.12456007722738573,-0.09107958472170005,0.2372713176618792,0.43333333333333335,60,60,72
2017,14,2017_14_MIN_CAR,MIN,-0.12456007722738573,-0.08951341158926854,-0.1858865497413659,0.024375641735137572,0.4583333333333333,72,72,60
2017,14,2017_14_NE_MIA,MIA,0.022773758773519365,0.16076295983797073,0.07347098985966491,-0.05233325024299255,0.417910447761194,67,67,55
2017,14,2017_14_NE_MIA,NE,-0.16076295983797073,-0.022773758773519365,-0.14905927959376075,-0.21342952093691564,0.36363636363636365,55,55,67
2017,14,2017_14_NO_ATL,ATL,-0.04732470031322259,-0.02526098684521709,-0.13140773038914025,0.019941723747511526,0.5079365079365079,63,63,52
2017,14,2017_14_NO_ATL,NO,0.02526098684521709,0.04732470031322259,0.037316565263251625,-0.004476106585934758,0.5,52,52,63
2017,14,2017_14_NYJ_DEN,DEN,-0.06755116442671444,0.5505147622551452,0.0650981871846624,-0.19629906452010962,0.2835820895522388,67,67,47
2017,14,2017_14_NYJ_DEN,NYJ,-0.5505147622551452,0.06755116442671444,-0.9240962359961122,-0.12599036027677357,0.2765957446808511,47,47,67
2017,14,2017_14_OAK_KC,KC,0.08951350273387271,0.15810909623359995,0.04349033581458123,0.14416601345053137,0.42857142857142855,70,70,56
2017,14,2017_14_OAK_KC,LV,-0.15810909623359995,-0.08951350273387271,-0.24968943786192682,0.21653775588228283,0.4107142857142857,56,56,70
2017,14,2017_14_PHI_LA,LA,-0.013801445415248798,-0.16583717952248014,-0.2315701839470421,0.3672938470153895,0.5227272727272727,44,44,86
2017,14,2017_14_PHI_LA,PHI,0.16583717952248014,0.013801445415248798,0.307823834948111,-0.062201994342927,0.4069767441860465,86,86,44
2017,14,2017_14_SEA_JAX,JAX,0.18219215035739678,-0.03447873349254677,0.40546540103522627,0.004886921877943928,0.4098360655737705,61,61,57
2017,14,2017_14_SEA_JAX,SEA,0.03447873349254677,-0.18219215035739678,-0.025209312607976396,0.11654979688076612,0.43859649122807015,57,57,61
2017,14,2017_14_SF_HOU,HOU,-0.14150019337685266,-0.04563435084707898,-0.13732734207914024,-0.14893875438581827,0.4375,64,64,62
2017,14,2017_14_SF_HOU,SF,0.04563435084707898,0.14150019337685266,0.2406735313110809,-0.19119893971635196,0.3709677419354839,62,62,64
2017,14,2017_14_TEN_ARI,ARI,-0.18653438313652815,0.41086619359031307,-0.23188328317491957,-0.12942836086596118,0.3770491803278688,61,61,56
2017,14,2017_14_TEN_ARI,TEN,-0.41086619359031307,0.18653438313652815,-0.4584065490541594,-0.3373947351461869,0.3392857142857143,56,56,61
2017,14,2017_14_WAS_LAC,LAC,-0.009486260462977378,0.3118355345155578,-0.030698529537202052,0.012332073441939428,0.43661971830985913,71,71,50
2017,14,2017_14_WAS_LAC,WAS,-0.3118355345155578,0.009486260462977378,-0.34044806444856884,-0.27232299317949493,0.34,50,50,71
2017,15,2017_15_ARI_WAS,ARI,-0.2832529170609669,0.18140566691266535,-0.5541499414590022,0.07528726228937398,0.35443037974683544,79,79,46
2017,15,2017_15_ARI_WAS,WAS,-0.18140566691266535,0.2832529170609669,-0.01599158467080307,-0.4164677837826802,0.34782608695652173,46,46,79
2017,15,2017_15_ATL_TB,ATL,0.25962042313455674,-0.18412685623383676,0.2196612220330455,0.2961545498559384,0.4925373134328358,67,67,53
2017,15,2017_15_ATL_TB,TB,0.18412685623383676,-0.25962042313455674,0.45251689904169845,-0.3377426714481165,0.5283018867924528,53,53,67
2017,15,2017_15_BAL_CLE,BAL,0.03886494241185959,0.38572073530872053,0.1300638242060489,-0.0963609857657314,0.4583333333333333,72,72,58
2017,15,2017_15_BAL_CLE,CLE,-0.38572073530872053,-0.03886494241185959,-0.5434071297376535,-0.06204866253354244,0.3103448275862069,58,58,72
2017,15,2017_15_CHI_DET,CHI,-0.05362713857426625,0.024374863614792217,-0.055476704364194385,-0.04770852804649621,0.4444444444444444,63,63,56
2017,15,2017_15_CHI_DET,DET,-0.024374863614792217,0.05362713857426625,0.028943326113924275,-0.12820502256018748,0.35714285714285715,56,56,63
2017,15,2017_15_CIN_MIN,CIN,-0.5828826034774858,0.02061671137218868,-0.654009006510023,-0.472636678777053,0.2549019607843137,51,51,58
2017,15,2017_15_CIN_MIN,MIN,-0.02061671137218868,0.5828826034774858,-0.04982451375787781,0.004822342318572825,0.3793103448275862,58,58,51
2017,15,2017_15_DAL_OAK,DAL,0.07637282607123093,-0.010220371632469066,-0.039712950258214884,0.18858907652302856,0.4745762711864407,59,59,61
2017,15,2017_15_DAL_OAK,LV,0.010220371632469066,-0.07637282607123093,0.05653539519946769,-0.06630010208691997,0.4426229508196721,61,61,59
2017,15,2017_15_DEN_IND,DEN,0.21752735199626957,0.08337317877292165,0.4737543143596941,0.052403309584284824,0.4594594594594595,74,74,52
2017,15,2017_15_DEN_IND,IND,-0.08337317877292165,-0.21752735199626957,-0.07835529827430529,-0.09078052617564103,0.36538461538461536,52,52,74
2017,15,2017_15_GB_CAR,CAR,0.1587393848542805,-0.057827347910685466,0.3841519573392841,-0.04735210998915136,0.44776119402985076,67,67,66
2017,15,2017_15_GB_CAR,GB,0.057827347910685466,-0.1587393848542805,-0.05556912584842932,0.3383344145779694,0.4696969696969697,66,66,67
2017,15,2017_15_HOU_JAX,HOU,-0.2534358839662413,-0.23776626269473713,-0.4003096794709563,-0.008646224791716253,0.26785714285714285,56,56,66
2017,15,2017_15_HOU_JAX,JAX,0.23776626269473713,0.2534358839662413,0.6225621119124791,-0.08289694498671452,0.4393939393939394,66,66,56
2017,15,2017_15_LAC_KC,KC,0.17465091043413547,0.11251808930149612,0.19914482768240424,0.1509224280998751,0.49206349206349204,63,63,60
2017,15,2017_15_LAC_KC,LAC,-0.11251808930149612,-0.17465091043413547,-0.28467589271359,0.1848453893193933,0.43333333333333335,60,60,63
2017,15,2017_15_LA_SEA,LA,0.06188391555064833,0.51633093036556,-0.05512705636033502,0.1299135503826154,0.4264705882352941,68,68,54
2017,15,2017_15_LA_SEA,SEA,-0.51633093036556,-0.06188391555064833,-0.6931197287348049,-0.13155531038543866,0.2777777777777778,54,54,68
2017,15,2017_15_MIA_BUF,BUF,0.07624954370839987,0.06527852111645366,0.06457086655615468,0.08873364687114473,0.45,60,60,73
2017,15,2017_15_MIA_BUF,MIA,-0.06527852111645366,-0.07624954370839987,-0.1846262951913353,0.23024930040230088,0.4657534246575342,73,73,60
2017,15,2017_15_NE_PIT,NE,0.22695262012501832,-0.1983068172203602,0.19555053180950974,0.29714552341850803,0.5272727272727272,55,55,63
2017,15,2017_15_NE_PIT,PIT,0.1983068172203602,-0.22695262012501832,0.3671439242496395,0.02402335189981386,0.5079365079365079,63,63,55
2017,15,2017_15_NYJ_NO,NO,0.013670062329684663,0.1218981041502552,-0.051916438206050707,0.10111872971066516,0.42857142857142855,63,63,69
2017,15,2017_15_NYJ_NO,NYJ,-0.1218981041502552,-0.013670062329684663,-0.27353133913193517,0.1001362756443476,0.37681159420289856,69,69,63
2017,15,2017_15_PHI_NYG,NYG,0.08378892311335366,-0.1412392031780533,0.1699407603401897,-0.13720926803374744,0.4634146341463415,82,82,65
2017,15,2017_15_PHI_NYG,PHI,0.1412392031780533,-0.08378892311335366,0.2694163685206902,-0.051026544835902035,0.4153846153846154,65,65,82
2017,15,2017_15_TEN_SF,SF,0.1282373608742361,-0.10632923171228281,0.3368899647289048,-0.2985520561012225,0.47761194029850745,67,67,62
2017,15,2017_15_TEN_SF,TEN,0.10632923171228281,-0.1282373608742361,0.25984370770136905,-0.08008120341732188,0.43548387096774194,62,62,67
2017,16,2017_16_ATL_NO,ATL,-0.17893374661464906,0.12542083213882224,0.11161052092557668,-0.8058976923593467,0.36666666666666664,60,60,57
2017,16,2017_16_ATL_NO,NO,-0.12542083213882224,0.17893374661464906,-0.10359593019981322,-0.14802519486136728,0.3508771929824561,57,57,60
2017,16,2017_16_BUF_NE,BUF,-0.0975871308538516,-0.17861171529337588,-0.11940440925981598,-0.057588787109583574,0.38235294117647056,68,68,66
2017,16,2017_16_BUF_NE,NE,0.17861171529337588,0.0975871308538516,0.092841559638904,0.25008684500543577,0.5757575757575758,66,66,68
2017,16,2017_16_CLE_CHI,CHI,-0.007419333846497712,0.3324523790564764,-0.09133990564026005,0.06837989228980375,0.4067796610169492,59,59,57
2017,16,2017_16_CLE_CHI,CLE,-0.3324523790564764,0.007419333846497712,-0.4747368189992207,-0.0692261651623994,0.38596491228070173,57,57,59
2017,16,2017_16_DEN_WAS,DEN,-0.22973855067776233,0.028106772362853,-0.574473147847021,0.2695322452225433,0.352112676056338,71,71,64
2017,16,2017_16_DEN_WAS,WAS,-0.028106772362853,0.22973855067776233,0.23328869752442724,-0.3863153792454223,0.359375,64,64,71
2017,16,2017_16_DET_CIN,CIN,0.008723576293145907,0.05092901749661145,-0.024745100067362677,0.05474300628884521,0.4342105263157895,76,76,59
2017,16,2017_16_DET_CIN,DET,-0.05092901749661145,-0.008723576293145907,-0.19976669514454928,0.19938889491128398,0.4067796610169492,59,59,76
2017,16,2017_16_IND_BAL,BAL,0.10450723808217396,-0.0552465144377704,0.21725802006569594,-0.047123123895665954,0.4411764705882353,68,68,59
2017,16,2017_16_IND_BAL,IND,0.0552465144377704,-0.10450723808217396,0.12388658346132557,-0.04485358622158092,0.423728813559322,59,59,68
2017,16,2017_16_JAX_SF,JAX,-0.0012538725253604887,-0.2518750098779022,0.01346774976854079,-0.02859402821403429,0.475,80,80,65
2017,16,2017_16_JAX_SF,SF,0.2518750098779022,0.0012538725253604887,0.36776091331392485,0.14621433321564622,0.5384615384615384,65,65,80
2017,16,2017_16_LAC_NYJ,LAC,0.030911408763349284,0.2709161427633486,0.17132665963046664,-0.15630892572614055,0.35714285714285715,70,70,61
2017,16,2017_16_LAC_NYJ,NYJ,-0.2709161427633486,-0.030911408763349284,-0.4689510378408276,-0.06628008451662026,0.3442622950819672,61,61,70
2017,16,2017_16_LA_TEN,LA,0.09163351261729591,0.07124769496390046,0.31114144873181243,-0.25957918516593054,0.4461538461538462,65,65,66
2017,16,2017_16_LA_TEN,TEN,-0.07124769496390046,-0.09163351261729591,-0.06509891433718265,-0.08070735746654324,0.36363636363636365,66,66,65
2017,16,2017_16_MIA_KC,KC,0.11585032823721485,0.1286986528529585,0.3665861345111545,-0.19756942960520973,0.4027777777777778,72,72,53
2017,16,2017_16_MIA_KC,MIA,-0.1286986528529585,-0.11585032823721485,-0.13344339414599707,-0.11667864157726081,0.39622641509433965,53,53,72
2017,16,2017_16_MIN_GB,GB,-0.40116778186773167,0.11205286829065861,-0.6137512635238037,-0.038004334038608555,0.2923076923076923,65,65,58
2017,16,2017_16_MIN_GB,MIN,-0.11205286829065861,0.40116778186773167,-0.11122576891328194,-0.11282482770954348,0.3275862068965517,58,58,65
2017,16,2017_16_NYG_ARI,ARI,-0.1811011140687558,0.46682771434986947,-0.15399901915147618,-0.21966947991257676,0.3333333333333333,63,63,67
2017,16,2017_16_NYG_ARI,NYG,-0.46682771434986947,0.1811011140687558,-0.38434870040138314,-0.6606533971288124,0.3880597014925373,67,67,63
2017,16,2017_16_OAK_PHI,LV,-0.504141009822396,0.37978403585590353,-0.6767231602403765,-0.3423452438055392,0.25806451612903225,62,62,62
2017,16,2017_16_OAK_PHI,PHI,-0.37978403585590353,0.504141009822396,-0.40705134911646484,-0.3302071026548828,0.3225806451612903,62,62,62
2017,16,2017_16_PIT_HOU,HOU,-0.2860615536449656,-0.20970170570688282,-0.7616196440115649,0.12155966666926231,0.38461538461538464,52,52,55
2017,16,2017_16_PIT_HOU,PIT,0.20970170570688282,0.2860615536449656,0.3994977036545853,-0.018053491830360143,0.41818181818181815,55,55,52
2017,16,2017_16_SEA_DAL,DAL,-0.24625142180434142,0.12681923401610487,-0.4861942113664151,0.057676111640951905,0.45588235294117646,68,68,51
2017,16,2017_16_SEA_DAL,SEA,-0.12681923401610487,0.24625142180434142,-0.08039285806565506,-0.16808712374983803,0.4117647058823529,51,51,68
2017,16,2017_16_TB_CAR,CAR,-0.1577494815897426,0.03753917981962135,-0.36998304615632094,0.04033517867239715,0.39655172413793105,58,58,57
2017,16,2017_16_TB_CAR,TB,-0.03753917981962135,0.1577494815897426,0.27324746901758973,-0.4648708219707866,0.3333333333333333,57,57,58
2017,17,2017_17_ARI_SEA,ARI,-0.0915402697788917,0.05464909300296264,-0.14145091462133982,-0.036950501982464065,0.3582089552238806,67,67,54
2017,17,2017_17_ARI_SEA,SEA,-0.05464909300296264,0.0915402697788917,0.04541588931716531,-0.20019815819587602,0.35185185185185186,54,54,67
2017,17,2017_17_BUF_MIA,BUF,0.09894465160074037,0.033420883684858536,0.2649071371199785,-0.06701783391849774,0.41935483870967744,62,62,68
2017,17,2017_17_BUF_MIA,MIA,-0.033420883684858536,-0.09894465160074037,-0.04880571077725739,-0.001252608855297281,0.4411764705882353,68,68,62
2017,17,2017_17_CAR_ATL,ATL,-0.020684130959552814,0.30321752743029695,0.14118466868664964,-0.3120479703227172,0.35714285714285715,70,70,59
2017,17,2017_17_CAR_ATL,CAR,-0.30321752743029695,0.020684130959552814,-0.4218356255298173,-0.130232801035163,0.3559322033898305,59,59,70
2017,17,2017_17_CHI_MIN,CHI,-0.44556547506934385,0.04402461686201035,-0.4735531605320613,-0.374663338563793,0.2641509433962264,53,53,65
2017,17,2017_17_CHI_MIN,MIN,-0.04402461686201035,0.44556547506934385,-0.031244320244274475,-0.05567724024876952,0.38461538461538464,65,65,53
2017,17,2017_17_CIN_BAL,BAL,-0.22617303331991534,0.006359842801057959,-0.37672700864454695,0.05177276727940457,0.40540540540540543,74,74,72
2017,17,2017_17_CIN_BAL,CIN,-0.006359842801057959,0.22617303331991534,0.06079486246160635,-0.1118886653566733,0.4166666666666667,72,72,74
2017,17,2017_17_CLE_PIT,CLE,0.004428399159400069,0.08723823387755833,0.05116690881217366,-0.05788961371096472,0.3492063492063492,63,63,57
2017,17,2017_17_CLE_PIT,PIT,-0.08723823387755833,-0.004428399159400069,-0.09229721508260506,-0.08161714364972862,0.43859649122807015,57,57,63
2017,17,2017_17_DAL_PHI,DAL,-0.10291661600669046,0.3885623042376458,0.029196897512226695,-0.23090158222814144,0.3333333333333333,63,63,55
2017,17,2017_17_DAL_PHI,PHI,-0.3885623042376458,0.10291661600669046,-0.5206438957955815,-0.11706125492411149,0.34545454545454546,55,55,63
2017,17,2017_17_GB_DET,DET,0.09938077501099558,0.3356831046881841,0.351344981862068,-0.26711261677238246,0.3888888888888889,54,54,64
2017,17,2017_17_GB_DET,GB,-0.3356831046881841,-0.09938077501099558,-0.3960296349150133,-0.2529860077106773,0.359375,64,64,54
2017,17,2017_17_HOU_IND,HOU,-0.09140046904661712,-0.02982682030128823,-0.04897985759080965,-0.1322499467448021,0.33962264150943394,53,53,60
2017,17,2017_17_HOU_IND,IND,0.02982682030128823,0.09140046904661712,-0.04402251377614798,0.08629984047815122,0.38333333333333336,60,60,53
2017,17,2017_17_JAX_TEN,JAX,-0.29228146797334026,0.36535415235884594,-0.40864389693947917,-0.11773782452413191,0.35,60,60,62
2017,17,2017_17_JAX_TEN,TEN,-0.36535415235884594,0.29228146797334026,-0.13025347583384686,-0.5138387901641085,0.3387096774193548,62,62,60
2017,17,2017_17_KC_DEN,DEN,-0.10762234565730858,-0.0027318288288059184,-0.13460978551367825,-0.07412069618043586,0.49230769230769234,65,65,64
2017,17,2017_17_KC_DEN,KC,0.0027318288288059184,0.10762234565730858,0.17717779140192602,-0.2522276549319081,0.46875,64,64,65
2017,17,2017_17_NO_TB,NO,0.1270850071298445,-0.13877982856211898,0.2801494123847611,-0.061301953183898986,0.4482758620689655,58,58,82
2017,17,2017_17_NO_TB,TB,0.13877982856211898,-0.1270850071298445,0.17204803946505867,0.07461970753502101,0.524390243902439,82,82,58
2017,17,2017_17_NYJ_NE,NE,-0.08409383803537558,0.1375799782823885,-0.1155465664782191,-0.049330296072232736,0.3875,80,80,58
2017,17,2017_17_NYJ_NE,NYJ,-0.1375799782823885,0.08409383803537558,-0.0476386596525579,-0.33744957523756763,0.29310344827586204,58,58,80
2017,17,2017_17_OAK_LAC,LAC,0.2818150375066316,0.143140957953144,0.4977230985066348,-0.011203045279086967,0.5606060606060606,66,66,53
2017,17,2017_17_OAK_LAC,LV,-0.143140957953144,-0.2818150375066316,-0.016304317216457347,-0.3085800545662135,0.39622641509433965,53,53,66
2017,17,2017_17_SF_LA,LA,-0.22038591122615336,-0.16698944696317275,-0.39236585746057223,0.024354781492058046,0.3492063492063492,63,63,61
2017,17,2017_17_SF_LA,SF,0.16698944696317275,0.22038591122615336,0.26419399026090706,0.052426949505128766,0.4426229508196721,61,61,63
2017,17,2017_17_WAS_NYG,NYG,-0.0833769777860387,0.3836125615931993,-0.4402798591925983,0.18647642035062834,0.3472222222222222,72,72,56
2017,17,2017_17_WAS_NYG,WAS,-0.3836125615931993,0.0833769777860387,-0.562100105876128,0.06260629911412252,0.2857142857142857,56,56,72
2018,1,2018_01_ATL_PHI,ATL,-0.22093535905272083,0.08164934344429785,-0.2492645528598197,-0.14696468633418489,0.3230769230769231,65,65,64
2018,1,2018_01_ATL_PHI,PHI,-0.08164934344429785,0.22093535905272083,-0.24953538095237737,0.14841670795566297,0.375,64,64,65
2018,1,2018_01_BUF_BAL,BAL,0.045598920325349825,0.651590323393735,0.17411746763957334,-0.10937932790650795,0.4,75,75,61
2018,1,2018_01_BUF_BAL,BUF,-0.651590323393735,-0.045598920325349825,-0.7144658724045206,-0.5401291228746149,0.16393442622950818,61,61,75
2018,1,2018_01_CHI_GB,CHI,-0.03789421911758997,0.02344391587356889,-0.1284726432399577,0.09294128239249673,0.4393939393939394,66,66,59
2018,1,2018_01_CHI_GB,GB,-0.02344391587356889,0.03789421911758997,0.049344767747156904,-0.18924036189855542,0.423728813559322,59,59,66
2018,1,2018_01_CIN_IND,CIN,0.01755063717238613,0.09216547201911236,-0.08864093494121902,0.17683799534279387,0.54,50,50,77
2018,1,2018_01_CIN_IND,IND,-0.09216547201911236,-0.01755063717238613,-0.04705274328855923,-0.20494729384549518,0.4675324675324675,77,77,50
2018,1,2018_01_DAL_CAR,CAR,-0.03455033117241692,0.13514362187514883,-0.021927723208916308,-0.04633143193835083,0.5,58,58,57
2018,1,2018_01_DAL_CAR,DAL,-0.13514362187514883,0.03455033117241692,-0.2560005773028026,0.0571288072143004,0.3508771929824561,57,57,58
2018,1,2018_01_HOU_NE,HOU,-0.169967557634122,0.011553282113563601,-0.2570223878475588,-0.07236062678875345,0.4142857142857143,70,70,72
2018,1,2018_01_HOU_NE,NE,-0.011553282113563601,0.169967557634122,0.07128210780631021,-0.12110976555597736,0.375,72,72,70
2018,1,2018_01_JAX_NYG,JAX,-0.045552862887697894,0.23678583271742631,-0.1257399537580723,0.05930717901971478,0.4,60,60,63
2018,1,2018_01_JAX_NYG,NYG,-0.23678583271742631,0.045552862887697894,-0.3025178374398977,-0.12997132504341036,0.30158730158730157,63,63,60
2018,1,2018_01_KC_LAC,KC,0.20912178298343834,-0.24456971528725685,0.45543252614238827,-0.04631158029250973,0.43636363636363634,55,55,77
2018,1,2018_01_KC_LAC,LAC,0.24456971528725685,-0.20912178298343834,0.2984806735632249,0.1179961610741144,0.5454545454545454,77,77,55
2018,1,2018_01_LA_OAK,LA,0.1371357584540697,0.1971312452608667,0.16108594161609788,0.1045635093537114,0.4915254237288136,59,59,64
2018,1,2018_01_LA_OAK,LV,-0.1971312452608667,-0.1371357584540697,-0.30851755193162844,0.0014269535870129323,0.46875,64,64,59
2018,1,2018_01_NYJ_DET,DET,-0.4118507266690905,-0.12073589708518312,-0.4571130596581282,-0.24373348985266471,0.3939393939393939,66,66,54
2018,1,2018_01_NYJ_DET,NYJ,0.12073589708518312,0.4118507266690905,0.3166912946136385,-0.024650365597219247,0.46296296296296297,54,54,66
2018,1,2018_01_PIT_CLE,CLE,-0.16168513774963295,0.14973205708452866,-0.41343532498791796,0.14306508890723835,0.3333333333333333,84,84,79
2018,1,2018_01_PIT_CLE,PIT,-0.14973205708452866,0.16168513774963295,-0.1486104716452542,-0.1512165084012154,0.4177215189873418,79,79,84
2018,1,2018_01_SEA_DEN,DEN,-0.10926794875487672,0.06927160718653398,-0.09593104025133861,-0.12593908438429935,0.4722222222222222,72,72,55
2018,1,2018_01_SEA_DEN,SEA,-0.06927160718653398,0.10926794875487672,0.10503567217449973,-0.49414560062905366,0.38181818181818183,55,55,72
2018,1,2018_01_SF_MIN,MIN,-0.194175700154259,0.3629519756102748,0.005157698344800094,-0.43711327957498725,0.352112676056338,71,71,61
2018,1,2018_01_SF_MIN,SF,-0.3629519756102748,0.194175700154259,-0.376349436770141,-0.3436596315400675,0.36065573770491804,61,61,71
2018,1,2018_01_TB_NO,NO,0.19385249712322256,-0.4455275701069936,0.3766620490659617,-0.4198652843988301,0.6065573770491803,61,61,58
2018,1,2018_01_TB_NO,TB,0.4455275701069936,-0.19385249712322256,1.0418013123335472,-0.11099458930445645,0.4827586206896552,58,58,61
2018,1,2018_01_TEN_MIA,MIA,-0.01195157423951285,0.2904205503789817,0.07620982033569727,-0.10664344248696077,0.4642857142857143,56,56,67
2018,1,2018_01_TEN_MIA,TEN,-0.2904205503789817,0.01195157423951285,-0.5082704278976897,-0.004962090182053889,0.40298507462686567,67,67,56
2018,1,2018_01_WAS_ARI,ARI,-0.23807425653663297,-0.16909063617335365,-0.40088270618729416,0.19220521754011446,0.39215686274509803,51,51,74
2018,1,2018_01_WAS_ARI,WAS,0.16909063617335365,0.23807425653663297,0.2978167591325809,0.06548180549885374,0.5405405405405406,74,74,51
2018,2,2018_02_ARI_LA,ARI,-0.38946263356470007,-0.19512181904496564,-0.46673983792425133,-0.24521185209353766,0.2558139534883721,43,43,70
2018,2,2018_02_ARI_LA,LA,0.19512181904496564,0.38946263356470007,0.45718031003665455,-0.06693667194672329,0.5428571428571428,70,70,43
2018,2,2018_02_BAL_CIN,BAL,-0.13949570017840623,-0.07412464520618765,-0.15613455272189397,-0.09562963438193864,0.475,80,80,70
2018,2,2018_02_BAL_CIN,CIN,0.07412464520618765,0.13949570017840623,0.22391884128026085,-0.15056664890492216,0.4142857142857143,70,70,80
2018,2,2018_02_CAR_ATL,ATL,0.21642579799942532,-0.12809365391995456,0.4710067572242614,-0.006332541322306207,0.55,60,60,65
2018,2,2018_02_CAR_ATL,CAR,0.12809365391995456,-0.21642579799942532,0.05609228158180203,0.3160972372473528,0.5076923076923077,65,65,60
2018,2,2018_02_CLE_NO,CLE,-0.0966918838743763,0.1633035208080311,-0.01931869093444821,-0.191259119689844,0.38333333333333336,60,60,61
2018,2,2018_02_CLE_NO,NO,-0.1633035208080311,0.0966918838743763,-0.1341057276925151,-0.21154335291192705,0.4262295081967213,61,61,60
2018,2,2018_02_DET_SF,DET,0.08125911467334129,-0.15066759062195217,0.14069607293001396,-0.10035381333315846,0.4246575342465753,73,73,59
2018,2,2018_02_DET_SF,SF,0.15066759062195217,-0.08125911467334129,0.1371400331515107,0.16670025132766064,0.4745762711864407,59,59,73
2018,2,2018_02_HOU_TEN,HOU,0.10817977406082943,-0.034294300891086184,0.18716771856878386,0.0018498487616599702,0.4098360655737705,61,61,57
2018,2,2018_02_HOU_TEN,TEN,0.034294300891086184,-0.10817977406082943,0.3289263085372231,-0.16501558663424173,0.3684210526315789,57,57,61
2018,2,2018_02_IND_WAS,IND,0.027516645616209454,0.14204706364374484,0.023082959201929043,0.03297349043378535,0.4482758620689655,58,58,69
2018,2,2018_02_IND_WAS,WAS,-0.14204706364374484,-0.027516645616209454,-0.1145669267312094,-0.2007546288659796,0.4782608695652174,69,69,58
2018,2,2018_02_KC_PIT,KC,0.5106087759352074,-0.21567231971045212,0.8332161549057265,0.10384295027672677,0.5576923076923077,52,52,75
2018,2,2018_02_KC_PIT,PIT,0.21567231971045212,-0.5106087759352074,0.2441226846015126,0.07998596407616368,0.49333333333333335,75,75,52
2018,2,2018_02_LAC_BUF,BUF,-0.08077775500197994,-0.26176412876464067,-0.06282258451079628,-0.1109750871916979,0.4067796610169492,59,59,54
2018,2,2018_02_LAC_BUF,LAC,0.26176412876464067,0.08077775500197994,0.6079234202684923,-0.1397806493798271,0.48148148148148145,54,54,59
2018,2,2018_02_MIA_NYJ,MIA,-0.13331921528919008,0.2839517892659757,-0.20879306337856515,-0.06054086177443553,0.4909090909090909,55,55,63
2018,2,2018_02_MIA_NYJ,NYJ,-0.2839517892659757,0.13331921528919008,-0.2390712458338563,-0.38788567931930484,0.3333333333333333,63,63,55
2018,2,2018_02_MIN_GB,GB,0.008969450468574376,-0.1946954296164039,0.03822030214126517,-0.045875896417720864,0.4492753623188406,69,69,69
2018,2,2018_02_MIN_GB,MIN,0.1946954296164039,-0.008969450468574376,0.3140301264427263,-0.14341954472484286,0.5072463768115942,69,69,69
2018,2,2018_02_NE_JAX,JAX,0.20633405197887658,-0.013435190935254101,0.3091351369010639,0.005201494522423119,0.47058823529411764,68,68,60
2018,2,2018_02_NE_JAX,NE,0.013435190935254101,-0.20633405197887658,0.13366505196378392,-0.17997806376281558,0.4,60,60,68
2018,2,2018_02_NYG_DAL,DAL,0.11244198391566995,0.10288731464304315,-0.08544511234129125,0.327536653760193,0.4166666666666667,48,48,67
2018,2,2018_02_NYG_DAL,NYG,-0.10288731464304315,-0.11244198391566995,-0.1386078441127811,0.002173066150303751,0.40298507462686567,67,67,48
2018,2,2018_02_OAK_DEN,DEN,0.09275549515019284,-0.09303030638627009,-0.021504773094206595,0.23966155432156352,0.4375,64,64,60
2018,2,2018_02_OAK_DEN,LV,0.09303030638627009,-0.09275549515019284,0.30385954386634667,-0.16464987275604573,0.5333333333333333,60,60,64
2018,2,2018_02_PHI_TB,PHI,-0.0024039364343748106,-0.10398886223086728,-0.09680439265645294,0.19426368069495462,0.43243243243243246,74,74,57
2018,2,2018_02_PHI_TB,TB,0.10398886223086728,0.0024039364343748106,0.38409489660324264,-0.341634374270639,0.47368421052631576,57,57,74
2018,2,2018_02_SEA_CHI,CHI,-0.08556318659617546,0.20422196158228945,-0.05705391585100175,-0.12503756147410827,0.46774193548387094,62,62,61
2018,2,2018_02_SEA_CHI,SEA,-0.20422196158228945,0.08556318659617546,-0.2730198818108198,-0.08226201208625836,0.4426229508196721,61,61,62
2018,3,2018_03_BUF_MIN,BUF,0.006897159729791166,0.37334702198352016,0.12280540860638674,-0.06935826716270592,0.38095238095238093,63,63,66
2018,3,2018_03_BUF_MIN,MIN,-0.37334702198352016,-0.006897159729791166,-0.35688803206260783,-0.5379369211926436,0.36363636363636365,66,66,63
2018,3,2018_03_CHI_ARI,ARI,-0.22876298999835853,0.05754610182818543,-0.15955150593654252,-0.34411546343471855,0.2916666666666667,48,48,69
2018,3,2018_03_CHI_ARI,CHI,-0.05754610182818543,0.22876298999835853,-0.08547721570060278,-0.023307962242641575,0.42028985507246375,69,69,48
2018,3,2018_03_CIN_CAR,CAR,0.12505636340014356,-0.07976076857260092,0.1633511070930399,0.10112214859208335,0.47692307692307695,65,65,60
2018,3,2018_03_CIN_CAR,CIN,0.07976076857260092,-0.12505636340014356,0.07384906842273606,0.10113383834518921,0.48333333333333334,60,60,65
2018,3,2018_03_DAL_SEA,DAL,-0.23482525923481004,-0.015311542596723411,-0.33870419615364683,-0.021600072927723982,0.3620689655172414,58,58,66
2018,3,2018_03_DAL_SEA,SEA,0.015311542596723411,0.23482525923481004,0.2861754078037979,-0.1842723580821736,0.3333333333333333,66,66,58
2018,3,2018_03_DEN_BAL,BAL,0.06369147766560358,0.08594884473799927,0.15633524508878202,-0.08824430090840905,0.42424242424242425,66,66,61
2018,3,2018_03_DEN_BAL,DEN,-0.08594884473799927,-0.06369147766560358,-0.19127951299683568,0.07643593549437355,0.4262295081967213,61,61,66
2018,3,2018_03_GB_WAS,GB,-0.09639075610019814,-0.13272836452294667,-0.19946749725885662,0.20071279194534702,0.42424242424242425,66,66,53
2018,3,2018_03_GB_WAS,WAS,0.13272836452294667,0.09639075610019814,0.3005429066644865,0.03102258140686195,0.39622641509433965,53,53,66
2018,3,2018_03_IND_PHI,IND,-0.18609987950824053,0.08834756774458395,-0.2926705214210455,0.16640301297257581,0.32142857142857145,56,56,77
2018,3,2018_03_IND_PHI,PHI,-0.08834756774458395,0.18609987950824053,-0.156489936093557,-0.006576725725816297,0.4805194805194805,77,77,56
2018,3,2018_03_LAC_LA,LA,0.28036219339388574,-0.12964513545463296,0.44020353539135537,0.10114614327551064,0.5857142857142857,70,70,52
2018,3,2018_03_LAC_LA,LAC,0.12964513545463296,-0.28036219339388574,0.06000810423307999,0.24106438540911768,0.4230769230769231,52,52,70
2018,3,2018_03_NE_DET,DET,0.0601972307027967,0.2673068892441435,0.16491258874720915,-0.054037705345653254,0.463768115942029,69,69,47
2018,3,2018_03_NE_DET,NE,-0.2673068892441435,-0.0601972307027967,-0.38821153308007134,-0.08913162464382877,0.46808510638297873,47,47,69
2018,3,2018_03_NO_ATL,ATL,0.23963194062263843,-0.31131590226952177,0.5472755923219724,-0.34635596737609287,0.5081967213114754,61,61,76
2018,3,2018_03_NO_ATL,NO,0.31131590226952177,-0.23963194062263843,0.38333025029288575,0.1728267714553602,0.5263157894736842,76,76,61
2018,3,2018_03_NYG_HOU,HOU,0.07875388411240451,-0.20846133609466935,0.2166080399887084,-0.2259763551931093,0.47540983606557374,61,61,59
2018,3,2018_03_NYG_HOU,NYG,0.20846133609466935,-0.07875388411240451,0.4707497697420015,-0.12444321430386761,0.4745762711864407,59,59,61
2018,3,2018_03_NYJ_CLE,CLE,-0.055722666281271684,0.14131501614352468,-0.03755623830421838,-0.08033524612115035,0.3972602739726027,73,73,63
2018,3,2018_03_NYJ_CLE,NYJ,-0.14131501614352468,0.055722666281271684,-0.2565886238450148,-0.01451404767188554,0.38095238095238093,63,63,73
2018,3,2018_03_OAK_MIA,LV,0.0729624858454349,-0.3390048863580695,0.2232387515642936,-0.1374242861609673,0.5416666666666666,72,72,38
2018,3,2018_03_OAK_MIA,MIA,0.3390048863580695,-0.0729624858454349,0.6418268030695617,-0.24334495347172308,0.42105263157894735,38,38,72
2018,3,2018_03_PIT_TB,PIT,0.15143809489633553,0.005941067308671153,0.3053821334354031,-0.18075693563533654,0.43333333333333335,60,60,68
2018,3,2018_03_PIT_TB,TB,-0.005941067308671153,-0.15143809489633553,0.00143202962761385,-0.031992676483544834,0.38235294117647056,68,68,60
2018,3,2018_03_SF_KC,KC,0.3132588405607605,-0.245288536663943,0.46531823586820237,0.07932130931854212,0.5303030303030303,66,66,64
2018,3,2018_03_SF_KC,SF,0.245288536663943,-0.3132588405607605,0.24788527805385618,0.24215453843473747,0.5625,64,64,66
2018,3,2018_03_TEN_JAX,JAX,-0.16091715709828516,0.13248092159624097,-0.16276828324723386,-0.15731233249243773,0.375,56,56,59
2018,3,2018_03_TEN_JAX,TEN,-0.13248092159624097,0.16091715709828516,-0.1262003577883056,-0.13678759392168238,0.3898305084745763,59,59,56
2018,4,2018_04_BAL_PIT,BAL,0.10045781733465654,0.21866011916922637,0.2621857684435129,-0.15368610583640346,0.4861111111111111,72,72,59
2018,4,2018_04_BAL_PIT,PIT,-0.21866011916922637,-0.10045781733465654,-0.179918612363036,-0.4084935025195591,0.3898305084745763,59,59,72
2018,4,2018_04_BUF_GB,BUF,-0.42831249441535746,0.024804124036068416,-0.44159531522163886,-0.39510544239965384,0.30357142857142855,56,56,74
2018,4,2018_04_BUF_GB,GB,-0.024804124036068416,0.42831249441535746,-0.038049071839979236,-0.0074201300434354675,0.5,74,74,56
2018,4,2018_04_CIN_ATL,ATL,0.2336648938875963,-0.25952499900191306,0.39437386285809245,-0.05427200885120934,0.4925373134328358,67,67,68
2018,4,2018_04_CIN_ATL,CIN,0.25952499900191306,-0.2336648938875963,0.33900618109616737,0.1040183383827199,0.5147058823529411,68,68,67
2018,4,2018_04_CLE_OAK,CLE,0.00797569319721712,0.0020688000358890413,-0.1547065711753926,0.2316638067095555,0.39473684210526316,76,76,89
2018,4,2018_04_CLE_OAK,LV,-0.0020688000358890413,-0.00797569319721712,0.06671494840782209,-0.1519191091454026,0.43820224719101125,89,89,76
2018,4,2018_04_DET_DAL,DAL,0.21013381488339516,-0.3033841555147225,0.2846537531214601,0.14438092820274964,0.5625,64,64,53
2018,4,2018_04_DET_DAL,DET,0.3033841555147225,-0.21013381488339516,0.5018983409686867,-0.024164250484318472,0.4339622641509434,53,53,64
2018,4,2018_04_HOU_IND,HOU,0.08206120347634428,0.022617377428492375,0.2084070243235223,-0.08760318451843757,0.47560975609756095,82,82,85
2018,4,2018_04_HOU_IND,IND,-0.022617377428492375,-0.08206120347634428,0.17045776087867295,-0.7949179306571537,0.4470588235294118,85,85,82
2018,4,2018_04_KC_DEN,DEN,0.040016773616441396,-0.2508694252621161,-0.1450970258543681,0.35134452727189375,0.4745762711864407,59,59,71
2018,4,2018_04_KC_DEN,KC,0.2508694252621161,-0.040016773616441396,0.1824757415471753,0.37671380329760723,0.5352112676056338,71,71,59
2018,4,2018_04_MIA_NE,MIA,-0.4105133310665325,-0.14785671527726246,-0.20562015053130583,-0.7178531018693725,0.24444444444444444,45,45,72
2018,4,2018_04_MIA_NE,NE,0.14785671527726246,0.4105133310665325,0.340420356669147,-0.03429808063397964,0.4305555555555556,72,72,45
2018,4,2018_04_MIN_LA,LA,0.4810091025867176,-0.19309346476496633,0.7120896603091627,0.055334390992739874,0.5555555555555556,54,54,72
2018,4,2018_04_MIN_LA,MIN,0.19309346476496633,-0.4810091025867176,0.27989579124758796,-0.08773759150233887,0.4861111111111111,72,72,54
2018,4,2018_04_NO_NYG,NO,0.23396665558297314,0.013616682071698234,0.22164552024722226,0.24883699133301732,0.4375,64,64,59
2018,4,2018_04_NO_NYG,NYG,-0.013616682071698234,-0.23396665558297314,-0.019316150387751314,0.004703037515615246,0.4915254237288136,59,59,64
2018,4,2018_04_NYJ_JAX,JAX,0.0344304618701279,0.2328084676448259,0.2758789244917305,-0.25672797835003996,0.44,75,75,52
2018,4,2018_04_NYJ_JAX,NYJ,-0.2328084676448259,-0.0344304618701279,-0.22241033449844308,-0.2610319718992936,0.2692307692307692,52,52,75
2018,4,2018_04_PHI_TEN,PHI,0.032587590659652554,-0.08326750059596051,0.07058833087328675,-0.060686953501085945,0.4473684210526316,76,76,67
2018,4,2018_04_PHI_TEN,TEN,0.08326750059596051,-0.032587590659652554,0.21996543168061855,-0.21616606273233802,0.44776119402985076,67,67,76
2018,4,2018_04_SEA_ARI,ARI,-0.1167909083114599,-0.02903705065222641,0.15944711911996243,-0.3930289357428823,0.39285714285714285,56,56,61
2018,4,2018_04_SEA_ARI,SEA,0.02903705065222641,0.1167909083114599,-0.053527008983838935,0.094602627422043,0.4918032786885246,61,61,56
2018,4,2018_04_SF_LAC,LAC,-0.0034550734089871175,0.06962968083537548,-0.025610736844102196,0.034394184959334474,0.46153846153846156,65,65,59
2018,4,2018_04_SF_LAC,SF,-0.06962968083537548,0.0034550734089871175,-0.04827722187357863,-0.10826746371862693,0.4406779661016949,59,59,65
2018,4,2018_04_TB_CHI,CHI,0.4613674527768347,0.12303218758033736,0.8622969966610882,0.08808822226390911,0.625,56,56,60
2018,4,2018_04_TB_CHI,TB,-0.12303218758033736,-0.4613674527768347,-0.10291376652990547,-0.16997517003134513,0.4,60,60,56
2018,5,2018_05_ARI_SF,ARI,-0.137509951079523,0.1721814224872768,-0.14554223828949034,-0.1274695920670638,0.35555555555555557,45,45,95
2018,5,2018_05_ARI_SF,SF,-0.1721814224872768,0.137509951079523,-0.10250523058315826,-0.29162632289433715,0.45263157894736844,95,95,45
2018,5,2018_05_ATL_PIT,ATL,-0.07459080001044695,-0.2721755367115532,-0.08238479274904513,-0.05367008265947286,0.38571428571428573,70,70,57
2018,5,2018_05_ATL_PIT,PIT,0.2721755367115532,0.07459080001044695,0.35853262260106616,0.18273426918312907,0.5087719298245614,57,57,70
2018,5,2018_05_BAL_CLE,BAL,-0.17581234525532682,0.08985766936592982,-0.25835475271192376,0.018987736342241986,0.39285714285714285,84,84,75
2018,5,2018_05_BAL_CLE,CLE,-0.08985766936592982,0.17581234525532682,-0.07332644483771933,-0.1176065105382831,0.41333333333333333,75,75,84
2018,5,2018_05_DAL_HOU,DAL,-0.1489978203520471,0.1338651277874973,-0.14052064534608844,-0.15838326410864415,0.3898305084745763,59,59,76
2018,5,2018_05_DAL_HOU,HOU,-0.1338651277874973,0.1489978203520471,0.00189156016133606,-0.3309312877132231,0.4605263157894737,76,76,59
2018,5,2018_05_DEN_NYJ,DEN,-0.04238234217272001,-0.16218426688240437,-0.026799766291137134,-0.09371318037087537,0.4520547945205479,73,73,60
2018,5,2018_05_DEN_NYJ,NYJ,0.16218426688240437,0.04238234217272001,0.1704744335364161,0.15703092004342406,0.4,60,60,73
2018,5,2018_05_GB_DET,DET,0.0681113450873897,-0.19222478934385576,0.24518693768721928,-0.12208095807539023,0.32142857142857145,56,56,77
2018,5,2018_05_GB_DET,GB,0.19222478934385576,-0.0681113450873897,0.17553915463203681,0.24315988477993464,0.4935064935064935,77,77,56
2018,5,2018_05_IND_NE,IND,-0.009397578744044215,-0.20842300622266352,0.006836553991412793,-0.05578081513106424,0.41975308641975306,81,81,65
2018,5,2018_05_IND_NE,NE,0.20842300622266352,0.009397578744044215,0.22454101075205243,0.1746519491134677,0.5692307692307692,65,65,81
2018,5,2018_05_JAX_KC,JAX,-0.15416017525719972,-0.08099138794480432,-0.3183891665350088,0.48343473205664744,0.46987951807228917,83,83,67
2018,5,2018_05_JAX_KC,KC,0.08099138794480432,0.15416017525719972,0.2600834760229481,-0.16845830616403884,0.40298507462686567,67,67,83
2018,5,2018_05_LA_SEA,LA,0.2146428994779881,-0.24432719145636242,0.3098064682016036,0.10248583633944126,0.5245901639344263,61,61,55
2018,5,2018_05_LA_SEA,SEA,0.24432719145636242,-0.2146428994779881,0.3583291930396899,0.1623882528183458,0.45454545454545453,55,55,61
2018,5,2018_05_MIA_CIN,CIN,-0.0680582463452916,0.2131428143743034,0.04685788180752096,-0.21515089038089166,0.3508771929824561,57,57,59
2018,5,2018_05_MIA_CIN,MIA,-0.2131428143743034,0.0680582463452916,-0.3954918233982942,0.09353506443877194,0.4745762711864407,59,59,57
2018,5,2018_05_MIN_PHI,MIN,0.06914790029642782,0.08158551884269856,0.2741966425812101,-0.3018926809807973,0.5254237288135594,59,59,55
2018,5,2018_05_MIN_PHI,PHI,-0.08158551884269856,-0.06914790029642782,-0.009831004019675705,-0.22908091042335663,0.509090909090909,55,55,59
2018,5,2018_05_NYG_CAR,CAR,-0.11521815767367806,-0.0819884565989548,-0.05771337477588905,-0.18230707105443192,0.4153846153846154,65,65,55
2018,5,2018_05_NYG_CAR,NYG,0.0819884565989548,0.11521815767367806,0.22916644468241734,-0.2767578893544851,0.41818181818181815,55,55,65
2018,5,2018_05_OAK_LAC,LAC,0.3088863531696439,0.09350940081413729,0.6837443855899393,-0.0659716792506515,0.4642857142857143,56,56,47
2018,5,2018_05_OAK_LAC,LV,-0.09350940081413729,-0.3088863531696439,-0.1247905812037434,-0.011697082872090574,0.46808510638297873,47,47,56
2018,5,2018_05_TEN_BUF,BUF,-0.1691564112008808,0.26923291195094473,-0.5320653103934087,0.008078167474539748,0.40625,64,64,53
2018,5,2018_05_TEN_BUF,TEN,-0.26923291195094473,0.1691564112008808,-0.30865067219100745,-0.22508502048207446,0.39622641509433965,53,53,64
2018,5,2018_05_WAS_NO,NO,0.3651593806827453,0.1522971710629575,0.6276032355831815,0.08461594958227897,0.55,60,60,61
2018,5,2018_05_WAS_NO,WAS,-0.1522971710629575,-0.3651593806827453,-0.23966953891016457,0.05642570768314828,0.4098360655737705,61,61,60
2018,6,2018_06_ARI_MIN,ARI,-0.40792049363946176,0.13904811637711553,-0.33881235648034097,-0.5288597336679232,0.36363636363636365,55,55,68
2018,6,2018_06_ARI_MIN,MIN,-0.13904811637711553,0.40792049363946176,-0.3222365439878128,0.07959613593242641,0.4117647058823529,68,68,55
2018,6,2018_06_BAL_TEN,BAL,0.17401864727906569,0.3635224382422166,0.27610353236338375,0.0629262723343666,0.4084507042253521,71,71,40
2018,6,2018_06_BAL_TEN,TEN,-0.3635224382422166,-0.17401864727906569,-0.4512165248474608,-0.20066199168962026,0.225,40,40,71
2018,6,2018_06_BUF_HOU,BUF,-0.2609611425636653,0.40403120191275627,-0.36051723571943883,-0.14665599856999945,0.27586206896551724,58,58,56
2018,6,2018_06_BUF_HOU,HOU,-0.40403120191275627,0.2609611425636653,-0.5506356781489957,-0.1936856490520649,0.30357142857142855,56,56,58
2018,6,2018_06_CAR_WAS,CAR,0.063857108281354,0.03672731680777744,0.08331511943943237,0.01578437483198393,0.5254237288135594,59,59,66
2018,6,2018_06_CAR_WAS,WAS,-0.03672731680777744,-0.063857108281354,-0.20322587479520543,0.20377060028517413,0.42424242424242425,66,66,59
2018,6,2018_06_CHI_MIA,CHI,0.10631202989578332,-0.07906016732477986,0.2868272705377559,-0.09225473481038657,0.5238095238095238,63,63,75
2018,6,2018_06_CHI_MIA,MIA,0.07906016732477986,-0.10631202989578332,0.21780588942236656,-0.11786924468469806,0.48,75,75,63
2018,6,2018_06_IND_NYJ,IND,-0.08707551914168593,-0.02146151317045824,-0.10390576510674106,-0.055610276685278535,0.5,66,66,64
2018,6,2018_06_IND_NYJ,NYJ,0.02146151317045824,0.08707551914168593,0.2564738098868325,-0.1993076140479539,0.4375,64,64,66
2018,6,2018_06_JAX_DAL,DAL,0.09843642654284723,0.45669345167822184,0.06501786012309399,0.12230683112838528,0.4027777777777778,72,72,47
2018,6,2018_06_JAX_DAL,JAX,-0.45669345167822184,-0.09843642654284723,-0.6575881706546703,-0.13302973777172156,0.3617021276595745,47,47,72
2018,6,2018_06_KC_NE,KC,0.22123368323050022,-0.1361207193780994,0.2304458972530813,0.2017254653003286,0.49056603773584906,53,53,74
2018,6,2018_06_KC_NE,NE,0.1361207193780994,-0.22123368323050022,0.0569511420412292,0.21529029671496955,0.5135135135135135,74,74,53
2018,6,2018_06_LAC_CLE,CLE,-0.33228940399643525,-0.25125478245598243,-0.4266640137164976,-0.09859989421342366,0.3287671232876712,73,73,56
2018,6,2018_06_LAC_CLE,LAC,0.25125478245598243,0.33228940399643525,0.21937878619090181,0.27188042709809346,0.5535714285714286,56,56,73
2018,6,2018_06_LA_DEN,DEN,-0.007147456202188797,-0.17694246146980688,-0.004172721125822263,-0.015142056719923858,0.4406779661016949,59,59,70
2018,6,2018_06_LA_DEN,LA,0.17694246146980688,0.007147456202188797,-0.14659251609497057,0.46550068470325706,0.5285714285714286,70,70,59
2018,6,2018_06_PHI_NYG,NYG,-0.15177863144330103,-0.2320725112169019,-0.3287111354124097,0.3373877030595288,0.328125,64,64,68
2018,6,2018_06_PHI_NYG,PHI,0.2320725112169019,0.15177863144330103,0.5130066673163259,-0.10323599767595902,0.4411764705882353,68,68,64
2018,6,2018_06_PIT_CIN,CIN,0.07846817783338965,-0.32307971719337264,0.1027890565430021,-0.005719479238345789,0.5,58,58,67
2018,6,2018_06_PIT_CIN,PIT,0.32307971719337264,-0.07846817783338965,0.4276972646871091,0.07722848058309206,0.47761194029850745,67,67,58
2018,6,2018_06_SEA_OAK,LV,-0.2750006957129961,-0.24540235990923762,-0.3766712630734935,-0.0770106434846591,0.4107142857142857,56,56,59
2018,6,2018_06_SEA_OAK,SEA,0.24540235990923762,0.2750006957129961,0.5008209108429575,0.07025821069754394,0.4576271186440678,59,59,56
2018,6,2018_06_SF_GB,GB,0.1219865658124442,-0.21180031558850926,0.12068018569281252,0.12497257751445952,0.43478260869565216,69,69,55
2018,6,2018_06_SF_GB,SF,0.21180031558850926,-0.1219865658124442,0.19479286817714858,0.22597318843130987,0.5454545454545454,55,55,69
2018,6,2018_06_TB_ATL,ATL,0.2310325864762489,-0.23634256754478838,0.39168815798972384,-0.07567350459493048,0.5,64,64,63
2018,6,2018_06_TB_ATL,TB,0.23634256754478838,-0.2310325864762489,0.3164091184733936,0.06419948304828722,0.5238095238095238,63,63,64
2018,7,2018_07_BUF_IND,BUF,-0.49426083854356123,-0.27281372615066607,-0.842053249415527,0.02742777776438743,0.4,55,55,57
2018,7,2018_07_BUF_IND,IND,0.27281372615066607,0.49426083854356123,0.4037805182666963,0.18421854324864562,0.5614035087719298,57,57,55
2018,7,2018_07_CAR_PHI,CAR,0.2524781263067612,-0.10161387953138445,0.1823673409619812,0.4365189378368086,0.5344827586206896,58,58,65
2018,7,2018_07_CAR_PHI,PHI,0.10161387953138445,-0.2524781263067612,0.15854372461896402,0.004358727506769355,0.4153846153846154,65,65,58
2018,7,2018_07_CIN_KC,CIN,-0.3009059695176014,-0.3813610552318035,-0.24726336101775606,-0.3997213009646849,0.35185185185185186,54,54,70
2018,7,2018_07_CIN_KC,KC,0.3813610552318035,0.3009059695176014,0.5071568934176209,0.2035117667621997,0.5714285714285714,70,70,54
2018,7,2018_07_CLE_TB,CLE,-0.13110264057702867,0.10977422728281014,-0.05687321141923372,-0.2569699334967679,0.4032258064516129,62,62,87
2018,7,2018_07_CLE_TB,TB,-0.10977422728281014,0.13110264057702867,-0.1885661700283017,0.032559604773561755,0.45977011494252873,87,87,62
2018,7,2018_07_DAL_WAS,DAL,-0.05637502498535684,0.0586446880300083,-0.012257546320896222,-0.13458328261780975,0.4262295081967213,61,61,58
2018,7,2018_07_DAL_WAS,WAS,-0.0586446880300083,0.05637502498535684,0.25900991866832684,-0.3167390559724056,0.3620689655172414,58,58,61
2018,7,2018_07_DEN_ARI,ARI,-0.6443177252405144,-0.04957182081181059,-0.8643691032778997,-0.17277905801754623,0.3787878787878788,66,66,52
2018,7,2018_07_DEN_ARI,DEN,0.04957182081181059,0.6443177252405144,0.0750476139449624,0.02773542669768046,0.38461538461538464,52,52,66
2018,7,2018_07_DET_MIA,DET,0.36650183320633645,-0.15482412785711805,0.6135612916302139,0.19937337603724292,0.49122807017543857,57,57,54
2018,7,2018_07_DET_MIA,MIA,0.15482412785711805,-0.36650183320633645,0.1789202942048226,0.11043645300608325,0.4074074074074074,54,54,57
2018,7,2018_07_HOU_JAX,HOU,-0.0037991360020684707,0.2617840067430413,0.10729312482796738,-0.08315075088066551,0.35,60,60,68
2018,7,2018_07_HOU_JAX,JAX,-0.2617840067430413,0.0037991360020684707,-0.1446378590569467,-0.5067259519048755,0.4264705882352941,68,68,60
2018,7,2018_07_LA_SF,LA,0.14356860402109847,0.48559154622039447,0.35576059471237514,-0.01718290407835353,0.5517241379310345,58,58,58
2018,7,2018_07_LA_SF,SF,-0.48559154622039447,-0.14356860402109847,-0.6883115880285736,-0.19840482032547394,0.39655172413793105,58,58,58
2018,7,2018_07_MIN_NYJ,MIN,-0.006513210984549579,0.46639551721658545,0.05433054159905455,-0.11497381341619173,0.328125,64,64,69
2018,7,2018_07_MIN_NYJ,NYJ,-0.46639551721658545,0.006513210984549579,-0.6218088852715861,-0.17499545211345927,0.2898550724637681,69,69,64
2018,7,2018_07_NE_CHI,CHI,-0.002117704371578041,-0.13460058281075463,-0.11319757100294132,0.22448522355640307,0.42105263157894735,76,76,64
2018,7,2018_07_NE_CHI,NE,0.13460058281075463,0.002117704371578041,0.397448804752346,-0.22559883244253728,0.515625,64,64,76
2018,7,2018_07_NO_BAL,BAL,0.1324017900774943,-0.16363578825365507,0.17948007114700376,0.04847963686662969,0.46875,64,64,69
2018,7,2018_07_NO_BAL,NO,0.16363578825365507,-0.1324017900774943,0.23016146527591577,0.10936484120917923,0.5072463768115942,69,69,64
2018,7,2018_07_NYG_ATL,ATL,0.14652891680514876,-0.13786824863052116,0.2820474546495911,-0.15303837737730264,0.4426229508196721,61,61,64
2018,7,2018_07_NYG_ATL,NYG,0.13786824863052116,-0.14652891680514876,0.25386293239157653,-0.09964467526116365,0.421875,64,64,61
2018,7,2018_07_TEN_LAC,LAC,0.3150298460780737,-0.15716509445523408,0.5658811151850581,-0.15322585625496382,0.4883720930232558,43,43,68
2018,7,2018_07_TEN_LAC,TEN,0.15716509445523408,-0.3150298460780737,0.26909556355372427,0.03845096056289604,0.5441176470588235,68,68,43
2018,8,2018_08_BAL_CAR,BAL,0.03414195678305987,-0.22279092192512093,-0.07984550082651169,0.32544323734085384,0.5,64,64,62
2018,8,2018_08_BAL_CAR,CAR,0.22279092192512093,-0.03414195678305987,0.36651686592891897,0.07906497792132286,0.4838709677419355,62,62,64
2018,8,2018_08_CLE_PIT,CLE,-0.1407063808921088,-0.12326927383553973,-0.14806991416915222,-0.12703124766331392,0.35,60,60,67
2018,8,2018_08_CLE_PIT,PIT,0.12326927383553973,0.1407063808921088,0.07878721470539256,0.17813048009605456,0.5223880597014925,67,67,60
2018,8,2018_08_DEN_KC,DEN,0.050329851545947456,-0.1503383842128743,0.014975205849008107,0.09480827677758082,0.5142857142857142,70,70,54
2018,8,2018_08_DEN_KC,KC,0.1503383842128743,-0.050329851545947456,0.34201734864715644,-0.23301954465568997,0.4444444444444444,54,54,70
2018,8,2018_08_GB_LA,GB,0.14621546801438431,-0.105269653877755,0.19249969632631272,0.06582707147261395,0.4423076923076923,52,52,76
2018,8,2018_08_GB_LA,LA,0.105269653877755,-0.14621546801438431,0.26994200545692637,-0.09814913336710374,0.42105263157894735,76,76,52
2018,8,2018_08_IND_OAK,IND,0.4440675305701633,-0.21585424800413539,0.5522136809923046,0.35299708810941266,0.6285714285714286,70,70,46
2018,8,2018_08_IND_OAK,LV,0.21585424800413539,-0.4440675305701633,0.4518369784699254,-0.1512299993870935,0.5217391304347826,46,46,70
2018,8,2018_08_MIA_HOU,HOU,0.3194691406700898,0.09062595799989955,0.774653679295443,0.0517135297139997,0.42592592592592593,54,54,65
2018,8,2018_08_MIA_HOU,MIA,-0.09062595799989955,-0.3194691406700898,-0.1528283900659035,0.008897933305706828,0.36923076923076925,65,65,54
2018,8,2018_08_NE_BUF,BUF,-0.36804865584063184,-0.07585737579555096,-0.37242659330230055,-0.35734703093433073,0.3387096774193548,62,62,70
2018,8,2018_08_NE_BUF,NE,0.07585737579555096,0.36804865584063184,0.16386002947053285,-0.10397413388810768,0.4857142857142857,70,70,62
2018,8,2018_08_NO_MIN,MIN,-0.14262871761721643,-0.00557435111172996,-0.1386829797900811,-0.1505201932714871,0.45454545454545453,66,66,53
2018,8,2018_08_NO_MIN,NO,0.00557435111172996,0.14262871761721643,0.17810117746592424,-0.13720647069863773,0.4716981132075472,53,53,66
2018,8,2018_08_NYJ_CHI,CHI,0.16784504684571938,0.07663798228067724,0.24071211550760105,0.10140742541870963,0.4307692307692308,65,65,54
2018,8,2018_08_NYJ_CHI,NYJ,-0.07663798228067724,-0.16784504684571938,0.04419274455188618,-0.2276763908213815,0.25925925925925924,54,54,65
2018,8,2018_08_PHI_JAX,JAX,-0.06899837346810418,-0.18863953033408218,-0.1529121568028875,0.15806245202601532,0.3968253968253968,63,63,59
2018,8,2018_08_PHI_JAX,PHI,0.18863953033408218,0.06899837346810418,0.22759927784957817,0.13565427371300756,0.4745762711864407,59,59,63
2018,8,2018_08_SEA_DET,DET,-0.021771617150599405,-0.2380710930399383,0.04349761896260451,-0.23766216737119697,0.44642857142857145,56,56,61
2018,8,2018_08_SEA_DET,SEA,0.2380710930399383,0.021771617150599405,0.8328467623489958,-0.030994090695111526,0.45901639344262296,61,61,56
2018,8,2018_08_SF_ARI,ARI,-0.10024762174244253,0.14997798973563709,-0.0975533046707384,-0.1058928575117274,0.36923076923076925,65,65,63
2018,8,2018_08_SF_ARI,SF,-0.14997798973563709,0.10024762174244253,-0.137862104133945,-0.1624847103567386,0.3968253968253968,63,63,65
2018,8,2018_08_TB_CIN,CIN,0.08816322776990881,-0.10120753806117258,0.2845158907825992,-0.1761576647471744,0.45901639344262296,61,61,84
2018,8,2018_08_TB_CIN,TB,0.10120753806117258,-0.08816322776990881,0.036205908891217733,0.23843319964218837,0.44047619047619047,84,84,61
2018,8,2018_08_WAS_NYG,NYG,-0.1797429592835375,-0.012956243631717518,-0.15671698667006465,-0.26691271274882766,0.31343283582089554,67,67,64
2018,8,2018_08_WAS_NYG,WAS,0.012956243631717518,0.1797429592835375,0.14662891859983967,-0.12071643133640464,0.390625,64,64,67
2018,9,2018_09_ATL_WAS,ATL,0.38369054056926616,0.006877112991787726,0.47309426424263396,0.23468433444698653,0.53125,64,64,64
2018,9,2018_09_ATL_WAS,WAS,-0.006877112991787726,-0.38369054056926616,-0.038418404389723985,0.09615777224147072,0.421875,64,64,64
2018,9,2018_09_CHI_BUF,BUF,-0.35932632303204937,0.14144506191603054,-0.4505155395419822,-0.18346140547717887,0.32926829268292684,82,82,43
2018,9,2018_09_CHI_BUF,CHI,-0.14144506191603054,0.35932632303204937,-0.11011347635850918,-0.17135248449366455,0.4418604651162791,43,43,82
2018,9,2018_09_DET_MIN,DET,-0.22685713673639557,0.10863554247989862,-0.19450746450403303,-0.2915564812011207,0.37681159420289856,69,69,46
2018,9,2018_09_DET_MIN,MIN,-0.10863554247989862,0.22685713673639557,0.08377634205307129,-0.3010474270128686,0.45652173913043476,46,46,69
2018,9,2018_09_GB_NE,GB,0.029844205620558884,-0.17392080055342085,0.12135506797805527,-0.13121491212863476,0.4782608695652174,69,69,65
2018,9,2018_09_GB_NE,NE,0.17392080055342085,-0.029844205620558884,0.09493263776711434,0.28508932595637076,0.47692307692307695,65,65,69
2018,9,2018_09_HOU_DEN,DEN,-0.01640322175773526,-0.024350402899168164,0.05804867888105807,-0.18019740316308058,0.40625,64,64,61
2018,9,2018_09_HOU_DEN,HOU,0.024350402899168164,0.01640322175773526,0.25824918977223904,-0.17410917384161925,0.5081967213114754,61,61,64
2018,9,2018_09_KC_CLE,CLE,0.0519935955330586,-0.5156524687517444,0.04828317444899344,0.059117604014463726,0.4246575342465753,73,73,57
2018,9,2018_09_KC_CLE,KC,0.5156524687517444,-0.0519935955330586,0.7377160709637263,0.21031501571026942,0.5964912280701754,57,57,73
2018,9,2018_09_LAC_SEA,LAC,0.1969522446649228,0.07678929365089396,0.22600316249011834,0.158657852986256,0.4117647058823529,51,51,73
2018,9,2018_09_LAC_SEA,SEA,-0.07678929365089396,-0.1969522446649228,-0.2655584644267159,0.1650712064056279,0.4931506849315068,73,73,51
2018,9,2018_09_LA_NO,LA,0.19479340371451398,-0.29534738426856594,0.3859060945852913,-0.21760766605926862,0.48333333333333334,60,60,68
2018,9,2018_09_LA_NO,NO,0.29534738426856594,-0.19479340371451398,0.6334097603544504,-0.08497278882805404,0.4852941176470588,68,68,60
2018,9,2018_09_NYJ_MIA,MIA,-0.30763491570719737,0.3448250965409107,-0.273713793912732,-0.3456265721169986,0.3018867924528302,53,53,64
2018,9,2018_09_NYJ_MIA,NYJ,-0.3448250965409107,0.30763491570719737,-0.40708923653855544,-0.21733185749811432,0.34375,64,64,53
2018,9,2018_09_OAK_SF,LV,-0.13757583370952867,-0.312393762436888,-0.16948977784251792,-0.09115555133427154,0.3333333333333333,54,54,51
2018,9,2018_09_OAK_SF,SF,0.312393762436888,0.13757583370952867,0.8460854581401803,-0.09247579982078206,0.45098039215686275,51,51,54
2018,9,2018_09_PIT_BAL,BAL,-0.05774037728793986,-0.22229662244792067,-0.02846611885866448,-0.13092602336112832,0.42857142857142855,56,56,76
2018,9,2018_09_PIT_BAL,PIT,0.22229662244792067,0.05774037728793986,0.3907590777074195,-0.08343153709709575,0.4605263157894737,76,76,56
2018,9,2018_09_TB_CAR,CAR,0.27837699008417655,0.027296853029670623,0.31842850581031396,0.2397558856339726,0.5454545454545454,55,55,65
2018,9,2018_09_TB_CAR,TB,-0.027296853029670623,-0.27837699008417655,0.08291260967830154,-0.2582119177511361,0.36923076923076925,65,65,55
2018,9,2018_09_TEN_DAL,DAL,-0.11759085621601864,-0.11472152565514962,-0.16054675316136374,-0.0339398990066624,0.42857142857142855,56,56,67
2018,9,2018_09_TEN_DAL,TEN,0.11472152565514962,0.11759085621601864,0.26561217739746457,-0.031731165741803125,0.47761194029850745,67,67,56
2018,10,2018_10_ARI_KC,ARI,-0.14464764824429843,-0.12084633680896997,-0.24952671023956183,0.047630632080351155,0.4264705882352941,68,68,56
2018,10,2018_10_ARI_KC,KC,0.12084633680896997,0.14464764824429843,0.1718758079003304,0.04198260875868569,0.4642857142857143,56,56,68
2018,10,2018_10_ATL_CLE,ATL,0.0014175390161130967,-0.3607748441766792,0.09637511905401615,-0.2684618989863482,0.4794520547945205,73,73,48
2018,10,2018_10_ATL_CLE,CLE,0.3607748441766792,-0.0014175390161130967,0.5983631498418704,0.17598393977041943,0.6041666666666666,48,48,73
2018,10,2018_10_BUF_NYJ,BUF,0.2889451351406745,0.39366404759067797,0.6725561927412663,0.05354744070394769,0.4788732394366197,71,71,55
2018,10,2018_10_BUF_NYJ,NYJ,-0.39366404759067797,-0.2889451351406745,-0.5723983545854475,-0.026265749879207254,0.38181818181818183,55,55,71
2018,10,2018_10_CAR_PIT,CAR,-0.028592473693216953,-0.4565232753521513,-0.13646651476601085,0.13812195341928268,0.4642857142857143,56,56,57
2018,10,2018_10_CAR_PIT,PIT,0.4565232753521513,0.028592473693216953,0.908933489697908,0.019713413225213902,0.543859649122807,57,57,56
2018,10,2018_10_DAL_PHI,DAL,0.23451725028424805,0.05543544348367213,0.1801271849343673,0.3122173436412205,0.45588235294117646,68,68,61
2018,10,2018_10_DAL_PHI,PHI,-0.05543544348367213,-0.23451725028424805,-0.005263473493974836,-0.19654410907969577,0.5081967213114754,61,61,68
2018,10,2018_10_DET_CHI,CHI,0.29431881726986836,0.14909149168335234,0.5278308828958701,-0.04533509636795233,0.4074074074074074,54,54,74
2018,10,2018_10_DET_CHI,DET,-0.14909149168335234,-0.29431881726986836,-0.0966320496081478,-0.25838199600669515,0.3783783783783784,74,74,54
2018,10,2018_10_JAX_IND,IND,0.2871867033756055,-0.14209491087234855,0.4691235209207108,0.03594062200379336,0.46,50,50,73
2018,10,2018_10_JAX_IND,JAX,0.14209491087234855,-0.2871867033756055,0.43779188969523775,-0.19708691777743617,0.4520547945205479,73,73,50
2018,10,2018_10_LAC_OAK,LAC,0.10902655583800061,0.16136308094954957,0.2641120180521757,-0.052023731845950424,0.39622641509433965,53,53,62
2018,10,2018_10_LAC_OAK,LV,-0.16136308094954957,-0.10902655583800061,-0.2842482108377306,0.07855550597499435,0.41935483870967744,62,62,53
2018,10,2018_10_MIA_GB,GB,0.26416225955107514,0.22157269606677907,0.04779699150771861,0.559205806882925,0.5384615384615384,52,52,66
2018,10,2018_10_MIA_GB,MIA,-0.22157269606677907,-0.26416225955107514,-0.34241032580970693,0.0043411334526077235,0.3787878787878788,66,66,52
2018,10,2018_10_NE_TEN,NE,-0.15143832803611335,-0.18357520475134204,-0.0938796069319914,-0.2877616148616653,0.34375,64,64,63
2018,10,2018_10_NE_TEN,TEN,0.18357520475134204,0.15143832803611335,0.3924475605910163,0.026920937871586323,0.4603174603174603,63,63,64
2018,10,2018_10_NO_CIN,CIN,-0.1648721551007059,-0.5186228397615251,-0.4575885130974572,0.3107919266440149,0.5238095238095238,42,42,71
2018,10,2018_10_NO_CIN,NO,0.5186228397615251,0.1648721551007059,0.8155449752210133,0.33642062027502107,0.6619718309859155,71,71,42
2018,10,2018_10_NYG_SF,NYG,0.02483633591864045,0.013997736352102792,0.17258631451558115,-0.18072885169449443,0.4,55,55,66
2018,10,2018_10_NYG_SF,SF,-0.013997736352102792,-0.02483633591864045,0.0025789291665827612,-0.03514727511732229,0.3939393939393939,66,66,55
2018,10,2018_10_SEA_LA,LA,0.3333404706138935,-0.23924468889166048,0.29812676152422857,0.3989660193719055,0.5873015873015873,63,63,63
2018,10,2018_10_SEA_LA,SEA,0.23924468889166048,-0.3333404706138935,0.13953236561723553,0.3242934352139641,0.5714285714285714,63,63,63
2018,10,2018_10_WAS_TB,TB,-0.11548942609187272,-0.08161134370145627,-0.10509754824192477,-0.13410820723969616,0.4925373134328358,67,67,55
2018,10,2018_10_WAS_TB,WAS,0.08161134370145627,0.11548942609187272,0.07618150849337972,0.08812714595114812,0.4909090909090909,55,55,67
2018,11,2018_11_CAR_DET,CAR,0.17511599163587377,-0.020868926323584263,0.27663855697746714,-0.09138074238580884,0.4827586206896552,58,58,62
2018,11,2018_11_CAR_DET,DET,0.020868926323584263,-0.17511599163587377,0.07918247216804229,-0.07146085459680762,0.3548387096774194,62,62,58
2018,11,2018_11_CIN_BAL,BAL,0.04105280893920218,-0.006311048941675153,-0.20734927933671476,0.1482066509405781,0.547945205479452,73,73,54
2018,11,2018_11_CIN_BAL,CIN,0.006311048941675153,-0.04105280893920218,0.0836463142370481,-0.1773602061348356,0.35185185185185186,54,54,73
2018,11,2018_11_DAL_ATL,ATL,0.008915697114172963,-0.10007926939380189,0.01693013530962569,-0.007558425843146526,0.509090909090909,55,55,63
2018,11,2018_11_DAL_ATL,DAL,0.10007926939380189,-0.008915697114172963,0.08717201838309027,0.11521190850980866,0.47619047619047616,63,63,55
2018,11,2018_11_DEN_LAC,DEN,0.09881819187649167,-0.12265355031486609,0.07354118515013397,0.139261402638664,0.46153846153846156,52,52,72
2018,11,2018_11_DEN_LAC,LAC,0.12265355031486609,-0.09881819187649167,0.30517161741946147,-0.20026302994711034,0.4305555555555556,72,72,52
2018,11,2018_11_GB_SEA,GB,0.18264300598900804,-0.023946361231866407,0.25751166739610315,-0.01892646703009422,0.4166666666666667,48,48,66
2018,11,2018_11_GB_SEA,SEA,0.023946361231866407,-0.18264300598900804,0.14565020762401298,-0.10536397555978934,0.4393939393939394,66,66,48
2018,11,2018_11_HOU_WAS,HOU,-0.13725784320342269,0.20425853046191797,-0.24649146569026067,-0.038947582965268505,0.43859649122807015,57,57,71
2018,11,2018_11_HOU_WAS,WAS,-0.20425853046191797,0.13725784320342269,-0.49522866743469834,0.21714649549866064,0.36619718309859156,71,71,57
2018,11,2018_11_KC_LA,KC,0.09759315016602313,-0.1084767606964704,0.1908592649673739,-0.1309088310972862,0.4927536231884058,69,69,73
2018,11,2018_11_KC_LA,LA,0.1084767606964704,-0.09759315016602313,0.17226124557603267,-0.07280545948754862,0.3972602739726027,73,73,69
2018,11,2018_11_MIN_CHI,CHI,-0.004398036778697821,0.17945825960881537,0.030602403824402543,-0.03745400845940369,0.5142857142857142,70,70,64
2018,11,2018_11_MIN_CHI,MIN,-0.17945825960881537,0.004398036778697821,-0.012133354270291254,-0.7770472072464015,0.484375,64,64,70
2018,11,2018_11_OAK_ARI,ARI,-0.22118328600033868,0.013130393412014095,-0.3673828310011664,-0.12214488454816502,0.3269230769230769,52,52,66
2018,11,2018_11_OAK_ARI,LV,-0.013130393412014095,0.22118328600033868,0.008541187432080924,-0.03480197425610911,0.42424242424242425,66,66,52
2018,11,2018_11_PHI_NO,NO,0.4105913923638667,0.39402001013149857,0.9051281555321573,-0.028996841563502723,0.5735294117647058,68,68,48
2018,11,2018_11_PHI_NO,PHI,-0.39402001013149857,-0.4105913923638667,-0.5453040386475752,0.059832075416731335,0.375,48,48,68
2018,11,2018_11_PIT_JAX,JAX,-0.13126109029048857,0.10167088331452223,-0.28754399714073703,-0.044033421350815,0.34328358208955223,67,67,59
2018,11,2018_11_PIT_JAX,PIT,-0.10167088331452223,0.13126109029048857,-0.1645447786677299,0.17268793277220207,0.423728813559322,59,59,67
2018,11,2018_11_TB_NYG,NYG,0.2901029029407051,-0.20572219657804133,0.44418115737482355,0.17711218302235163,0.5,52,52,68
2018,11,2018_11_TB_NYG,TB,0.20572219657804133,-0.2901029029407051,0.2175124025716765,0.1907879356527701,0.5588235294117647,68,68,52
2018,11,2018_11_TEN_IND,IND,0.3458395702942455,0.18712621353226558,0.5396073458740591,0.0978168175520841,0.6666666666666666,57,57,59
2018,11,2018_11_TEN_IND,TEN,-0.18712621353226558,-0.3458395702942455,-0.11788012095821668,-0.2813008994329721,0.423728813559322,59,59,57
2018,12,2018_12_ARI_LAC,ARI,-0.32137562481663257,-0.3538903279247015,-0.4708814224609232,-0.1848703313153237,0.3181818181818182,44,44,64
2018,12,2018_12_ARI_LAC,LAC,0.3538903279247015,0.32137562481663257,0.30051328859824084,0.4225179499158652,0.609375,64,64,44
2018,12,2018_12_ATL_NO,ATL,-0.16685013339291638,-0.14519764659988915,-0.09787431304774057,-0.3953325382863113,0.36231884057971014,69,69,51
2018,12,2018_12_ATL_NO,NO,0.14519764659988915,0.16685013339291638,0.15910118102316398,0.13283894933475596,0.5098039215686274,51,51,69
2018,12,2018_12_CHI_DET,CHI,-0.08388761508377597,0.16322252578776372,-0.0413569204689701,-0.21451760568639397,0.43859649122807015,57,57,65
2018,12,2018_12_CHI_DET,DET,-0.16322252578776372,0.08388761508377597,-0.29755563972871363,0.06626321052802571,0.4307692307692308,65,65,57
2018,12,2018_12_CLE_CIN,CIN,-0.027075256501318243,-0.2878149247015984,0.06356414490200456,-0.24007784979912686,0.5223880597014925,67,67,59
2018,12,2018_12_CLE_CIN,CLE,0.2878149247015984,0.027075256501318243,0.8612322061156962,-0.1639683879276907,0.5254237288135594,59,59,67
2018,12,2018_12_GB_MIN,GB,-0.1469993659322399,-0.04199408352861094,-0.12951618973090845,-0.176444715323956,0.45098039215686275,51,51,66
2018,12,2018_12_GB_MIN,MIN,0.04199408352861094,0.1469993659322399,0.3148413183535453,-0.3521185889962942,0.4696969696969697,66,66,51
2018,12,2018_12_JAX_BUF,BUF,0.10088585177047579,0.010249600680963008,0.24025324951722532,0.02064401670416545,0.4230769230769231,52,52,65
2018,12,2018_12_JAX_BUF,JAX,-0.010249600680963008,-0.10088585177047579,-0.33266200513902855,0.2046920022910807,0.47692307692307695,65,65,52
2018,12,2018_12_MIA_IND,IND,0.113576743859014,-0.05944358498481824,0.20423358265502545,-0.022408514335003134,0.5076923076923077,65,65,50
2018,12,2018_12_MIA_IND,MIA,0.05944358498481824,-0.113576743859014,0.07535797196672826,0.04220299908774905,0.42,50,50,65
2018,12,2018_12_NE_NYJ,NE,0.3710157905228305,0.036835584589150504,0.4916383117259322,0.2641787003143691,0.5151515151515151,66,66,61
2018,12,2018_12_NE_NYJ,NYJ,-0.036835584589150504,-0.3710157905228305,-0.07792861950738651,0.08918305582677324,0.36065573770491804,61,61,66
2018,12,2018_12_NYG_PHI,NYG,0.17815441376651214,-0.14428345740245302,0.20445054524539077,0.11971856603567074,0.43103448275862066,58,58,61
2018,12,2018_12_NYG_PHI,PHI,0.14428345740245302,-0.17815441376651214,0.2883038345183318,-0.004537598950621676,0.5245901639344263,61,61,58
2018,12,2018_12_OAK_BAL,BAL,0.1457313773831926,0.10076540595259663,-0.010149489698737182,0.24458265894734324,0.5671641791044776,67,67,54
2018,12,2018_12_OAK_BAL,LV,-0.10076540595259663,-0.1457313773831926,-0.10559849952502742,-0.09024631994201199,0.3333333333333333,54,54,67
2018,12,2018_12_PIT_DEN,DEN,0.10220931006375417,-0.04593596980444677,0.09799396081167894,0.10853233394186697,0.42,50,50,76
2018,12,2018_12_PIT_DEN,PIT,0.04593596980444677,-0.10220931006375417,0.030862749183747696,0.10246054713206831,0.5131578947368421,76,76,50
2018,12,2018_12_SEA_CAR,CAR,0.2019313121588961,-0.28716376405084154,0.282517246370985,0.11239138525657512,0.5789473684210527,57,57,58
2018,12,2018_12_SEA_CAR,SEA,0.28716376405084154,-0.2019313121588961,0.6588928488775363,-0.17034895573585976,0.39655172413793105,58,58,57
2018,12,2018_12_SF_TB,SF,-0.09092988994296135,-0.1479995592333747,-0.23159402977034915,0.1292400680477326,0.4406779661016949,59,59,68
2018,12,2018_12_SF_TB,TB,0.1479995592333747,0.09092988994296135,0.41901199591199,-0.2164654418171769,0.4852941176470588,68,68,59
2018,12,2018_12_TEN_HOU,HOU,0.25432861618772945,-0.026151745338809613,0.29433126377881746,0.22159917724956651,0.48333333333333334,60,60,52
2018,12,2018_12_TEN_HOU,TEN,0.026151745338809613,-0.25432861618772945,0.19451469841198354,-0.18613197810127927,0.4423076923076923,52,52,60
2018,12,2018_12_WAS_DAL,DAL,0.09696734984148081,0.07717472344185934,0.22468982548206584,-0.04272910789040907,0.4626865671641791,67,67,60
2018,12,2018_12_WAS_DAL,WAS,-0.07717472344185934,-0.09696734984148081,-0.12899970252105367,0.03465812615008632,0.4666666666666667,60,60,67
2018,13,2018_13_ARI_GB,ARI,0.07356999657866507,-0.005037538866715183,-0.07378779231871588,0.22092778547604602,0.35714285714285715,56,56,74
2018,13,2018_13_ARI_GB,GB,0.005037538866715183,-0.07356999657866507,0.04941818175358235,-0.09337171275199027,0.4594594594594595,74,74,56
2018,13,2018_13_BAL_ATL,ATL,-0.49681401649359996,0.10056664626873135,-0.5020385744042539,-0.48524535254858037,0.35555555555555557,45,45,75
2018,13,2018_13_BAL_ATL,BAL,-0.10056664626873135,0.49681401649359996,-0.2879860805557425,0.011087484795871029,0.44,75,75,45
2018,13,2018_13_BUF_MIA,BUF,0.059978352947036497,0.11505607323245688,-0.05048667899063705,0.1882603255198187,0.44776119402985076,67,67,48
2018,13,2018_13_BUF_MIA,MIA,-0.11505607323245688,-0.059978352947036497,-0.024355959129968175,-0.23167050564994238,0.375,48,48,67
2018,13,2018_13_CAR_TB,CAR,-0.043601852548414644,0.015109774086365099,-0.22251684777002909,0.41362535746237783,0.515625,64,64,59
2018,13,2018_13_CAR_TB,TB,-0.015109774086365099,0.043601852548414644,0.27284966000126376,-0.4067346044455403,0.4067796610169492,59,59,64
2018,13,2018_13_CHI_NYG,CHI,-0.12285769661261157,0.09121525382296089,-0.19640524763513234,-0.019431452987191733,0.4025974025974026,77,77,68
2018,13,2018_13_CHI_NYG,NYG,-0.09121525382296089,0.12285769661261157,-0.05310566063939682,-0.14246608603534014,0.35294117647058826,68,68,77
2018,13,2018_13_CLE_HOU,CLE,-0.2035375465812965,-0.07711484847183606,-0.22751503236005302,-0.09164261294709933,0.49019607843137253,51,51,73
2018,13,2018_13_CLE_HOU,HOU,0.07711484847183606,0.2035375465812965,0.15406336778372257,0.006241212263519533,0.4246575342465753,73,73,51
2018,13,2018_13_DEN_CIN,CIN,-0.18065983170373368,-0.057530018721379146,-0.21515991925249198,-0.11915967563855583,0.328125,64,64,56
2018,13,2018_13_DEN_CIN,DEN,0.057530018721379146,0.18065983170373368,0.12041375853279054,0.013701957640698481,0.48214285714285715,56,56,64
2018,13,2018_13_IND_JAX,IND,-0.3032384794197229,0.28526739072598556,-0.20001186052527786,-0.6580799818693777,0.352112676056338,71,71,54
2018,13,2018_13_IND_JAX,JAX,-0.28526739072598556,0.3032384794197229,-0.049125786796437386,-0.5214089946555338,0.2777777777777778,54,54,71
2018,13,2018_13_KC_OAK,KC,0.2870067047394823,-0.045677265775167786,0.32559475482710615,0.23269759720875247,0.49230769230769234,65,65,70
2018,13,2018_13_KC_OAK,LV,0.045677265775167786,-0.2870067047394823,0.30430180430321546,-0.3199643231782789,0.4857142857142857,70,70,65
2018,13,2018_13_LAC_PIT,LAC,0.27668828508775817,-0.11029104078315603,0.4570511913367735,-0.05124427172863348,0.5,62,62,63
2018,13,2018_13_LAC_PIT,PIT,0.11029104078315603,-0.27668828508775817,0.12774302879302243,0.06306801440351752,0.4444444444444444,63,63,62
2018,13,2018_13_LA_DET,DET,-0.2256051852082277,-0.0037907531280091497,-0.2445888599589687,-0.19785981441868314,0.390625,64,64,62
2018,13,2018_13_LA_DET,LA,0.0037907531280091497,0.2256051852082277,-0.14376092245079444,0.1950614436931249,0.41935483870967744,62,62,64
2018,13,2018_13_MIN_NE,MIN,-0.14501577366865337,-0.12882196921405703,-0.25230571458232204,0.23462555571817434,0.423728813559322,59,59,70
2018,13,2018_13_MIN_NE,NE,0.12882196921405703,0.14501577366865337,0.2933726765142533,-0.009747047459792444,0.5714285714285714,70,70,59
2018,13,2018_13_NO_DAL,DAL,-0.08973497302549886,0.34708133332658,-0.05168816775697858,-0.13729347961114918,0.42857142857142855,63,63,49
2018,13,2018_13_NO_DAL,NO,-0.34708133332658,0.08973497302549886,-0.3125345328244308,-0.4016289130668156,0.32653061224489793,49,49,63
2018,13,2018_13_NYJ_TEN,NYJ,-0.12829328874027368,0.08954384758672976,-0.21493273618516529,-0.04427927909674245,0.35384615384615387,65,65,59
2018,13,2018_13_NYJ_TEN,TEN,-0.08954384758672976,0.12829328874027368,-0.21769445934447948,0.14234773559396022,0.3728813559322034,59,59,65
2018,13,2018_13_SF_SEA,SEA,0.35992243974504695,0.09543510285594296,0.5373360294379801,0.23319844710723764,0.4375,48,48,73
2018,13,2018_13_SF_SEA,SF,-0.09543510285594296,-0.35992243974504695,0.11251523122797263,-0.5200003682772706,0.410958904109589,73,73,48
2018,13,2018_13_WAS_PHI,PHI,0.11572932453067614,0.14443380925093496,0.33899153559263384,-0.1922185527961621,0.5072463768115942,69,69,42
2018,13,2018_13_WAS_PHI,WAS,-0.14443380925093496,-0.11572932453067614,-0.29645632325985644,0.15961121876690804,0.35714285714285715,42,42,69
2018,14,2018_14_ATL_GB,ATL,0.008119956236934445,-0.1248930078570081,0.14947972243120342,-0.25103961511922535,0.5147058823529411,68,68,60
2018,14,2018_14_ATL_GB,GB,0.1248930078570081,-0.008119956236934445,0.07758746320385157,0.19585132483674292,0.43333333333333335,60,60,68
2018,14,2018_14_BAL_KC,BAL,0.07936713478184512,-0.12173667642418044,0.2202721013187541,-0.01926634179399116,0.47058823529411764,68,68,83
2018,14,2018_14_BAL_KC,KC,0.12173667642418044,-0.07936713478184512,0.21148410824262331,-0.06440614512518258,0.4578313253012048,83,83,68
2018,14,2018_14_CAR_CLE,CAR,0.00421270885254735,-0.03512779920462682,-0.04401093678086652,0.08908632516735576,0.391304347826087,69,69,43
2018,14,2018_14_CAR_CLE,CLE,0.03512779920462682,-0.00421270885254735,-0.06267977824011604,0.15867421281903885,0.3953488372093023,43,43,69
2018,14,2018_14_CIN_LAC,CIN,0.02650929801180458,-0.06639599153361954,0.10395851793538592,-0.050939921911776764,0.421875,64,64,56
2018,14,2018_14_CIN_LAC,LAC,0.06639599153361954,-0.02650929801180458,0.11635848069713951,0.004442504970854752,0.5,56,56,64
2018,14,2018_14_DEN_SF,DEN,-0.10330718952838132,-0.05341493048301137,-0.15207204820895145,-0.020782044068954956,0.3142857142857143,70,70,62
2018,14,2018_14_DEN_SF,SF,0.05341493048301137,0.10330718952838132,0.20724156501589222,-0.15957579425482366,0.4032258064516129,62,62,70
2018,14,2018_14_DET_ARI,ARI,-0.32957346889225503,0.20503998877927926,-0.295228555304549,-0.40153424021887724,0.2923076923076923,65,65,55
2018,14,2018_14_DET_ARI,DET,-0.20503998877927926,0.32957346889225503,-0.4557480218694157,-0.010943447032076822,0.32727272727272727,55,55,65
2018,14,2018_14_IND_HOU,HOU,0.02164087486658793,-0.12636940932441226,0.08412674119625631,-0.08583481522044167,0.4411764705882353,68,68,63
2018,14,2018_14_IND_HOU,IND,0.12636940932441226,-0.02164087486658793,0.2575365134673564,-0.15563986458291765,0.5079365079365079,63,63,68
2018,14,2018_14_JAX_TEN,JAX,-0.20632001813712783,-0.24074102661732194,-0.2055667947762289,-0.20818325487198308,0.4090909090909091,66,66,55
2018,14,2018_14_JAX_TEN,TEN,0.24074102661732194,0.20632001813712783,0.08690592696403603,0.36893694299506025,0.45454545454545453,55,55,66
2018,14,2018_14_LA_CHI,CHI,-0.20036540806981706,0.3322392943954097,-0.4681164240551847,0.05115827361340709,0.390625,64,64,61
2018,14,2018_14_LA_CHI,LA,-0.3322392943954097,0.20036540806981706,-0.4121201725027323,-0.03729451369144954,0.36065573770491804,61,61,64
2018,14,2018_14_MIN_SEA,MIN,-0.30299924057681926,0.07777183506158264,-0.3407855697439525,-0.23687316453433596,0.43636363636363634,55,55,63
2018,14,2018_14_MIN_SEA,SEA,-0.07777183506158264,0.30299924057681926,-0.5669913899306068,0.2035294089881063,0.4126984126984127,63,63,55
2018,14,2018_14_NE_MIA,MIA,0.454205388628826,-0.17557655049229975,0.3666155216487823,0.5543080937488758,0.5111111111111111,45,45,75
2018,14,2018_14_NE_MIA,NE,0.17557655049229975,-0.454205388628826,0.441020284139229,-0.22258904997809417,0.4266666666666667,75,75,45
2018,14,2018_14_NO_TB,NO,0.02787424407219788,0.05837752921266911,0.040772252773837836,0.013641958608319306,0.47540983606557374,61,61,65
2018,14,2018_14_NO_TB,TB,-0.05837752921266911,-0.02787424407219788,-0.08547064930818908,-0.008903135994763074,0.35384615384615387,65,65,61
2018,14,2018_14_NYG_WAS,NYG,0.08929654678457488,0.3107319676393201,0.042392260950371394,0.1305154646388749,0.3870967741935484,62,62,59
2018,14,2018_14_NYG_WAS,WAS,-0.3107319676393201,-0.08929654678457488,-0.391571711883339,-0.17477421595619738,0.3898305084745763,59,59,62
2018,14,2018_14_NYJ_BUF,BUF,0.01716068093121159,-0.061534277090222404,-0.16938944154249175,0.2578705163811514,0.39436619718309857,71,71,50
2018,14,2018_14_NYJ_BUF,NYJ,0.061534277090222404,-0.01716068093121159,0.2134572467755788,-0.09038869259513399,0.38,50,50,71
2018,14,2018_14_PHI_DAL,DAL,0.06409899421399724,0.06311925987858463,0.21663037159806886,-0.17740901997744946,0.4946236559139785,93,93,48
2018,14,2018_14_PHI_DAL,PHI,-0.06311925987858463,-0.06409899421399724,0.15108145871021755,-0.5833210050228185,0.4791666666666667,48,48,93
2018,14,2018_14_PIT_OAK,LV,0.15558547834628614,-0.14203738279768882,0.3337265291629502,-0.12647118544676536,0.43548387096774194,62,62,58
2018,14,2018_14_PIT_OAK,PIT,0.14203738279768882,-0.15558547834628614,0.27573039134749056,-0.1323851084361147,0.5172413793103449,58,58,62
2018,15,2018_15_ARI_ATL,ARI,-0.3575794373109602,-0.1674142640269983,-0.4039957816631338,-0.26253644649460467,0.34375,64,64,66
2018,15,2018_15_ARI_ATL,ATL,0.1674142640269983,0.3575794373109602,0.0669137075314825,0.3125817345205211,0.4696969696969697,66,66,64
2018,15,2018_15_CLE_DEN,CLE,-0.08645314607557993,0.08626010201618983,-0.06915248104156356,-0.1075984033393777,0.43333333333333335,60,60,68
2018,15,2018_15_CLE_DEN,DEN,-0.08626010201618983,0.08645314607557993,0.0047929210649023555,-0.32108105627795386,0.4411764705882353,68,68,60
2018,15,2018_15_DAL_IND,DAL,-0.15760297122654549,-0.0791976153361278,-0.2797293969621742,0.07554747790510935,0.46875,64,64,62
2018,15,2018_15_DAL_IND,IND,0.0791976153361278,0.15760297122654549,0.2566274170547261,-0.04894613034952652,0.46774193548387094,62,62,64
2018,15,2018_15_DET_BUF,BUF,-0.013647330699548606,-0.050508983987919684,0.09793260152650031,-0.09972327841678634,0.41935483870967744,62,62,56
2018,15,2018_15_DET_BUF,DET,0.050508983987919684,0.013647330699548606,0.073245359853678,0.02427470414281393,0.42857142857142855,56,56,62
2018,15,2018_15_GB_CHI,CHI,0.02714788643634216,0.04441799334371523,0.4387180543555064,-0.39912121605136364,0.47368421052631576,57,57,67
2018,15,2018_15_GB_CHI,GB,-0.04441799334371523,-0.02714788643634216,-0.025517213723498938,-0.09216733133163009,0.417910447761194,67,67,57
2018,15,2018_15_HOU_NYJ,HOU,0.04824544839295287,0.03731091339989737,0.1974991883023671,-0.26891874891455236,0.4,50,50,72
2018,15,2018_15_HOU_NYJ,NYJ,-0.03731091339989737,-0.04824544839295287,0.1359478997042527,-0.26645966621506356,0.3888888888888889,72,72,50
2018,15,2018_15_LAC_KC,KC,0.24834951738396413,-0.1690813915070886,0.2828362592748211,0.17531876985038466,0.5094339622641509,53,53,68
2018,15,2018_15_LAC_KC,LAC,0.1690813915070886,-0.24834951738396413,0.15062563985669775,0.20291693619947182,0.5,68,68,53
2018,15,2018_15_MIA_MIN,MIA,-0.40735620901878566,-0.10923712198201851,-0.7314716900676679,0.12743433471187018,0.2641509433962264,53,53,61
2018,15,2018_15_MIA_MIN,MIN,0.10923712198201851,0.40735620901878566,-0.0704102361166013,0.21797104925223576,0.4918032786885246,61,61,53
2018,15,2018_15_NE_PIT,NE,0.059568332655804364,-0.12457622777637038,0.04515721412325228,0.08763208979814265,0.5,56,56,59
2018,15,2018_15_NE_PIT,PIT,0.12457622777637038,-0.059568332655804364,0.10982934853530862,0.1476582996319453,0.5254237288135594,59,59,56
2018,15,2018_15_NO_CAR,CAR,-0.15370719930693408,0.11859354140261977,-0.1455334781203419,-0.16543471231378373,0.3392857142857143,56,56,68
2018,15,2018_15_NO_CAR,NO,-0.11859354140261977,0.15370719930693408,-0.20071856013164063,-0.014568517679193368,0.4411764705882353,68,68,56
2018,15,2018_15_OAK_CIN,CIN,-0.03560311511798418,0.18874536320867852,-0.1682170302689808,0.08305144054343384,0.3055555555555556,72,72,57
2018,15,2018_15_OAK_CIN,LV,-0.18874536320867852,0.03560311511798418,-0.10130620574553774,-0.4128082042079768,0.42105263157894735,57,57,72
2018,15,2018_15_PHI_LA,LA,-0.06211242564009275,-0.10222311150592667,-0.0915325447059042,0.02778238261655335,0.5068493150684932,73,73,61
2018,15,2018_15_PHI_LA,PHI,0.10222311150592667,0.06211242564009275,0.2499881664526993,-0.05046744527240506,0.4098360655737705,61,61,73
2018,15,2018_15_SEA_SF,SEA,0.15394311721473602,-0.0021388170306415122,0.25377015546634946,0.05696828005602583,0.42028985507246375,69,69,56
2018,15,2018_15_SEA_SF,SF,0.0021388170306415122,-0.15394311721473602,0.2881175477579824,-0.3791661572724796,0.39285714285714285,56,56,69
2018,15,2018_15_TB_BAL,BAL,0.05364773917382407,0.18621461843138826,-0.0006566815114208958,0.08316101128537025,0.4507042253521127,71,71,47
2018,15,2018_15_TB_BAL,TB,-0.18621461843138826,-0.05364773917382407,-0.3497940911336943,0.01631234777146684,0.3617021276595745,47,47,71
2018,15,2018_15_TEN_NYG,NYG,-0.25723180923211786,-0.06616133457636089,-0.24797910528487843,-0.28441162707713374,0.2857142857142857,63,63,64
2018,15,2018_15_TEN_NYG,TEN,0.06616133457636089,0.25723180923211786,-0.14714639490256742,0.17789395477960906,0.46875,64,64,63
2018,15,2018_15_WAS_JAX,JAX,-0.30265549152448046,0.018038475378245402,-0.9268390367704182,0.24950687542384908,0.30612244897959184,49,49,60
2018,15,2018_15_WAS_JAX,WAS,-0.018038475378245402,0.30265549152448046,0.09508776892601542,-0.11702393914447362,0.38333333333333336,60,60,49
2018,16,2018_16_ATL_CAR,ATL,0.1491606200274291,0.16472931984746228,0.22524980038342257,0.04644022654683795,0.44680851063829785,47,47,83
2018,16,2018_16_ATL_CAR,CAR,-0.16472931984746228,-0.1491606200274291,-0.32782268911853013,0.21364729686141523,0.4578313253012048,83,83,47
2018,16,2018_16_BAL_LAC,BAL,-0.10751012609351247,0.4003046360262686,0.1094394390768533,-0.26703186518936967,0.3389830508474576,59,59,57
2018,16,2018_16_BAL_LAC,LAC,-0.4003046360262686,0.10751012609351247,-0.47879694173328535,-0.19916810265203821,0.3508771929824561,57,57,59
2018,16,2018_16_BUF_NE,BUF,-0.3456088509447847,0.189175140723575,-0.42212827703227773,-0.16706352340730113,0.36666666666666664,60,60,71
2018,16,2018_16_BUF_NE,NE,-0.189175140723575,0.3456088509447847,-0.7457417740638798,0.13239669187304554,0.39436619718309857,71,71,60
2018,16,2018_16_CHI_SF,CHI,0.07761507252454791,0.0980681998610696,0.22816117200154173,-0.10767243452405986,0.5517241379310345,58,58,54
2018,16,2018_16_CHI_SF,SF,-0.0980681998610696,-0.07761507252454791,-0.05486547403650624,-0.21039528700493432,0.4074074074074074,54,54,58
2018,16,2018_16_CIN_CLE,CIN,0.013517500708549783,-0.386987668766768,0.09029577545286556,-0.063260774035766,0.43478260869565216,46,46,63
2018,16,2018_16_CIN_CLE,CLE,0.386987668766768,-0.013517500708549783,0.4916374376438178,0.22792002007365228,0.5555555555555556,63,63,46
2018,16,2018_16_DEN_OAK,DEN,0.005198503763357445,-0.05181893890777956,-0.07220236799662115,0.12774988404999021,0.41935483870967744,62,62,54
2018,16,2018_16_DEN_OAK,LV,0.05181893890777956,-0.005198503763357445,0.15348436329152554,-0.04984648547596643,0.4444444444444444,54,54,62
2018,16,2018_16_GB_NYJ,GB,0.3432160052919138,-0.28927763155543124,0.2696950607393829,0.5601027917218803,0.569620253164557,79,79,57
2018,16,2018_16_GB_NYJ,NYJ,0.28927763155543124,-0.3432160052919138,0.5435756120837706,-0.18117363242199644,0.543859649122807,57,57,79
2018,16,2018_16_HOU_PHI,HOU,0.13941653435534015,-0.1344926500803046,0.18002240370448047,0.04538188954680472,0.4603174603174603,63,63,73
2018,16,2018_16_HOU_PHI,PHI,0.1344926500803046,-0.13941653435534015,0.361888154420956,-0.39265147361847835,0.4383561643835616,73,73,63
2018,16,2018_16_JAX_MIA,JAX,-0.03217200616664241,0.3788621077111023,-0.08497502444231549,0.02063101210903066,0.5,60,60,43
2018,16,2018_16_JAX_MIA,MIA,-0.3788621077111023,0.03217200616664241,-0.33113995372039257,-0.44514287714264356,0.37209302325581395,43,43,60
2018,16,2018_16_KC_SEA,KC,0.19004906030163288,-0.2655513350152718,0.16628870032276682,0.2387577982583083,0.5409836065573771,61,61,71
2018,16,2018_16_KC_SEA,SEA,0.2655513350152718,-0.19004906030163288,0.40681727929699973,0.14964081663026427,0.4788732394366197,71,71,61
2018,16,2018_16_LA_ARI,ARI,-0.11812453101400827,-0.2907920028215044,-0.14818738686736235,-0.05966897796581976,0.33962264150943394,53,53,65
2018,16,2018_16_LA_ARI,LA,0.2907920028215044,0.11812453101400827,0.1650275076154784,0.37463499962552177,0.6615384615384615,65,65,53
2018,16,2018_16_MIN_DET,DET,-0.40847552658823494,-0.02608384273576607,-0.4635321046149669,-0.29836237053477105,0.3188405797101449,69,69,58
2018,16,2018_16_MIN_DET,MIN,0.02608384273576607,0.40847552658823494,0.32849134978893374,-0.2979242005354851,0.3793103448275862,58,58,69
2018,16,2018_16_NYG_IND,IND,0.211149807730239,-0.25821088160978517,0.2799575419674201,-0.004447759546261902,0.532258064516129,62,62,61
2018,16,2018_16_NYG_IND,NYG,0.25821088160978517,-0.211149807730239,0.5607165853645079,-0.09831369781542369,0.47540983606557374,61,61,62
2018,16,2018_16_PIT_NO,NO,0.07785990237773793,-0.08040563203744669,0.0981871496744832,0.03042965868533227,0.4666666666666667,60,60,70
2018,16,2018_16_PIT_NO,PIT,0.08040563203744669,-0.07785990237773793,0.27592625816371574,-0.5291586729444508,0.44285714285714284,70,70,60
2018,16,2018_16_TB_DAL,DAL,-0.02671502943434012,0.09815838842717471,0.09563664025095082,-0.17131245724422942,0.4375,48,48,75
2018,16,2018_16_TB_DAL,TB,-0.09815838842717471,0.02671502943434012,0.15898872457301536,-0.6445960035525786,0.4533333333333333,75,75,48
2018,16,2018_16_WAS_TEN,TEN,0.07287552115323147,0.019331746855845263,0.20288268722560268,-0.06194672514404239,0.43636363636363634,55,55,59
2018,16,2018_16_WAS_TEN,WAS,-0.019331746855845263,-0.07287552115323147,-0.11137452679876209,0.04834676780806416,0.5423728813559322,59,59,55
2018,17,2018_17_ARI_SEA,ARI,-0.3448438106218145,0.12633395667603445,-0.5305026700886327,-0.047789635474905376,0.2923076923076923,65,65,60
2018,17,2018_17_ARI_SEA,SEA,-0.12633395667603445,0.3448438106218145,-0.3736306790777355,0.07599972528899371,0.36666666666666664,60,60,65
2018,17,2018_17_ATL_TB,ATL,0.20603710399772532,-0.1521754649514179,0.3691232536908938,-0.07181337325730258,0.5068493150684932,73,73,58
2018,17,2018_17_ATL_TB,TB,0.1521754649514179,-0.20603710399772532,0.22516878358533374,0.013488159546977841,0.5172413793103449,58,58,73
2018,17,2018_17_CAR_NO,CAR,0.08145201898468094,0.13019900197533013,0.3408110083493948,-0.1358487558884577,0.45588235294117646,68,68,51
2018,17,2018_17_CAR_NO,NO,-0.13019900197533013,-0.08145201898468094,-0.2964375034571276,0.017568554897378717,0.37254901960784315,51,51,68
2018,17,2018_17_CHI_MIN,CHI,0.07404956903288334,0.44035862944034054,0.0948488031340487,0.058450143457009336,0.3968253968253968,63,63,52
2018,17,2018_17_CHI_MIN,MIN,-0.44035862944034054,-0.07404956903288334,-0.618713324174043,-0.0004170490972076853,0.3269230769230769,52,52,63
2018,17,2018_17_CIN_PIT,CIN,-0.22715625793852717,0.08949206251712696,-0.43860370450357833,0.10176199227377462,0.2826086956521739,46,46,64
2018,17,2018_17_CIN_PIT,PIT,-0.08949206251712696,0.22715625793852717,-0.07001905880630266,-0.13925640533367792,0.46875,64,64,46
2018,17,2018_17_CLE_BAL,BAL,0.09278804863689168,-0.10046546629273372,0.004568651863346011,0.14375925566160694,0.43661971830985913,71,71,56
2018,17,2018_17_CLE_BAL,CLE,0.10046546629273372,-0.09278804863689168,0.18268349927696054,-0.1461886326599467,0.4107142857142857,56,56,71
2018,17,2018_17_DAL_NYG,DAL,0.24586653777433787,-0.17317954488419818,0.41017812628460276,-0.16923642267264719,0.40298507462686567,67,67,68
2018,17,2018_17_DAL_NYG,NYG,0.17317954488419818,-0.24586653777433787,0.0970426096722861,0.3041350734486869,0.47058823529411764,68,68,67
2018,17,2018_17_DET_GB,DET,0.2992948256648042,0.36333446027605204,0.6349930371984024,-0.017753485228038497,0.4714285714285714,70,70,55
2018,17,2018_17_DET_GB,GB,-0.36333446027605204,-0.2992948256648042,-0.5574981658345288,0.2639636653744114,0.2727272727272727,55,55,70
2018,17,2018_17_IND_TEN,IND,0.08489509548757891,0.34024738467727383,0.19561114850361871,-0.035886053257191776,0.4927536231884058,69,69,45
2018,17,2018_17_IND_TEN,TEN,-0.34024738467727383,-0.08489509548757891,-0.5290365611574662,0.0019329976930748671,0.4,45,45,69
2018,17,2018_17_JAX_HOU,HOU,-0.05519301943841779,0.4585689793579933,-0.058459927415959415,-0.05100729359219258,0.4246575342465753,73,73,47
2018,17,2018_17_JAX_HOU,JAX,-0.4585689793579933,0.05519301943841779,-0.45980122906040194,-0.45618149555957643,0.2765957446808511,47,47,73
2018,17,2018_17_LAC_DEN,DEN,-0.24345562904983944,0.19334943057641932,-0.16438229404663482,-0.4016022990562487,0.4,75,75,53
2018,17,2018_17_LAC_DEN,LAC,-0.19334943057641932,0.24345562904983944,-0.16882871940732003,-0.21524292269168654,0.39622641509433965,53,53,75
2018,17,2018_17_MIA_BUF,BUF,0.25507518939851137,0.37575839225717406,0.2312779826709259,0.2758017888064084,0.4827586206896552,58,58,61
2018,17,2018_17_MIA_BUF,MIA,-0.37575839225717406,-0.25507518939851137,-0.4322456155898349,-0.2944167906581424,0.39344262295081966,61,61,58
2018,17,2018_17_NYJ_NE,NE,0.2279300786422967,0.46686246501399836,0.3817909988456263,0.034179290238103864,0.5409836065573771,61,61,55
2018,17,2018_17_NYJ_NE,NYJ,-0.46686246501399836,-0.2279300786422967,-0.3152566940740412,-0.6777922332782865,0.34545454545454546,55,55,61
2018,17,2018_17_OAK_KC,KC,0.27878311989095306,0.3339404162525136,0.605180059402267,-0.06016754806310368,0.4528301886792453,53,53,65
2018,17,2018_17_OAK_KC,LV,-0.3339404162525136,-0.27878311989095306,-0.4513135324320641,-0.1882358582365198,0.5076923076923077,65,65,53
2018,17,2018_17_PHI_WAS,PHI,0.17833263276162586,0.5007802794981134,0.24470696596833075,0.10158730999137333,0.5507246376811594,69,69,44
2018,17,2018_17_PHI_WAS,WAS,-0.5007802794981134,-0.17833263276162586,-0.49594260336198204,-0.5136807491944637,0.2727272727272727,44,44,69
2018,17,2018_17_SF_LA,LA,0.14040074449299259,0.051283558808760524,0.5417629992659118,-0.14055283384805078,0.5147058823529411,68,68,58
2018,17,2018_17_SF_LA,SF,-0.051283558808760524,-0.14040074449299259,0.05102610949551485,-0.23154345058296,0.43103448275862066,58,58,68
2019,1,2019_01_ATL_MIN,ATL,-0.22716974523517075,-0.20226424587692352,-0.15154028615002663,-0.45850691420149386,0.391304347826087,69,69,47
2019,1,2019_01_ATL_MIN,MIN,0.20226424587692352,0.22716974523517075,0.765351377332329,0.030209844598882936,0.44680851063829785,47,47,69
2019,1,2019_01_BAL_MIA,BAL,0.6602583175086832,0.24775125673031814,1.4070257927302847,0.20201463953179138,0.5492957746478874,71,71,47
2019,1,2019_01_BAL_MIA,MIA,-0.24775125673031814,-0.6602583175086832,-0.1664316657124484,-0.48493339719910483,0.3404255319148936,47,47,71
2019,1,2019_01_BUF_NYJ,BUF,-0.1258214523748217,0.09981844550461276,-0.1708104417853879,-0.05458888580809192,0.5,62,62,67
2019,1,2019_01_BUF_NYJ,NYJ,-0.09981844550461276,0.1258214523748217,-0.07734283560750971,-0.14905073385064802,0.43283582089552236,67,67,62
2019,1,2019_01_CIN_SEA,CIN,0.0010857550682123128,0.1704959355516389,0.15495421157655054,-0.6143880709651406,0.4,70,70,47
2019,1,2019_01_CIN_SEA,SEA,-0.1704959355516389,-0.0010857550682123128,-0.0875843315103945,-0.2570123919425026,0.3191489361702128,47,47,70
2019,1,2019_01_DEN_OAK,DEN,0.12802931741639628,-0.3091336346526406,0.22275306472667544,-0.011997091650972952,0.47368421052631576,57,57,53
2019,1,2019_01_DEN_OAK,LV,0.3091336346526406,-0.12802931741639628,0.66551576017026,-0.034049152882844734,0.5471698113207547,53,53,57
2019,1,2019_01_DET_ARI,ARI,-0.0916371031980363,-0.03797092241164882,-0.12359658380685785,-0.008264545088067003,0.37349397590361444,83,83,78
2019,1,2019_01_DET_ARI,DET,0.03797092241164882,0.0916371031980363,0.2502925892674062,-0.2672414736935025,0.44871794871794873,78,78,83
2019,1,2019_01_GB_CHI,CHI,-0.29548416433544755,0.1866993685447107,-0.2916225334998751,-0.30835626712068914,0.35384615384615387,65,65,55
2019,1,2019_01_GB_CHI,GB,-0.1866993685447107,0.29548416433544755,-0.10830107905868706,-0.32389637514525205,0.34545454545454546,55,55,65
2019,1,2019_01_HOU_NO,HOU,0.28344348249207174,-0.25330853395554115,0.21029481686127838,0.3979370460880961,0.4576271186440678,59,59,63
2019,1,2019_01_HOU_NO,NO,0.25330853395554115,-0.28344348249207174,0.3215037588276668,0.11691808421128974,0.5873015873015873,63,63,59
2019,1,2019_01_IND_LAC,IND,0.2682931959444232,-0.2159501017488423,0.22652640632474877,0.3039178106200279,0.5714285714285714,63,63,59
2019,1,2019_01_IND_LAC,LAC,0.2159501017488423,-0.2682931959444232,0.20988804689026347,0.22691953435008014,0.4915254237288136,59,59,63
2019,1,2019_01_KC_JAX,JAX,0.20049520811827726,-0.4064059757872138,0.30744796604189784,-0.03346394983964274,0.5294117647058824,51,51,59
2019,1,2019_01_KC_JAX,KC,0.4064059757872138,-0.20049520811827726,0.6840776927618394,0.0287724407017231,0.576271186440678,59,59,51
2019,1,2019_01_LA_CAR,CAR,-0.13203190591332745,-0.025816405367080072,-0.21620372597162207,0.01435386810109809,0.4603174603174603,63,63,70
2019,1,2019_01_LA_CAR,LA,0.025816405367080072,0.13203190591332745,-0.04752651547965277,0.1236069664960572,0.4714285714285714,70,70,63
2019,1,2019_01_NYG_DAL,DAL,0.40848113953737386,-0.12706134733518093,0.9442976920763613,-0.20388063479289745,0.5166666666666667,60,60,66
2019,1,2019_01_NYG_DAL,NYG,0.12706134733518093,-0.40848113953737386,0.04140404024051981,0.3739559383727336,0.5303030303030303,66,66,60
2019,1,2019_01_PIT_NE,NE,0.23634099697278926,0.22627144962748702,0.4980051267931645,-0.1065292421021852,0.43283582089552236,67,67,60
2019,1,2019_01_PIT_NE,PIT,-0.22627144962748702,-0.23634099697278926,-0.17414617912276156,-0.41472435068303287,0.35,60,60,67
2019,1,2019_01_SF_TB,SF,-0.15595591766324804,0.37770229795572624,-0.0736499285048246,-0.2355183738497241,0.3898305084745763,59,59,64
2019,1,2019_01_SF_TB,TB,-0.37770229795572624,0.15595591766324804,-0.6587768277924047,0.06077396858949214,0.40625,64,64,59
2019,1,2019_01_TEN_CLE,CLE,-0.3518784212767117,-0.13506536190383478,-0.41359650040435236,-0.21918455115228425,0.3968253968253968,63,63,54
2019,1,2019_01_TEN_CLE,TEN,0.13506536190383478,0.3518784212767117,0.22471431248427365,0.03852033820182372,0.4074074074074074,54,54,63
2019,1,2019_01_WAS_PHI,PHI,0.22997134960961052,-0.2747572134382364,0.4347459754300969,-0.03425397402972674,0.43661971830985913,71,71,57
2019,1,2019_01_WAS_PHI,WAS,0.2747572134382364,-0.22997134960961052,0.5023285339399488,-0.4954841790290979,0.45614035087719296,57,57,71
2019,2,2019_02_ARI_BAL,ARI,0.11049634496107354,-0.16846542023483962,0.24318635466494296,-0.4082009656995069,0.4074074074074074,54,54,70
2019,2,2019_02_ARI_BAL,BAL,0.16846542023483962,-0.11049634496107354,0.22904230355940194,0.09225579282651926,0.45714285714285713,70,70,54
2019,2,2019_02_BUF_NYG,BUF,0.1675119362874494,0.06591910502046353,0.19161580267686848,0.14265482407336094,0.4307692307692308,65,65,66
2019,2,2019_02_BUF_NYG,NYG,-0.06591910502046353,-0.1675119362874494,-0.1887233884614654,0.21653074689384083,0.4393939393939394,66,66,65
2019,2,2019_02_CHI_DEN,CHI,0.021766019783829398,-0.044482931971884104,-0.00454246774753485,0.04626012886475474,0.4107142857142857,56,56,77
2019,2,2019_02_CHI_DEN,DEN,0.044482931971884104,-0.021766019783829398,0.15199663053853832,-0.1929431523628106,0.44155844155844154,77,77,56
2019,2,2019_02_CLE_NYJ,CLE,-0.04325741570662695,0.36427102597209843,0.04444552924265348,-0.19778165204583534,0.3275862068965517,58,58,59
2019,2,2019_02_CLE_NYJ,NYJ,-0.36427102597209843,0.04325741570662695,-0.45636973149874915,-0.2299604137457328,0.2711864406779661,59,59,58
2019,2,2019_02_DAL_WAS,DAL,0.3057698520424318,-0.0970324739297481,0.4006933422304796,0.2165993006536596,0.5625,64,64,54
2019,2,2019_02_DAL_WAS,WAS,0.0970324739297481,-0.3057698520424318,0.1836586088665124,-0.10870459654506703,0.48148148148148145,54,54,64
2019,2,2019_02_IND_TEN,IND,-0.0211014233525872,0.07611503233462419,-0.1583057103707688,0.10362974666394152,0.4126984126984127,63,63,54
2019,2,2019_02_IND_TEN,TEN,-0.07611503233462419,0.0211014233525872,-0.10658135078035397,-0.03803213427746197,0.42592592592592593,54,54,63
2019,2,2019_02_JAX_HOU,HOU,-0.08828306937459403,0.09129434875745945,-0.17598753069211073,0.011518559021200856,0.41935483870967744,62,62,59
2019,2,2019_02_JAX_HOU,JAX,-0.09129434875745945,0.08828306937459403,-0.17414306161031312,0.04804212285870347,0.3898305084745763,59,59,62
2019,2,2019_02_KC_OAK,KC,0.23488001545036294,0.1486501954710885,0.5598419051093515,-0.47694126665980247,0.43283582089552236,67,67,60
2019,2,2019_02_KC_OAK,LV,-0.1486501954710885,-0.23488001545036294,-0.3116840950679034,0.20315979839572265,0.43333333333333335,60,60,67
2019,2,2019_02_LAC_DET,DET,0.005383555281319511,0.030562898550191692,0.15793458863867832,-0.16411759289352362,0.45614035087719296,57,57,62
2019,2,2019_02_LAC_DET,LAC,-0.030562898550191692,-0.005383555281319511,0.024861327791709676,-0.11259075353620573,0.4838709677419355,62,62,57
2019,2,2019_02_MIN_GB,GB,-0.12202713655668945,0.06922339493724645,-0.002506795682064775,-0.2524129629653709,0.391304347826087,69,69,60
2019,2,2019_02_MIN_GB,MIN,-0.06922339493724645,0.12202713655668945,-0.40811100546350987,0.3449725734837422,0.38333333333333336,60,60,69
2019,2,2019_02_NE_MIA,MIA,-0.7320046312286381,-0.19157023891139519,-0.8798991021442065,-0.2784615870875617,0.2786885245901639,61,61,64
2019,2,2019_02_NE_MIA,NE,0.19157023891139519,0.7320046312286381,0.532380192985691,-0.10914442644827753,0.5,64,64,61
2019,2,2019_02_NO_LA,LA,0.1516762703954822,0.20869827641665287,0.248871891554199,0.04008129795399252,0.4482758620689655,58,58,57
2019,2,2019_02_NO_LA,NO,-0.20869827641665287,-0.1516762703954822,-0.10571300764579872,-0.39922102364273304,0.38596491228070173,57,57,58
2019,2,2019_02_PHI_ATL,ATL,-0.014196872296773192,0.10146791467433211,0.0394819833126186,-0.16181372522260062,0.38333333333333336,60,60,74
2019,2,2019_02_PHI_ATL,PHI,-0.10146791467433211,0.014196872296773192,-0.06236884903566384,-0.19388388800209347,0.3918918918918919,74,74,60
2019,2,2019_02_SEA_PIT,PIT,-0.0748033934058836,-0.05783463005988379,-0.18711755528878415,0.17790347083064262,0.4807692307692308,52,52,69
2019,2,2019_02_SEA_PIT,SEA,0.05783463005988379,0.0748033934058836,0.3460574632666283,-0.316855053108884,0.4927536231884058,69,69,52
2019,2,2019_02_SF_CIN,CIN,-0.028114195546977947,-0.45202001037368733,0.12856733059439168,-0.40744841673134646,0.36923076923076925,65,65,66
2019,2,2019_02_SF_CIN,SF,0.45202001037368733,0.028114195546977947,0.6866304786791619,0.2995232059751288,0.6060606060606061,66,66,65
2019,2,2019_02_TB_CAR,CAR,-0.23536133776431323,-0.0419350314643748,-0.07603189256842875,-0.688192392531564,0.3698630136986301,73,73,57
2019,2,2019_02_TB_CAR,TB,0.0419350314643748,0.23536133776431323,0.16773194863705918,-0.07952406097821699,0.42105263157894735,57,57,73
2019,3,2019_03_ATL_IND,ATL,0.40683141219785646,-0.25917709492546465,0.6264180706511958,0.01388686549188079,0.5660377358490566,53,53,60
2019,3,2019_03_ATL_IND,IND,0.25917709492546465,-0.40683141219785646,0.4596140622904518,-0.08703221234133128,0.5166666666666667,60,60,53
2019,3,2019_03_BAL_KC,BAL,0.20617406491406667,-0.28735417612757885,0.013032263435181119,0.4731642022525262,0.4567901234567901,81,81,61
2019,3,2019_03_BAL_KC,KC,0.28735417612757885,-0.20617406491406667,0.4290352862601284,0.05327234199554052,0.5573770491803278,61,61,81
2019,3,2019_03_CAR_ARI,ARI,-0.08813342939557849,-0.2749217801589285,-0.2976405861657315,0.3975422522079581,0.4520547945205479,73,73,57
2019,3,2019_03_CAR_ARI,CAR,0.2749217801589285,0.08813342939557849,0.4876566594747211,0.06952258633678385,0.47368421052631576,57,57,73
2019,3,2019_03_CHI_WAS,CHI,0.09390060527745264,0.2723431217794377,0.2609995258456702,-0.14282286552752224,0.4482758620689655,58,58,69
2019,3,2019_03_CHI_WAS,WAS,-0.2723431217794377,-0.09390060527745264,-0.2353037026259354,-0.3570046512731573,0.463768115942029,69,69,58
2019,3,2019_03_CIN_BUF,BUF,-0.02077288820139352,0.19418206116752662,0.01918281938239857,-0.06301177907568802,0.4861111111111111,72,72,56
2019,3,2019_03_CIN_BUF,CIN,-0.19418206116752662,0.02077288820139352,-0.25579611919600886,-0.07419679026995589,0.35714285714285715,56,56,72
2019,3,2019_03_DEN_GB,DEN,-0.1101014736900601,-0.1639860018542353,-0.34513676818148853,0.10019326348648112,0.4444444444444444,72,72,51
2019,3,2019_03_DEN_GB,GB,0.1639860018542353,0.1101014736900601,0.22141210374833353,0.08828795844837861,0.4117647058823529,51,51,72
2019,3,2019_03_DET_PHI,DET,0.05947090115176563,0.15386729515543732,0.16416657825799458,-0.06938531682513152,0.3620689655172414,58,58,69
2019,3,2019_03_DET_PHI,PHI,-0.15386729515543732,-0.05947090115176563,-0.09348693101555938,-0.2323617685372786,0.37681159420289856,69,69,58
2019,3,2019_03_HOU_LAC,HOU,0.22898076150835006,-0.02039923572065631,0.5704227782694902,-0.4539032720139302,0.46296296296296297,54,54,69
2019,3,2019_03_HOU_LAC,LAC,0.02039923572065631,-0.22898076150835006,0.08062614386793328,-0.15024367069662845,0.4492753623188406,69,69,54
2019,3,2019_03_LA_CLE,CLE,-0.16719492140258024,-0.04440392447517004,-0.1246632822280396,-0.2363088350612088,0.36507936507936506,63,63,63
2019,3,2019_03_LA_CLE,LA,0.04440392447517004,0.16719492140258024,0.05245321270281732,0.030405162340131305,0.4444444444444444,63,63,63
2019,3,2019_03_MIA_DAL,DAL,0.22437510520682194,0.2932883657548599,0.152613625624575,0.29613658478906885,0.5454545454545454,66,66,68
2019,3,2019_03_MIA_DAL,MIA,-0.2932883657548599,-0.22437510520682194,-0.18126897114373647,-0.49865725587525284,0.36764705882352944,68,68,66
2019,3,2019_03_NO_SEA,NO,0.10171490987305365,0.02863228037604131,0.3422986530522057,-0.16894180120349242,0.49019607843137253,51,51,75
2019,3,2019_03_NO_SEA,SEA,-0.02863228037604131,-0.10171490987305365,0.20579786338173423,-0.47044293591954134,0.37333333333333335,75,75,51
2019,3,2019_03_NYG_TB,NYG,0.11518651024411668,-0.11505223035551834,0.11411249178328604,0.11756065631542649,0.36065573770491804,61,61,72
2019,3,2019_03_NYG_TB,TB,0.11505223035551834,-0.11518651024411668,0.24075508624150177,-0.042076339501960935,0.4861111111111111,72,72,61
2019,3,2019_03_NYJ_NE,NE,-0.06256293337022098,0.622386504583893,0.03313197612980097,-0.2386415668502614,0.4084507042253521,71,71,47
2019,3,2019_03_NYJ_NE,NYJ,-0.622386504583893,0.06256293337022098,-0.6222182812031221,-0.6226136061479337,0.2127659574468085,47,47,71
2019,3,2019_03_OAK_MIN,LV,-0.04781607202974136,-0.21918364376843208,0.0032497691877570426,-0.14484117034298832,0.41379310344827586,58,58,57
2019,3,2019_03_OAK_MIN,MIN,0.21918364376843208,0.04781607202974136,0.3846095470692067,0.12268520017631353,0.49122807017543857,57,57,58
2019,3,2019_03_PIT_SF,PIT,-0.2740155329590487,0.12190064406662965,-0.22685842047892216,-0.3361771812283063,0.3137254901960784,51,51,72
2019,3,2019_03_PIT_SF,SF,-0.12190064406662965,0.2740155329590487,0.10863689332847681,-0.3169708680163351,0.4861111111111111,72,72,51
2019,3,2019_03_TEN_JAX,JAX,-0.09296622589512467,0.1072173771634698,0.04996908270014038,-0.3186535552560695,0.3469387755102041,49,49,75
2019,3,2019_03_TEN_JAX,TEN,-0.1072173771634698,0.09296622589512467,-0.13705566354518833,-0.05098368359792333,0.3333333333333333,75,75,49
2019,4,2019_04_CAR_HOU,CAR,-0.20731630811738352,0.2962842701272723,-0.2031133102580168,-0.2128702695744038,0.38461538461538464,65,65,61
2019,4,2019_04_CAR_HOU,HOU,-0.2962842701272723,0.20731630811738352,-0.5978739724318669,0.23835202032178165,0.3770491803278688,61,61,65
2019,4,2019_04_CIN_PIT,CIN,-0.3915714192451969,-0.09436227876294098,-0.5817432197830704,0.058835476765556165,0.328125,64,64,53
2019,4,2019_04_CIN_PIT,PIT,0.09436227876294098,0.3915714192451969,0.41566018750064915,-0.3583756835492842,0.5471698113207547,53,53,64
2019,4,2019_04_CLE_BAL,BAL,0.009376780500669831,-0.3878941147427999,-0.046188815901338526,0.08218687233778423,0.5373134328358209,67,67,61
2019,4,2019_04_CLE_BAL,CLE,0.3878941147427999,-0.009376780500669831,0.4374695316258904,0.32946594484487185,0.4426229508196721,61,61,67
2019,4,2019_04_DAL_NO,DAL,-0.17247851617481155,0.13788167724354855,-0.09656807962206303,-0.29773073648684656,0.37735849056603776,53,53,62
2019,4,2019_04_DAL_NO,NO,-0.13788167724354855,0.17247851617481155,-0.22137683512003947,-0.02964721332957881,0.43548387096774194,62,62,53
2019,4,2019_04_JAX_DEN,DEN,0.04337700747999835,-0.16643630139496493,0.12319013668807416,-0.1588162531804604,0.41509433962264153,53,53,76
2019,4,2019_04_JAX_DEN,JAX,0.16643630139496493,-0.04337700747999835,0.08092817977439026,0.2519444230155396,0.4342105263157895,76,76,53
2019,4,2019_04_KC_DET,DET,-0.09691407356059342,-0.11196019751600267,0.12837137403863172,-0.34150970238260925,0.4794520547945205,73,73,67
2019,4,2019_04_KC_DET,KC,0.11196019751600267,0.09691407356059342,0.08141437452336617,0.163277180143632,0.44776119402985076,67,67,73
2019,4,2019_04_LAC_MIA,LAC,0.28949467910714216,0.1266628058313805,0.6727574912884577,-0.11931898721959441,0.5645161290322581,62,62,47
2019,4,2019_04_LAC_MIA,MIA,-0.1266628058313805,-0.28949467910714216,-0.16283378974906085,-0.0683873317417844,0.46808510638297873,47,47,62
2019,4,2019_04_MIN_CHI,CHI,-0.06451099698076845,0.255555814163416,0.20341814619106605,-0.340559205097204,0.34328358208955223,67,67,59
2019,4,2019_04_MIN_CHI,MIN,-0.255555814163416,0.06451099698076845,-0.33216600193402207,-0.04966593452991219,0.3050847457627119,59,59,67
2019,4,2019_04_NE_BUF,BUF,-0.26661217255214975,0.2767816877487351,-0.4060955735277067,0.0377152477581562,0.37142857142857144,70,70,59
2019,4,2019_04_NE_BUF,NE,-0.2767816877487351,0.26661217255214975,-0.4067119097169224,-0.02341775491076987,0.2711864406779661,59,59,70
2019,4,2019_04_OAK_IND,IND,-0.046802709024469105,-0.12976122036590051,-0.032062516400713656,-0.0776231117832305,0.36764705882352944,68,68,63
2019,4,2019_04_OAK_IND,LV,0.12976122036590051,0.046802709024469105,0.2329683334549721,0.023224845564278264,0.4444444444444444,63,63,68
2019,4,2019_04_PHI_GB,GB,0.17167882253090636,-0.291324687124009,0.2517664948710304,-0.04055350917042233,0.5205479452054794,73,73,59
2019,4,2019_04_PHI_GB,PHI,0.291324687124009,-0.17167882253090636,0.26587984436784506,0.3143071257424796,0.5254237288135594,59,59,73
2019,4,2019_04_SEA_ARI,ARI,-0.11238311359560198,-0.15641691894468177,-0.23023827837905053,0.08047079241367748,0.46551724137931033,58,58,59
2019,4,2019_04_SEA_ARI,SEA,0.15641691894468177,0.11238311359560198,0.14131498565330528,0.17431550654927613,0.5423728813559322,59,59,58
2019,4,2019_04_TB_LA,LA,-0.054159890939005355,-0.2859978232182378,-0.04057769815615329,-0.14182677162832327,0.47560975609756095,82,82,72
2019,4,2019_04_TB_LA,TB,0.2859978232182378,0.054159890939005355,0.5487000815066275,-0.1035262149335126,0.4861111111111111,72,72,82
2019,4,2019_04_TEN_ATL,ATL,-0.13244750677969339,-0.05750748534614333,-0.08163163684282075,-0.30581929832902355,0.41333333333333333,75,75,61
2019,4,2019_04_TEN_ATL,TEN,0.05750748534614333,0.13244750677969339,0.2951952915242009,-0.13124459603054942,0.45901639344262296,61,61,75
2019,4,2019_04_WAS_NYG,NYG,-0.01616658519020403,0.5490219237312646,0.2069018765281315,-0.21374150842644407,0.5,66,66,48
2019,4,2019_04_WAS_NYG,WAS,-0.5490219237312646,0.01616658519020403,-0.7143531542441403,-0.2475355622077854,0.2916666666666667,48,48,66
2019,5,2019_05_ARI_CIN,ARI,0.28262861233330866,-0.0980404018064623,0.3143723063185918,0.2558970805562282,0.5142857142857142,70,70,62
2019,5,2019_05_ARI_CIN,CIN,0.0980404018064623,-0.28262861233330866,0.2415051878054925,-0.14522597445276283,0.532258064516129,62,62,70
2019,5,2019_05_ATL_HOU,ATL,0.08402716232984643,-0.5010064449574787,0.13163982871136518,-0.03876339833828082,0.4411764705882353,68,68,67
2019,5,2019_05_ATL_HOU,HOU,0.5010064449574787,-0.08402716232984643,0.9756675755428634,0.04030593585989931,0.5223880597014925,67,67,68
2019,5,2019_05_BAL_PIT,BAL,-0.08720051149783492,0.12473860880084509,-0.21506027361090643,0.018283792245449064,0.3835616438356164,73,73,50
2019,5,2019_05_BAL_PIT,PIT,-0.12473860880084509,0.08720051149783492,-0.1893226158056377,-0.009922596347880445,0.4,50,50,73
2019,5,2019_05_BUF_TEN,BUF,-0.09035984672544921,0.08173201656584271,-0.10751912494015414,-0.06565048609627411,0.4098360655737705,61,61,54
2019,5,2019_05_BUF_TEN,TEN,-0.08173201656584271,0.09035984672544921,-0.04216609289183343,-0.12129794023985198,0.3888888888888889,54,54,61
2019,5,2019_05_CHI_OAK,CHI,-0.012249207069901019,-0.05635393626049741,0.08516716524215606,-0.2070819516940152,0.39215686274509803,51,51,70
2019,5,2019_05_CHI_OAK,LV,0.05635393626049741,0.012249207069901019,0.05235251951329224,0.05972355036340703,0.5142857142857142,70,70,51
2019,5,2019_05_CLE_SF,CLE,-0.5145271746005841,-0.2244321325730714,-0.8185461354432658,-0.04160879106752367,0.2608695652173913,46,46,68
2019,5,2019_05_CLE_SF,SF,0.2244321325730714,0.5145271746005841,0.21792685259626055,0.2298825022833724,0.4411764705882353,68,68,46
2019,5,2019_05_DEN_LAC,DEN,0.01120796916441323,0.3762654245007134,-0.2326070533176016,0.19210298584461777,0.46296296296296297,54,54,63
2019,5,2019_05_DEN_LAC,LAC,-0.3762654245007134,-0.01120796916441323,-0.34060597666220044,-0.48101505252634524,0.3492063492063492,63,63,54
2019,5,2019_05_GB_DAL,DAL,0.058180599259981175,-0.11726493686503187,0.036606726026298574,0.10646498221155655,0.5735294117647058,68,68,62
2019,5,2019_05_GB_DAL,GB,0.11726493686503187,-0.058180599259981175,0.060322929606382525,0.19610771614623865,0.5,62,62,68
2019,5,2019_05_IND_KC,IND,0.01012288110562162,0.08554536049044992,-0.2167182483194456,0.16310875908996927,0.5416666666666666,72,72,56
2019,5,2019_05_IND_KC,KC,-0.08554536049044992,-0.01012288110562162,-0.023796393403841504,-0.28979194393077007,0.35714285714285715,56,56,72
2019,5,2019_05_JAX_CAR,CAR,0.18469142334849167,0.03458125608027995,0.0038512002032415303,0.41241614879065847,0.45901639344262296,61,61,76
2019,5,2019_05_JAX_CAR,JAX,-0.03458125608027995,-0.18469142334849167,-0.008172708273732003,-0.0750743627169868,0.47368421052631576,76,76,61
2019,5,2019_05_LA_SEA,LA,0.16023095307335278,-0.15879725313874413,0.305102641810237,-0.21338550735334866,0.4411764705882353,68,68,66
2019,5,2019_05_LA_SEA,SEA,0.15879725313874413,-0.16023095307335278,0.4957146480425781,-0.04664018277822778,0.45454545454545453,66,66,68
2019,5,2019_05_MIN_NYG,MIN,0.33807628478957824,0.20302538238670834,0.671964121180642,0.03454188807042937,0.49206349206349204,63,63,62
2019,5,2019_05_MIN_NYG,NYG,-0.20302538238670834,-0.33807628478957824,-0.25804611755577145,-0.08748183853167575,0.3709677419354839,62,62,63
2019,5,2019_05_NE_WAS,NE,0.1332569538760972,0.5012526196330996,0.26046596548772144,-0.08818095522561904,0.44594594594594594,74,74,53
2019,5,2019_05_NE_WAS,WAS,-0.5012526196330996,-0.1332569538760972,-0.8219097876395663,0.027831707577570343,0.24528301886792453,53,53,74
2019,5,2019_05_NYJ_PHI,NYJ,-0.6759280490377293,0.13022067369457863,-0.9453000848263563,-0.15136145302829773,0.26785714285714285,56,56,57
2019,5,2019_05_NYJ_PHI,PHI,-0.13022067369457863,0.6759280490377293,-0.0006927242447020957,-0.2741406175277748,0.38596491228070173,57,57,56
2019,5,2019_05_TB_NO,NO,0.13903558844836048,-0.02182549461627778,0.33034931626522934,-0.09054088493188223,0.4696969696969697,66,66,55
2019,5,2019_05_TB_NO,TB,0.02182549461627778,-0.13903558844836048,0.046201109175517695,-0.014737927222582088,0.41818181818181815,55,55,66
2019,6,2019_06_ATL_ARI,ARI,0.2627441239241223,-0.31889396306412265,0.5791560977847356,-0.17536476295980383,0.46774193548387094,62,62,63
2019,6,2019_06_ATL_ARI,ATL,0.31889396306412265,-0.2627441239241223,0.5136922263238017,0.022800602909410373,0.5396825396825397,63,63,62
2019,6,2019_06_CAR_TB,CAR,-0.016268891199198825,0.17858410510950137,0.16270385568332274,-0.23359294098511788,0.3387096774193548,62,62,77
2019,6,2019_06_CAR_TB,TB,-0.17858410510950137,0.016268891199198825,-0.22199296488469658,0.0008391819613054353,0.42857142857142855,77,77,62
2019,6,2019_06_CIN_BAL,BAL,0.1623694869469474,0.10467846933477964,0.08211048137143963,0.22858316654674127,0.4794520547945205,73,73,55
2019,6,2019_06_CIN_BAL,CIN,-0.10467846933477964,-0.1623694869469474,-0.031202332748298686,-0.3198585836237596,0.34545454545454546,55,55,73
2019,6,2019_06_DAL_NYJ,DAL,0.10109243983410847,-0.18947244821692466,0.26688427338923304,-0.10370923691045712,0.5131578947368421,76,76,51
2019,6,2019_06_DAL_NYJ,NYJ,0.18947244821692466,-0.10109243983410847,0.2693245120245333,0.029768320601707435,0.39215686274509803,51,51,76
2019,6,2019_06_DET_GB,DET,-0.0031938100461897686,0.022595577942742712,0.028222650945165656,-0.06106623818816029,0.35185185185185186,54,54,67
2019,6,2019_06_DET_GB,GB,-0.022595577942742712,0.0031938100461897686,-0.06007290431546845,0.03292638705388802,0.44776119402985076,67,67,54
2019,6,2019_06_HOU_KC,HOU,0.23493109122820127,-0.04323639610655353,0.35500493804114586,0.10254197807546753,0.5609756097560976,82,82,46
2019,6,2019_06_HOU_KC,KC,0.04323639610655353,-0.23493109122820127,0.04384749301812237,0.041036447224905716,0.41304347826086957,46,46,82
2019,6,2019_06_NO_JAX,JAX,-0.2648743647021511,-0.03476741210377822,-0.2652711925442589,-0.26433950978452747,0.2962962962962963,54,54,63
2019,6,2019_06_NO_JAX,NO,0.03476741210377822,0.2648743647021511,0.06514922689600972,-0.014603036933597954,0.4603174603174603,63,63,54
2019,6,2019_06_NYG_NE,NE,-0.07296505364760081,0.5502478232776915,-0.05613243992526209,-0.09610989751581656,0.47368421052631576,76,76,47
2019,6,2019_06_NYG_NE,NYG,-0.5502478232776915,0.07296505364760081,-0.728340013444722,-0.17031781758802633,0.3191489361702128,47,47,76
2019,6,2019_06_PHI_MIN,MIN,0.11887558320287894,0.11427999299601269,0.5505114940465016,-0.2619796322473763,0.453125,64,64,65
2019,6,2019_06_PHI_MIN,PHI,-0.11427999299601269,-0.11887558320287894,-0.08225599095281608,-0.17687236062589695,0.47692307692307695,65,65,64
2019,6,2019_06_PIT_LAC,LAC,-0.09472275043126348,0.06034112658792057,0.12744434791344245,-0.8088312808249611,0.4067796610169492,59,59,56
2019,6,2019_06_PIT_LAC,PIT,-0.06034112658792057,0.09472275043126348,0.12978925291112117,-0.16596911519849933,0.39285714285714285,56,56,59
2019,6,2019_06_SEA_CLE,CLE,-0.0491653750979792,-0.19293823802444882,-0.15401123326060967,0.11247198956940944,0.45901639344262296,61,61,73
2019,6,2019_06_SEA_CLE,SEA,0.19293823802444882,0.0491653750979792,0.48280797955910937,-0.08909718617143714,0.4931506849315068,73,73,61
2019,6,2019_06_SF_LA,LA,-0.5857694325316697,0.0830130474055879,-0.6496282165712078,-0.5044946164813485,0.38,50,50,74
2019,6,2019_06_SF_LA,SF,-0.0830130474055879,0.5857694325316697,-0.003923157416032755,-0.15399115380647077,0.43243243243243246,74,74,50
2019,6,2019_06_TEN_DEN,DEN,-0.15674348341445898,0.4043179626698743,-0.11477876822595305,-0.20020693843112586,0.3508771929824561,57,57,61
2019,6,2019_06_TEN_DEN,TEN,-0.4043179626698743,0.15674348341445898,-0.4024824143285159,-0.40808083676965906,0.3442622950819672,61,61,57
2019,6,2019_06_WAS_MIA,MIA,-0.18824126562176646,0.015461962261150151,-0.33422298466666445,0.14543123505228614,0.36231884057971014,69,69,57
2019,6,2019_06_WAS_MIA,WAS,-0.015461962261150151,0.18824126562176646,0.040914261882317365,-0.059505887373234145,0.3333333333333333,57,57,69
2019,7,2019_07_ARI_NYG,ARI,0.08215723873005833,0.19410667351825533,0.18841781255208498,0.012328861647012244,0.3620689655172414,58,58,65
2019,7,2019_07_ARI_NYG,NYG,-0.19410667351825533,-0.08215723873005833,-0.34458609871487783,0.10001220300241585,0.4,65,65,58
2019,7,2019_07_BAL_SEA,BAL,0.16522772029149754,0.2108899642021828,0.03397191107366699,0.2513643450906989,0.37735849056603776,53,53,68
2019,7,2019_07_BAL_SEA,SEA,-0.2108899642021828,-0.16522772029149754,-0.34614883382568007,0.007605132881928092,0.4411764705882353,68,68,53
2019,7,2019_07_HOU_IND,HOU,0.023988277614724888,-0.0806083289158638,0.05166912740778133,-0.018686365816237133,0.5245901639344263,61,61,65
2019,7,2019_07_HOU_IND,IND,0.0806083289158638,-0.023988277614724888,0.43259006307997017,-0.5206938002811512,0.4,65,65,61
2019,7,2019_07_JAX_CIN,CIN,-0.32385202574308536,-0.024791169556066108,-0.3424501329467354,-0.282006284534873,0.35384615384615387,65,65,77
2019,7,2019_07_JAX_CIN,JAX,0.024791169556066108,0.32385202574308536,0.13384594314943474,-0.06143818630845792,0.4155844155844156,77,77,65
2019,7,2019_07_KC_DEN,DEN,-0.39631850862391094,0.008648531551967048,-0.54868606204595,-0.09850919966265263,0.2923076923076923,65,65,57
2019,7,2019_07_KC_DEN,KC,-0.008648531551967048,0.39631850862391094,0.06513260586504355,-0.09661834924147968,0.38596491228070173,57,57,65
2019,7,2019_07_LAC_TEN,LAC,0.041272299544275984,-0.17585948606016383,0.3614871042367325,-0.5534123377417147,0.4666666666666667,60,60,60
2019,7,2019_07_LAC_TEN,TEN,0.17585948606016383,-0.041272299544275984,0.46932679737027716,-0.15953172686567996,0.5166666666666667,60,60,60
2019,7,2019_07_LA_ATL,ATL,-0.2593275072607415,-0.13978555226551234,-0.3013658228488427,-0.145223507807324,0.4423076923076923,52,52,74
2019,7,2019_07_LA_ATL,LA,0.13978555226551234,0.2593275072607415,0.48348369878237196,-0.22300693572450625,0.4594594594594595,74,74,52
2019,7,2019_07_MIA_BUF,BUF,0.20778698403018003,-0.04512724463801043,0.2841157806451422,0.11873672131272421,0.5,52,52,65
2019,7,2019_07_MIA_BUF,MIA,0.04512724463801043,-0.20778698403018003,0.0564339440166285,0.03193609536295602,0.47692307692307695,65,65,52
2019,7,2019_07_MIN_DET,DET,0.16208966751767595,-0.44822771253218163,0.24601673236388089,-0.03933528811321594,0.5441176470588235,68,68,67
2019,7,2019_07_MIN_DET,MIN,0.44822771253218163,-0.16208966751767595,0.7419112553529169,0.14564466841384824,0.5373134328358209,67,67,68
2019,7,2019_07_NE_NYJ,NE,0.030632985098439012,0.6357088867673435,0.09564192268157751,-0.060785833377849485,0.42857142857142855,77,77,52
2019,7,2019_07_NE_NYJ,NYJ,-0.6357088867673435,-0.030632985098439012,-0.9594386002740286,-0.07344148962415363,0.28846153846153844,52,52,77
2019,7,2019_07_NO_CHI,CHI,-0.2181435139598888,-0.22409618828919844,-0.031946225617536295,-1.7343214333190449,0.390625,64,64,72
2019,7,2019_07_NO_CHI,NO,0.22409618828919844,0.2181435139598888,0.27621246520701737,0.16250422465904885,0.4583333333333333,72,72,64
2019,7,2019_07_OAK_GB,GB,0.5799845335288689,-0.21582101147341767,0.9942310154656298,-0.08280983756994828,0.5384615384615384,52,52,61
2019,7,2019_07_OAK_GB,LV,0.21582101147341767,-0.5799845335288689,0.7350704414131312,-0.32073673279761955,0.4918032786885246,61,61,52
2019,7,2019_07_PHI_DAL,DAL,0.139347538025429,0.3572701058064761,0.2694400124839767,0.030937142643305975,0.48484848484848486,66,66,57
2019,7,2019_07_PHI_DAL,PHI,-0.3572701058064761,-0.139347538025429,-0.42855235465027214,-0.28344206236111597,0.38596491228070173,57,57,66
2019,7,2019_07_SF_WAS,SF,-0.06979875613499911,0.28444985430242237,0.04059196702947163,-0.13490097748840496,0.3709677419354839,62,62,41
2019,7,2019_07_SF_WAS,WAS,-0.28444985430242237,0.06979875613499911,-0.04520324750051561,-0.42247674284198394,0.3170731707317073,41,41,62
2019,8,2019_08_ARI_NO,ARI,-0.32749127321478205,-0.22762921760610352,-0.2802565517590945,-0.4906657655162483,0.3469387755102041,49,49,70
2019,8,2019_08_ARI_NO,NO,0.22762921760610352,0.32749127321478205,0.3189161796635003,0.08224627803321238,0.4857142857142857,70,70,49
2019,8,2019_08_CAR_SF,CAR,-0.4940351221150247,-0.18501987963866778,-0.7079387025441416,-0.023447245170967655,0.328125,64,64,61
2019,8,2019_08_CAR_SF,SF,0.18501987963866778,0.4940351221150247,0.1599700544382123,0.20362832121614902,0.4098360655737705,61,61,64
2019,8,2019_08_CIN_LA,CIN,0.038293441121878026,-0.3804903501379366,-0.012567344895571176,0.16313355225561696,0.3815789473684211,76,76,57
2019,8,2019_08_CIN_LA,LA,0.3804903501379366,-0.038293441121878026,0.7576270850272288,-0.06917267992237332,0.42105263157894735,57,57,76
2019,8,2019_08_CLE_NE,CLE,-0.2681496231817453,0.030387613503304968,-0.25548115394012566,-0.2888798455771228,0.39655172413793105,58,58,66
2019,8,2019_08_CLE_NE,NE,-0.030387613503304968,0.2681496231817453,0.133428142728392,-0.26701037250464504,0.36363636363636365,66,66,58
2019,8,2019_08_DEN_IND,DEN,-0.1333583879691808,0.10581966421295326,-0.20320710547580662,-0.04604749108589853,0.3492063492063492,63,63,59
2019,8,2019_08_DEN_IND,IND,-0.10581966421295326,0.1333583879691808,-0.19432015080805526,-0.025883740836732082,0.4406779661016949,59,59,63
2019,8,2019_08_GB_KC,GB,0.29319663121487305,-0.08856498940161842,0.36285788623870624,0.17810412291462696,0.5081967213114754,61,61,58
2019,8,2019_08_GB_KC,KC,0.08856498940161842,-0.29319663121487305,0.19476033779627783,-0.11320617254823447,0.46551724137931033,58,58,61
2019,8,2019_08_LAC_CHI,CHI,-0.11028227886823094,0.07827381300083551,-0.09795666540909678,-0.1229410170154498,0.4,75,75,42
2019,8,2019_08_LAC_CHI,LAC,-0.07827381300083551,0.11028227886823094,-0.019694035926555387,-0.22472325568653584,0.40476190476190477,42,42,75
2019,8,2019_08_MIA_PIT,MIA,-0.23956193228514167,-0.054347421310758606,-0.20151499085937088,-0.31988325307288,0.39285714285714285,56,56,67
2019,8,2019_08_MIA_PIT,PIT,0.054347421310758606,0.23956193228514167,0.09525685029594518,0.0007419626405141477,0.34328358208955223,67,67,56
2019,8,2019_08_NYG_DET,DET,0.08199741583661839,0.022847503095200998,0.3911817618119435,-0.40194329960302083,0.3559322033898305,59,59,68
2019,8,2019_08_NYG_DET,NYG,-0.022847503095200998,-0.08199741583661839,0.018123330853351702,-0.10300783038584758,0.4411764705882353,68,68,59
2019,8,2019_08_NYJ_JAX,JAX,0.1201099621488948,0.20653716003485112,0.3427422300828599,-0.14704875937186335,0.3333333333333333,66,66,52
2019,8,2019_08_NYJ_JAX,NYJ,-0.20653716003485112,-0.1201099621488948,-0.2474367822171905,-0.08383829348783295,0.40384615384615385,52,52,66
2019,8,2019_08_OAK_HOU,HOU,0.18302616087133747,-0.22805751606882899,0.2527593302856071,0.08203329482308493,0.5352112676056338,71,71,53
2019,8,2019_08_OAK_HOU,LV,0.22805751606882899,-0.18302616087133747,0.491349559853541,-0.1153668888677519,0.4339622641509434,53,53,71
2019,8,2019_08_PHI_BUF,BUF,-0.17438035893903306,-0.15296493669530903,-0.13079009420318088,-0.2572018619371522,0.3448275862068966,58,58,65
2019,8,2019_08_PHI_BUF,PHI,0.15296493669530903,0.17438035893903306,0.1416287524068941,0.161019593952867,0.4461538461538462,65,65,58
2019,8,2019_08_SEA_ATL,ATL,0.1104608715488022,-0.20400942241165781,0.21369937826432253,-0.2174732086063801,0.5352112676056338,71,71,53
2019,8,2019_08_SEA_ATL,SEA,0.20400942241165781,-0.1104608715488022,0.37389389403103795,0.08344624900435578,0.5660377358490566,53,53,71
2019,8,2019_08_TB_TEN,TB,-0.07860549969469383,0.18418041896881096,0.059191208772337314,-0.294487009626376,0.42857142857142855,77,77,55
2019,8,2019_08_TB_TEN,TEN,-0.18418041896881096,0.07860549969469383,0.08960550438073207,-0.7029326947889977,0.36363636363636365,55,55,77
2019,8,2019_08_WAS_MIN,MIN,0.033674097659190334,0.2638389941475448,0.21543497641587517,-0.10503815191827968,0.40298507462686567,67,67,41
2019,8,2019_08_WAS_MIN,WAS,-0.2638389941475448,-0.033674097659190334,-0.342453144012977,-0.1410043849828071,0.43902439024390244,41,41,67
2019,9,2019_09_CHI_PHI,CHI,-0.11221484533217292,-0.06407938676501289,-0.2694071714746921,0.09737492285785265,0.3333333333333333,42,42,77
2019,9,2019_09_CHI_PHI,PHI,0.06407938676501289,0.11221484533217292,0.15196256440231215,-0.04706698495274795,0.44155844155844154,77,77,42
2019,9,2019_09_CLE_DEN,CLE,-0.03090803407389,-0.03179649843579614,0.16036461564704826,-0.32111481296083083,0.3835616438356164,73,73,40
2019,9,2019_09_CLE_DEN,DEN,0.03179649843579614,0.03090803407389,-0.07846640430418791,0.18097571978989221,0.4,40,40,73
2019,9,2019_09_DAL_NYG,DAL,0.10684677595332182,0.24212017557993187,0.13086906282525754,0.07882077460273015,0.5384615384615384,65,65,68
2019,9,2019_09_DAL_NYG,NYG,-0.24212017557993187,-0.10684677595332182,-0.28095819752613155,-0.16091340241969607,0.4117647058823529,68,68,65
2019,9,2019_09_DET_OAK,DET,0.13297517553049867,-0.22851466137628385,0.29285346845263865,-0.22885464529329175,0.46774193548387094,62,62,68
2019,9,2019_09_DET_OAK,LV,0.22851466137628385,-0.13297517553049867,0.3808164483967662,0.09313529513585511,0.45588235294117646,68,68,62
2019,9,2019_09_GB_LAC,GB,-0.06321120998876474,-0.25380225792780153,-0.08585980049165758,0.008509326603729273,0.46,50,50,66
2019,9,2019_09_GB_LAC,LAC,0.25380225792780153,0.06321120998876474,0.32643834389763854,0.1932721862862707,0.5757575757575758,66,66,50
2019,9,2019_09_HOU_JAX,HOU,0.21109611063362851,0.2787935248490724,0.497602482032333,-0.033276970853501765,0.5079365079365079,63,63,66
2019,9,2019_09_HOU_JAX,JAX,-0.2787935248490724,-0.21109611063362851,-0.3164249782677837,-0.15084658322545388,0.36363636363636365,66,66,63
2019,9,2019_09_IND_PIT,IND,-0.060767155810302675,0.17247673695990182,-0.168869842459347,0.07715696163847803,0.4393939393939394,66,66,59
2019,9,2019_09_IND_PIT,PIT,-0.17247673695990182,0.060767155810302675,-0.10189974455150458,-0.28294507290348003,0.3220338983050847,59,59,66
2019,9,2019_09_MIN_KC,KC,0.13991185716905014,-0.05665162410570917,0.06527173436288919,0.3016321232490655,0.5087719298245614,57,57,66
2019,9,2019_09_MIN_KC,MIN,0.05665162410570917,-0.13991185716905014,0.267323079726457,-0.24765158956870437,0.3181818181818182,66,66,57
2019,9,2019_09_NE_BAL,BAL,0.18926346441496558,0.10838606366401918,0.5299365905945509,-0.02589851001424617,0.5161290322580645,62,62,65
2019,9,2019_09_NE_BAL,NE,-0.10838606366401918,-0.18926346441496558,-0.17394770449781538,0.07672915751375839,0.5076923076923077,65,65,62
2019,9,2019_09_NYJ_MIA,MIA,0.10538847963485541,0.005498306899156586,0.32181567184068105,-0.28811550619391846,0.43548387096774194,62,62,62
2019,9,2019_09_NYJ_MIA,NYJ,-0.005498306899156586,-0.10538847963485541,0.0672309873927687,-0.14749359575482024,0.43548387096774194,62,62,62
2019,9,2019_09_SF_ARI,ARI,0.2102129312262103,-0.2213133992388351,0.19338988216274872,0.2306931648686852,0.49019607843137253,51,51,67
2019,9,2019_09_SF_ARI,SF,0.2213133992388351,-0.2102129312262103,0.5759719685424658,-0.24341162260730173,0.417910447761194,67,67,51
2019,9,2019_09_TB_SEA,SEA,0.20912234053259796,-0.17478499729455862,0.3504742405875994,-0.09285671867581412,0.5072463768115942,69,69,72
2019,9,2019_09_TB_SEA,TB,0.17478499729455862,-0.20912234053259796,0.23429584481780538,0.06949657475342974,0.4722222222222222,72,72,69
2019,9,2019_09_TEN_CAR,CAR,0.08711232296179916,-0.05579409064117252,0.12203710886146299,0.04768111307508192,0.42424242424242425,66,66,63
2019,9,2019_09_TEN_CAR,TEN,0.05579409064117252,-0.08711232296179916,0.09510773598103067,-0.02283320003854377,0.5079365079365079,63,63,66
2019,9,2019_09_WAS_BUF,BUF,0.08842617811887625,0.11383886877142942,0.34350187797854964,-0.06745341623981302,0.4482758620689655,58,58,49
2019,9,2019_09_WAS_BUF,WAS,-0.11383886877142942,-0.08842617811887625,-0.20379012678220912,-0.012154837976634988,0.3673469387755102,49,49,58
2019,10,2019_10_ARI_TB,ARI,0.05387391493894009,-0.012991541355371719,0.10473973034194921,-0.08675510411643807,0.359375,64,64,78
2019,10,2019_10_ARI_TB,TB,0.012991541355371719,-0.05387391493894009,-0.06062083026029627,0.1602162845867077,0.38461538461538464,78,78,64
2019,10,2019_10_ATL_NO,ATL,0.003907738365302357,0.26216055834103635,-0.01812678735345641,0.027238412655752806,0.35714285714285715,70,70,61
2019,10,2019_10_ATL_NO,NO,-0.26216055834103635,-0.003907738365302357,-0.32870765900088905,0.04032626284011216,0.3770491803278688,61,61,70
2019,10,2019_10_BAL_CIN,BAL,0.5394465782473244,0.3580697208402453,0.8932134846254485,0.18567967186920048,0.6136363636363636,44,44,72
2019,10,2019_10_BAL_CIN,CIN,-0.3580697208402453,-0.5394465782473244,-0.735223692780256,-0.05634654328823672,0.4444444444444444,72,72,44
2019,10,2019_10_BUF_CLE,BUF,0.03166422306099682,-0.04625958931563818,-0.06339593050394805,0.23129054554738104,0.4032258064516129,62,62,65
2019,10,2019_10_BUF_CLE,CLE,0.04625958931563818,-0.03166422306099682,0.1255254799938627,-0.08056583576952107,0.4307692307692308,65,65,62
2019,10,2019_10_CAR_GB,CAR,-0.019348031482885577,-0.18550471256483056,0.04221211504950071,-0.14514485265776192,0.4714285714285714,70,70,58
2019,10,2019_10_CAR_GB,GB,0.18550471256483056,0.019348031482885577,0.13421313670903234,0.24439504039926557,0.4827586206896552,58,58,70
2019,10,2019_10_DET_CHI,CHI,-0.0702097902719218,0.15640517813542928,-0.04335454782787045,-0.10154090645664837,0.38461538461538464,52,52,73
2019,10,2019_10_DET_CHI,DET,-0.15640517813542928,0.0702097902719218,-0.2315581809517805,-0.028366728892756835,0.3561643835616438,73,73,52
2019,10,2019_10_KC_TEN,KC,0.1430192916718171,-0.16544150835223498,0.4178366061575618,-0.4395934150379617,0.5512820512820513,78,78,50
2019,10,2019_10_KC_TEN,TEN,0.16544150835223498,-0.1430192916718171,-0.11637058037424299,0.4055036580081236,0.54,50,50,78
2019,10,2019_10_LAC_OAK,LAC,-0.13516730347792436,-0.05034108349571788,-0.3394522837164546,0.10997467280831189,0.48484848484848486,66,66,55
2019,10,2019_10_LAC_OAK,LV,0.05034108349571788,0.13516730347792436,0.1365952842480052,-0.0893085748651283,0.43636363636363634,55,55,66
2019,10,2019_10_LA_PIT,LA,-0.41732132114727555,0.36102133204920717,-0.4690608193344885,-0.3138423247728497,0.36231884057971014,69,69,67
2019,10,2019_10_LA_PIT,PIT,-0.36102133204920717,0.41732132114727555,-0.09369216685285564,-0.7825788617819154,0.2835820895522388,67,67,69
2019,10,2019_10_MIA_IND,IND,-0.34514544870536934,0.2919951700055517,-0.4376263590578506,-0.213029862487539,0.38235294117647056,68,68,61
2019,10,2019_10_MIA_IND,MIA,-0.2919951700055517,0.34514544870536934,-0.29598645987183164,-0.28624771259810866,0.2786885245901639,61,61,68
2019,10,2019_10_MIN_DAL,DAL,0.17062476463012974,-0.2367554626730186,0.4237276553494658,-0.3815997242120581,0.42857142857142855,70,70,70
2019,10,2019_10_MIN_DAL,MIN,0.2367554626730186,-0.17062476463012974,0.3459364197930654,0.13364011428186334,0.4714285714285714,70,70,70
2019,10,2019_10_NYG_NYJ,NYG,-0.06422993597493577,-0.0050613771418247,0.09315059053248842,-0.508598481407663,0.2923076923076923,65,65,60
2019,10,2019_10_NYG_NYJ,NYJ,0.0050613771418247,0.06422993597493577,0.1385455547237983,-0.1474919686661451,0.31666666666666665,60,60,65
2019,10,2019_10_SEA_SF,SEA,-0.29792706262007784,0.3558093840986777,-0.5065406119132316,-0.06477074282184704,0.4583333333333333,72,72,77
2019,10,2019_10_SEA_SF,SF,-0.3558093840986777,0.29792706262007784,-0.40599212830670084,-0.2573740012290938,0.33766233766233766,77,77,72
2019,11,2019_11_ARI_SF,ARI,-0.08685618004306976,-0.05746216389290683,-0.21347677589311903,0.10054230181500316,0.46774193548387094,62,62,67
2019,11,2019_11_ARI_SF,SF,0.05746216389290683,0.08685618004306976,0.25748054415908217,-0.44784742835848346,0.47761194029850745,67,67,62
2019,11,2019_11_ATL_CAR,ATL,0.1647564547225037,0.2921477178030534,0.3545503685117226,-0.1199344159613247,0.43333333333333335,60,60,70
2019,11,2019_11_ATL_CAR,CAR,-0.2921477178030534,-0.1647564547225037,-0.32614398880633344,-0.1674947241243596,0.4,70,70,60
2019,11,2019_11_BUF_MIA,BUF,0.27489126321542523,0.21303249376311642,0.3669448210383753,0.18283770539247515,0.4393939393939394,66,66,66
2019,11,2019_11_BUF_MIA,MIA,-0.21303249376311642,-0.27489126321542523,-0.19391994385948,-0.29095288952409576,0.3787878787878788,66,66,66
2019,11,2019_11_CHI_LA,CHI,-0.23264334394622344,0.11562208045884685,-0.25375674989983477,-0.18865708154286645,0.3108108108108108,74,74,50
2019,11,2019_11_CHI_LA,LA,-0.11562208045884685,0.23264334394622344,0.28607410132503397,-0.3415761827122798,0.46,50,50,74
2019,11,2019_11_CIN_OAK,CIN,-0.22295593338331549,-0.03413247209409105,-0.5703803101652735,0.34555668316897936,0.3620689655172414,58,58,63
2019,11,2019_11_CIN_OAK,LV,0.03413247209409105,0.22295593338331549,0.21661974077813273,-0.1542414826765326,0.4444444444444444,63,63,58
2019,11,2019_11_DAL_DET,DAL,0.2717282289698281,-0.07063268674226282,0.4501649948702203,-0.10947758909010075,0.5507246376811594,69,69,57
2019,11,2019_11_DAL_DET,DET,0.07063268674226282,-0.2717282289698281,0.15109678318210257,-0.018771864857559127,0.43859649122807015,57,57,69
2019,11,2019_11_DEN_MIN,DEN,-0.05750933340918285,-0.05845199023660714,-0.08570132852897598,-0.021628612347627932,0.41333333333333333,75,75,59
2019,11,2019_11_DEN_MIN,MIN,0.05845199023660714,0.05750933340918285,0.16707095315661735,-0.18895786974786055,0.4745762711864407,59,59,75
2019,11,2019_11_HOU_BAL,BAL,0.4137222154568502,0.40799594637127934,0.6796805963097233,0.20855432165606236,0.4838709677419355,62,62,57
2019,11,2019_11_HOU_BAL,HOU,-0.40799594637127934,-0.4137222154568502,-0.6020240707594627,-0.049043916253140196,0.38596491228070173,57,57,62
2019,11,2019_11_JAX_IND,IND,0.2163861354385129,0.1328008093697725,-0.01197134325056052,0.3977288391033653,0.47540983606557374,61,61,59
2019,11,2019_11_JAX_IND,JAX,-0.1328008093697725,-0.2163861354385129,-0.11351333430225355,-0.23995344863376683,0.3559322033898305,59,59,61
2019,11,2019_11_KC_LAC,KC,0.05241431752523598,0.036261078615497065,-0.05347589592534143,0.18681343459712269,0.4067796610169492,59,59,72
2019,11,2019_11_KC_LAC,LAC,-0.036261078615497065,-0.05241431752523598,-0.04371741779144023,-0.01546181670365561,0.4027777777777778,72,72,59
2019,11,2019_11_NE_PHI,NE,-0.07916266367965598,0.24460128741652085,-0.046747344529589945,-0.15136041996843944,0.352112676056338,71,71,65
2019,11,2019_11_NE_PHI,PHI,-0.24460128741652085,0.07916266367965598,-0.3600675179735486,-0.0026720424398912917,0.4,65,65,71
2019,11,2019_11_NO_TB,NO,0.19345400396420193,0.19120730605312775,0.26404773931590153,0.09570883193877168,0.4838709677419355,62,62,61
2019,11,2019_11_NO_TB,TB,-0.19120730605312775,-0.19345400396420193,-0.19247442469524131,-0.18281264504912542,0.39344262295081966,61,61,62
2019,11,2019_11_NYJ_WAS,NYJ,0.1797868628356526,0.28418372126232766,0.3208388931590119,0.029634701523689494,0.46875,64,64,63
2019,11,2019_11_NYJ_WAS,WAS,-0.28418372126232766,-0.1797868628356526,-0.31565148411985183,-0.21652803111865068,0.31746031746031744,63,63,64
2019,11,2019_11_PIT_CLE,CLE,-0.10765707220415908,0.5221507406901357,0.03282569111590661,-0.24400798954422284,0.34328358208955223,67,67,64
2019,11,2019_11_PIT_CLE,PIT,-0.5221507406901357,0.10765707220415908,-0.6057671917280522,-0.27130138757638633,0.390625,64,64,67
2019,12,2019_12_BAL_LA,BAL,0.49644362762775507,0.21809470448553694,0.936139620975193,0.2423970536936799,0.5492957746478874,71,71,47
2019,12,2019_12_BAL_LA,LA,-0.21809470448553694,-0.49644362762775507,-0.23777794129292665,-0.12213892504951218,0.3617021276595745,47,47,71
2019,12,2019_12_CAR_NO,CAR,0.1265021546305362,-0.11900930920237532,0.3055382913121531,-0.12661790067795664,0.4857142857142857,70,70,58
2019,12,2019_12_CAR_NO,NO,0.11900930920237532,-0.1265021546305362,0.2194925918548701,-0.10428687446983531,0.5,58,58,70
2019,12,2019_12_DAL_NE,DAL,-0.13205152931531494,0.1402207954461835,-0.19655206769775052,-0.050185461368377496,0.4067796610169492,59,59,64
2019,12,2019_12_DAL_NE,NE,-0.1402207954461835,0.13205152931531494,-0.16480714302874003,-0.10186609321739525,0.390625,64,64,59
2019,12,2019_12_DEN_BUF,BUF,0.08748441928282605,0.3342467670780721,0.13058227696017888,0.06406167054513429,0.4647887323943662,71,71,46
2019,12,2019_12_DEN_BUF,DEN,-0.3342467670780721,-0.08748441928282605,-0.602250229405723,0.12293560983380303,0.32608695652173914,46,46,71
2019,12,2019_12_DET_WAS,DET,-0.08964716972283557,0.25057264830275655,-0.07848689832794092,-0.10324875048536342,0.39436619718309857,71,71,55
2019,12,2019_12_DET_WAS,WAS,-0.25057264830275655,0.08964716972283557,-0.4079971924306678,-0.014435832110889764,0.34545454545454546,55,55,71
2019,12,2019_12_GB_SF,GB,-0.31587663267900457,-0.17313168318914787,-0.4066526887733273,-0.1764705465341519,0.323943661971831,71,71,44
2019,12,2019_12_GB_SF,SF,0.17313168318914787,0.31587663267900457,0.37145081160334165,-0.025187445225045933,0.4318181818181818,44,44,71
2019,12,2019_12_IND_HOU,HOU,0.06777997779197334,-0.027751063478014162,0.24182933726834113,-0.157033778198335,0.4,55,55,64
2019,12,2019_12_IND_HOU,IND,0.027751063478014162,-0.06777997779197334,-0.03505345841584155,0.06801037238433193,0.46875,64,64,55
2019,12,2019_12_JAX_TEN,JAX,0.03231015261439292,-0.3602342737934426,-0.006211548988821945,0.10792682613181467,0.4,80,80,48
2019,12,2019_12_JAX_TEN,TEN,0.3602342737934426,-0.03231015261439292,0.6398773453746751,0.1770198475850489,0.5625,48,48,80
2019,12,2019_12_MIA_CLE,CLE,0.24470581593305693,0.054635489620493666,0.3897854501005619,0.08090622896974485,0.5606060606060606,66,66,62
2019,12,2019_12_MIA_CLE,MIA,-0.054635489620493666,-0.24470581593305693,-0.11442684498615563,0.07092635664739647,0.3870967741935484,62,62,66
2019,12,2019_12_NYG_CHI,CHI,-0.1439217204522909,0.25612314022647853,-0.12845078735416585,-0.17284563885313337,0.3939393939393939,66,66,58
2019,12,2019_12_NYG_CHI,NYG,-0.25612314022647853,0.1439217204522909,-0.3818543083533238,-0.034596796383941655,0.3275862068965517,58,58,66
2019,12,2019_12_OAK_NYJ,LV,-0.3156448311800936,-0.1967828390444098,-0.31931258440782495,-0.3099764852826907,0.35714285714285715,56,56,59
2019,12,2019_12_OAK_NYJ,NYJ,0.1967828390444098,0.3156448311800936,0.509854044947436,-0.12708392568285867,0.4406779661016949,59,59,56
2019,12,2019_12_PIT_CIN,CIN,-0.3779900727974715,0.06935774111387576,-0.5074403276163911,-0.19306113734187202,0.27450980392156865,51,51,65
2019,12,2019_12_PIT_CIN,PIT,-0.06935774111387576,0.3779900727974715,-0.18600941530354723,0.03062940819155691,0.35384615384615387,65,65,51
2019,12,2019_12_SEA_PHI,PHI,-0.30896419230825056,0.09621325434631288,-0.31140070531093006,-0.3040911663028916,0.5,72,72,56
2019,12,2019_12_SEA_PHI,SEA,-0.09621325434631288,0.30896419230825056,-0.11975790571032366,-0.0670178866549395,0.30357142857142855,56,56,72
2019,12,2019_12_TB_ATL,ATL,-0.15438938883368009,-0.1951811447030167,-0.1768256680228656,-0.08117626726896943,0.37037037037037035,81,81,58
2019,12,2019_12_TB_ATL,TB,0.1951811447030167,0.15438938883368009,0.48987614932309886,-0.07986752627572666,0.4482758620689655,58,58,81
2019,13,2019_13_BUF_DAL,BUF,0.16928367865511243,0.04028541463108596,0.4738663948001134,-0.09837992038140356,0.4838709677419355,62,62,73
2019,13,2019_13_BUF_DAL,DAL,-0.04028541463108596,-0.16928367865511243,-0.09696315403144207,0.12079868682255772,0.4657534246575342,73,73,62
2019,13,2019_13_CHI_DET,CHI,0.11261093940344498,0.017746826463267928,0.28577990313985935,-0.19437040540201683,0.5737704918032787,61,61,67
2019,13,2019_13_CHI_DET,DET,-0.017746826463267928,-0.11261093940344498,0.10885872163771038,-0.20531060142768023,0.373134328358209,67,67,61
2019,13,2019_13_CLE_PIT,CLE,-0.06360055251671781,-0.029227241806393602,-0.11864146042385634,0.0258409228323823,0.3968253968253968,63,63,52
2019,13,2019_13_CLE_PIT,PIT,0.029227241806393602,0.06360055251671781,0.2025028569426083,-0.09784154262683051,0.40384615384615385,52,52,63
2019,13,2019_13_GB_NYG,GB,0.2600532643097611,0.10737003856605745,0.5561997378892172,-0.147148136861991,0.42105263157894735,57,57,64
2019,13,2019_13_GB_NYG,NYG,-0.10737003856605745,-0.2600532643097611,-0.11279271134178148,-0.09993896846599118,0.4375,64,64,57
2019,13,2019_13_LAC_DEN,DEN,-0.20184433151073483,-0.009601346029961783,-0.08934896504726206,-0.32783914194982444,0.33962264150943394,53,53,61
2019,13,2019_13_LAC_DEN,LAC,0.009601346029961783,0.20184433151073483,0.12352479678864024,-0.1161072892899593,0.4098360655737705,61,61,53
2019,13,2019_13_LA_ARI,ARI,-0.48379761016962014,-0.2206773414273446,-0.6184037223443738,-0.22740501555104164,0.26229508196721313,61,61,75
2019,13,2019_13_LA_ARI,LA,0.2206773414273446,0.48379761016962014,0.49381667892655734,-0.18903166482147452,0.49333333333333335,75,75,61
2019,13,2019_13_MIN_SEA,MIN,-0.01679263038171336,-0.09916512885342994,0.030349832962412338,-0.14475074517291173,0.4230769230769231,52,52,75
2019,13,2019_13_MIN_SEA,SEA,0.09916512885342994,0.01679263038171336,-0.05948497171462975,0.22381877929976254,0.5333333333333333,75,75,52
2019,13,2019_13_NE_HOU,HOU,0.156539413517303,-0.05366558303207691,0.43330826982855797,-0.2447754281340167,0.40816326530612246,49,49,80
2019,13,2019_13_NE_HOU,NE,0.05366558303207691,-0.156539413517303,0.04625452854138007,0.06669881679157823,0.4,80,80,49
2019,13,2019_13_NO_ATL,ATL,-0.2592737619211789,0.008137111588708099,-0.2677848584876966,-0.2399601197125426,0.4117647058823529,85,85,48
2019,13,2019_13_NO_ATL,NO,-0.008137111588708099,0.2592737619211789,-0.04008597144746318,0.05012257403608058,0.4375,48,48,85
2019,13,2019_13_NYJ_CIN,CIN,-0.025097154759939802,0.15600437148125418,0.05100214290751893,-0.16280064577724607,0.4067796610169492,59,59,69
2019,13,2019_13_NYJ_CIN,NYJ,-0.15600437148125418,0.025097154759939802,-0.1840567562080172,-0.0701970770229202,0.36231884057971014,69,69,59
2019,13,2019_13_OAK_KC,KC,0.03642386024400757,0.08610445396442888,0.16068346433218142,-0.09671142985046442,0.46551724137931033,58,58,57
2019,13,2019_13_OAK_KC,LV,-0.08610445396442888,-0.03642386024400757,-0.14746648049424474,-0.007561060006264597,0.543859649122807,57,57,58
2019,13,2019_13_PHI_MIA,MIA,0.1918508086150898,-0.13131492141123913,0.3537480098667555,-0.1915899311914868,0.5,64,64,67
2019,13,2019_13_PHI_MIA,PHI,0.13131492141123913,-0.1918508086150898,0.20095234705926612,-0.044611206541671174,0.44776119402985076,67,67,64
2019,13,2019_13_SF_BAL,BAL,-0.006399772647666278,-0.09519607213449327,-0.07297677549501332,0.03564886072960554,0.4838709677419355,62,62,52
2019,13,2019_13_SF_BAL,SF,0.09519607213449327,0.006399772647666278,0.09108784443350476,0.09845432169044968,0.4230769230769231,52,52,62
2019,13,2019_13_TB_JAX,JAX,-0.4756789958894369,0.04939861313676493,-0.5750523873389937,-0.200940795999486,0.3125,64,64,66
2019,13,2019_13_TB_JAX,TB,-0.04939861313676493,0.4756789958894369,-0.0170856111111173,-0.09062554675569469,0.3939393939393939,66,66,64
2019,13,2019_13_TEN_IND,IND,-0.07736129604641548,0.08896606461889363,-0.07059201447886007,-0.09001690941184516,0.4393939393939394,66,66,55
2019,13,2019_13_TEN_IND,TEN,-0.08896606461889363,0.07736129604641548,-0.18878667369059482,0.014551604048055769,0.43636363636363634,55,55,66
2019,13,2019_13_WAS_CAR,CAR,-0.10398096859069184,-0.08633242593896875,-0.09297961274596844,-0.13313456157920883,0.3972602739726027,73,73,60
2019,13,2019_13_WAS_CAR,WAS,0.08633242593896875,0.10398096859069184,-0.24047890052288756,0.4356824645706082,0.45,60,60,73
2019,14,2019_14_BAL_BUF,BAL,-0.007986505554565662,0.3176117558086941,0.034032439459541826,-0.04322820137284936,0.38596491228070173,57,57,69
2019,14,2019_14_BAL_BUF,BUF,-0.3176117558086941,0.007986505554565662,-0.460118881393194,-0.03259750463969439,0.30434782608695654,69,69,57
2019,14,2019_14_CAR_ATL,ATL,0.16111161313002137,0.047112419833965795,0.1720443030027688,0.14876825359627424,0.4090909090909091,66,66,68
2019,14,2019_14_CAR_ATL,CAR,-0.047112419833965795,-0.16111161313002137,-0.1535464673694918,0.17543149774031586,0.5735294117647058,68,68,66
2019,14,2019_14_CIN_CLE,CIN,-0.011315377414793394,-0.05374195674787232,-0.09397009095493719,0.09266958478087138,0.5,70,70,51
2019,14,2019_14_CIN_CLE,CLE,0.05374195674787232,0.011315377414793394,-0.08210375234719745,0.18436283087774713,0.39215686274509803,51,51,70
2019,14,2019_14_DAL_CHI,CHI,0.04567030887788693,-0.08020921654240284,0.19167507006749387,-0.10033445231172002,0.5,66,66,72
2019,14,2019_14_DAL_CHI,DAL,0.08020921654240284,-0.04567030887788693,0.0651172759136613,0.11686107235506088,0.4305555555555556,72,72,66
2019,14,2019_14_DEN_HOU,DEN,0.2539956578638918,0.05935331747712829,0.6450771026739609,-0.16716897500849043,0.4074074074074074,54,54,74
2019,14,2019_14_DEN_HOU,HOU,-0.05935331747712829,-0.2539956578638918,-0.2691432992350331,0.43651391213246493,0.4189189189189189,74,74,54
2019,14,2019_14_DET_MIN,DET,-0.22613862326503723,0.051792712703786686,-0.21137443206466308,-0.25633810526580253,0.3582089552238806,67,67,69
2019,14,2019_14_DET_MIN,MIN,-0.051792712703786686,0.22613862326503723,0.18262380352064847,-0.24302723909740484,0.42028985507246375,69,69,67
2019,14,2019_14_IND_TB,IND,-0.0005036330250751009,-0.03201230199420664,0.00045817387502341953,-0.002164935852518,0.31666666666666665,60,60,75
2019,14,2019_14_IND_TB,TB,0.03201230199420664,0.0005036330250751009,0.15854614673582595,-0.221055387489032,0.52,75,75,60
2019,14,2019_14_KC_NE,KC,0.008935249588321743,0.27454582109844383,0.04543841450004064,-0.04862743354169652,0.373134328358209,67,67,63
2019,14,2019_14_KC_NE,NE,-0.27454582109844383,-0.008935249588321743,-0.43878698130475147,0.011090979260351993,0.3492063492063492,63,63,67
2019,14,2019_14_LAC_JAX,JAX,-0.16008139963320636,-0.6515543808323103,-0.2757863978302339,0.04114468418771112,0.36507936507936506,63,63,56
2019,14,2019_14_LAC_JAX,LAC,0.6515543808323103,0.16008139963320636,0.9882870462249675,0.31482171543965315,0.5892857142857143,56,56,63
2019,14,2019_14_MIA_NYJ,MIA,-0.03560167490599292,0.02074638396432099,-0.003763260006553001,-0.08335929725515281,0.4307692307692308,65,65,67
2019,14,2019_14_MIA_NYJ,NYJ,-0.02074638396432099,0.03560167490599292,0.1986248299319079,-0.27550005171478037,0.40298507462686567,67,67,65
2019,14,2019_14_NYG_PHI,NYG,-0.10346620956426968,0.005198175729112463,-0.057218153801300325,-0.18135767190190227,0.35294117647058826,51,51,85
2019,14,2019_14_NYG_PHI,PHI,-0.005198175729112463,0.10346620956426968,0.07813101595742578,-0.14321214945994143,0.4588235294117647,85,85,51
2019,14,2019_14_PIT_ARI,ARI,-0.15641212323496306,0.06594041986411696,-0.17697504610853682,-0.12369838229973208,0.40350877192982454,57,57,56
2019,14,2019_14_PIT_ARI,PIT,-0.06594041986411696,0.15641212323496306,0.29200944350973274,-0.29755503734131383,0.44642857142857145,56,56,57
2019,14,2019_14_SEA_LA,LA,0.11130516155043797,0.12154215516743085,0.20262210411342263,0.02535980384409948,0.5151515151515151,66,66,62
2019,14,2019_14_SEA_LA,SEA,-0.12154215516743085,-0.11130516155043797,-0.16712524516625715,-0.03254659850305567,0.45161290322580644,62,62,66
2019,14,2019_14_SF_NO,NO,0.12085857968287532,-0.35240711272819963,0.3533405142126093,-0.22786432211172566,0.5,70,70,62
2019,14,2019_14_SF_NO,SF,0.35240711272819963,-0.12085857968287532,0.4973728228819507,0.10659569116314346,0.4838709677419355,62,62,70
2019,14,2019_14_TEN_OAK,LV,-0.06807374149260188,-0.45553140671761067,-0.08137456549270104,-0.04812250549245315,0.45,60,60,58
2019,14,2019_14_TEN_OAK,TEN,0.45553140671761067,0.06807374149260188,0.7739865293562481,0.17816726764524896,0.5689655172413793,58,58,60
2019,14,2019_14_WAS_GB,GB,0.06771443669062785,0.056546307595974635,-0.138732759132412,0.3319668473441189,0.40350877192982454,57,57,59
2019,14,2019_14_WAS_GB,WAS,-0.056546307595974635,-0.06771443669062785,-0.041609459481239154,-0.07199821943880444,0.3898305084745763,59,59,57
2019,15,2019_15_ATL_SF,ATL,0.07576491589580087,0.057687261118213054,0.15592962297104374,-0.08857273360844702,0.47540983606557374,61,61,62
2019,15,2019_15_ATL_SF,SF,-0.057687261118213054,-0.07576491589580087,0.05454499645302123,-0.20317352093277602,0.43548387096774194,62,62,61
2019,15,2019_15_BUF_PIT,BUF,-0.1538812083521269,0.40095847388911016,-0.08374821263938569,-0.20316385398810718,0.36507936507936506,63,63,56
2019,15,2019_15_BUF_PIT,PIT,-0.40095847388911016,0.1538812083521269,-0.3756519791431031,-0.47687795812713113,0.375,56,56,63
2019,15,2019_15_CHI_GB,CHI,-0.11845062340148524,0.09997916195575741,-0.10947190981576597,-0.136740595520543,0.4146341463414634,82,82,58
2019,15,2019_15_CHI_GB,GB,-0.09997916195575741,0.11845062340148524,-0.13464955061927492,-0.05086277801577429,0.3275862068965517,58,58,82
2019,15,2019_15_CLE_ARI,ARI,0.28584917741945887,-0.10408883332492767,0.3306380897371524,0.25291615365644887,0.576271186440678,59,59,66
2019,15,2019_15_CLE_ARI,CLE,0.10408883332492767,-0.28584917741945887,-0.0258376272849126,0.34699482489984645,0.5151515151515151,66,66,59
2019,15,2019_15_DEN_KC,DEN,-0.261961510856433,-0.1325960183682308,-0.27819898190863973,-0.21649659191025422,0.2982456140350877,57,57,63
2019,15,2019_15_DEN_KC,KC,0.1325960183682308,0.261961510856433,0.26040616596700344,-0.07509547147977476,0.49206349206349204,63,63,57
2019,15,2019_15_HOU_TEN,HOU,0.12425543244333109,-0.09721405891803064,0.17296753306332643,0.08528575194733483,0.4444444444444444,63,63,65
2019,15,2019_15_HOU_TEN,TEN,0.09721405891803064,-0.12425543244333109,0.027544359530612184,0.1952677099077307,0.4461538461538462,65,65,63
2019,15,2019_15_IND_NO,IND,-0.21271969268463392,-0.2565405343672269,-0.2656712782793745,-0.10370172234252095,0.3269230769230769,52,52,60
2019,15,2019_15_IND_NO,NO,0.2565405343672269,0.21271969268463392,0.7151125686599114,-0.20203149992545757,0.55,60,60,52
2019,15,2019_15_JAX_OAK,JAX,0.010973135592044754,-0.04123410900983533,0.16766919271192557,-0.20982585398596915,0.37735849056603776,53,53,72
2019,15,2019_15_JAX_OAK,LV,0.04123410900983533,-0.010973135592044754,0.11352127824351074,-0.049124852532258956,0.4583333333333333,72,72,53
2019,15,2019_15_LA_DAL,DAL,0.3118214251394266,0.09422517240897456,0.32811794782438486,0.3033027882813803,0.5373134328358209,67,67,69
2019,15,2019_15_LA_DAL,LA,-0.09422517240897456,-0.3118214251394266,-0.07607439461994747,-0.16553179943729526,0.463768115942029,69,69,67
2019,15,2019_15_MIA_NYG,MIA,-0.06955789895185308,-0.06365010784273702,0.020375475425331205,-0.22784063785569741,0.4057971014492754,69,69,63
2019,15,2019_15_MIA_NYG,NYG,0.06365010784273702,0.06955789895185308,0.05930944783710099,0.06759616239331522,0.49206349206349204,63,63,69
2019,15,2019_15_MIN_LAC,LAC,-0.4542677109606903,-0.0942964568693774,-0.4141831023804382,-0.5428757930854581,0.45901639344262296,61,61,59
2019,15,2019_15_MIN_LAC,MIN,0.0942964568693774,0.4542677109606903,0.24791319488851704,-0.01865702696822529,0.4067796610169492,59,59,61
2019,15,2019_15_NE_CIN,CIN,-0.23622382417722784,-0.04127601517627515,-0.4023410433936335,-0.07010660496082217,0.41935483870967744,62,62,61
2019,15,2019_15_NE_CIN,NE,0.04127601517627515,0.23622382417722784,-0.07847857969280252,0.16502242987432206,0.4098360655737705,61,61,62
2019,15,2019_15_NYJ_BAL,BAL,0.413946189961775,0.15407535193882788,0.6501893632218707,0.24023797432935168,0.5084745762711864,59,59,58
2019,15,2019_15_NYJ_BAL,NYJ,-0.15407535193882788,-0.413946189961775,-0.20413567011555117,-0.08315656785513663,0.43103448275862066,58,58,59
2019,15,2019_15_PHI_WAS,PHI,0.21253628144141912,-0.013538494929752995,0.18541152551028942,0.2561296391878776,0.5342465753424658,73,73,51
2019,15,2019_15_PHI_WAS,WAS,0.013538494929752995,-0.21253628144141912,0.07967752541582307,-0.07364477252915756,0.45098039215686275,51,51,73
2019,15,2019_15_SEA_CAR,CAR,0.01425123404376922,-0.27496882635174896,-0.09358114984884451,0.170422272784796,0.5352112676056338,71,71,61
2019,15,2019_15_SEA_CAR,SEA,0.27496882635174896,-0.01425123404376922,0.5285667910928336,0.04514567080514098,0.47540983606557374,61,61,71
2019,15,2019_15_TB_DET,DET,-0.37031592932272445,-0.2554890765765628,-0.4978061607262473,-0.032841787372222715,0.3548387096774194,62,62,69
2019,15,2019_15_TB_DET,TB,0.2554890765765628,0.37031592932272445,0.5726712905807325,-0.302751620070776,0.43478260869565216,69,69,62
2019,16,2019_16_ARI_SEA,ARI,0.1523132861960012,0.24699455082929014,0.004620997763279668,0.26502582210518344,0.44776119402985076,67,67,56
2019,16,2019_16_ARI_SEA,SEA,-0.24699455082929014,-0.1523132861960012,-0.2701350979718801,-0.20534156597262818,0.35714285714285715,56,56,67
2019,16,2019_16_BAL_CLE,BAL,0.2758165565468497,0.1361198453403086,0.3754179097617762,0.19456282102940972,0.5507246376811594,69,69,53
2019,16,2019_16_BAL_CLE,CLE,-0.1361198453403086,-0.2758165565468497,-0.012228910672410415,-0.3770188849723329,0.37735849056603776,53,53,69
2019,16,2019_16_BUF_NE,BUF,0.014607910112905256,-0.1006889113768125,0.09314585016000623,-0.08783288125287862,0.37735849056603776,53,53,67
2019,16,2019_16_BUF_NE,NE,0.1006889113768125,-0.014607910112905256,0.17902306395447348,0.019980996599828448,0.5373134328358209,67,67,53
2019,16,2019_16_CAR_IND,CAR,-0.18938874730186972,-0.10659305818811672,-0.1910787654908446,-0.1853648944709772,0.36619718309859156,71,71,59
2019,16,2019_16_CAR_IND,IND,0.10659305818811672,0.18938874730186972,-0.2489341627727527,0.4743798384924644,0.4915254237288136,59,59,71
2019,16,2019_16_CIN_MIA,CIN,0.05580483301859061,-0.17947699129920267,0.20712237435128142,-0.2992093985696455,0.3793103448275862,87,87,84
2019,16,2019_16_CIN_MIA,MIA,0.17947699129920267,-0.05580483301859061,0.3346956788672186,-0.09991664632322604,0.42857142857142855,84,84,87
2019,16,2019_16_DAL_PHI,DAL,-0.15870894769763627,-0.048749281373568265,-0.09989188042139045,-0.32780801611684296,0.45161290322580644,62,62,70
2019,16,2019_16_DAL_PHI,PHI,0.048749281373568265,0.15870894769763627,0.2027527546605699,-0.16897976706667547,0.4714285714285714,70,70,62
2019,16,2019_16_DET_DEN,DEN,0.15630505700815342,0.09127939568833192,0.21595493122749196,0.09088261431597563,0.4461538461538462,65,65,49
2019,16,2019_16_DET_DEN,DET,-0.09127939568833192,-0.15630505700815342,-0.18581316356282265,0.03476562814432241,0.3877551020408163,49,49,65
2019,16,2019_16_GB_MIN,GB,-0.16058900940907045,0.5476562450707981,-0.38106618818264243,0.17392808941979732,0.4931506849315068,73,73,53
2019,16,2019_16_GB_MIN,MIN,-0.5476562450707981,0.16058900940907045,-0.6677146829837737,-0.2700211073970422,0.2641509433962264,53,53,73
2019,16,2019_16_HOU_TB,HOU,-0.24457765727181943,0.20466890334020174,-0.19964471641337286,-0.3110784097423203,0.3225806451612903,62,62,72
2019,16,2019_16_HOU_TB,TB,-0.20466890334020174,0.24457765727181943,-0.1049010905352437,-0.44696216300938557,0.4027777777777778,72,72,62
2019,16,2019_16_JAX_ATL,ATL,0.18425027046855283,0.037336601637917806,0.2240091973389865,0.10804566063355499,0.5142857142857142,70,70,59
2019,16,2019_16_JAX_ATL,JAX,-0.037336601637917806,-0.18425027046855283,-0.07443214763972598,0.02072599210404281,0.3728813559322034,59,59,70
2019,16,2019_16_KC_CHI,CHI,-0.2483532246237034,-0.19366737069348117,-0.38552026221953556,-0.02389807219415988,0.3275862068965517,58,58,62
2019,16,2019_16_KC_CHI,KC,0.19366737069348117,0.2483532246237034,0.40387058084625416,-0.061579384492028856,0.45161290322580644,62,62,58
2019,16,2019_16_LA_SF,LA,0.04787185550701341,0.06848267429844741,0.08289203009652786,-0.019250145789555972,0.44285714285714284,70,70,54
2019,16,2019_16_LA_SF,SF,-0.06848267429844741,-0.04787185550701341,-0.2124609907573313,0.15776896585122727,0.4074074074074074,54,54,70
2019,16,2019_16_NO_TEN,NO,0.1651113977760953,-0.04846583795131602,0.18312336083548203,0.12638567719841376,0.4444444444444444,63,63,58
2019,16,2019_16_NO_TEN,TEN,0.04846583795131602,-0.1651113977760953,0.017047394538167282,0.08713469138288368,0.4482758620689655,58,58,63
2019,16,2019_16_NYG_WAS,NYG,0.45868930207793057,-0.14942702074681144,0.5901064854238951,0.2413454988519124,0.5217391304347826,69,69,67
2019,16,2019_16_NYG_WAS,WAS,0.14942702074681144,-0.45868930207793057,0.3449308594835002,-0.15886749418412086,0.43283582089552236,67,67,69
2019,16,2019_16_OAK_LAC,LAC,0.02552076279869,-0.15652337733949687,0.11574529284357608,-0.2150779839876729,0.43636363636363634,55,55,62
2019,16,2019_16_OAK_LAC,LV,0.15652337733949687,-0.02552076279869,0.43992784740685514,-0.1659713644612901,0.45161290322580644,62,62,55
2019,16,2019_16_PIT_NYJ,NYJ,-0.20602041407674504,0.17622015087770554,-0.18734415120756467,-0.22288929666826282,0.3220338983050847,59,59,66
2019,16,2019_16_PIT_NYJ,PIT,-0.17622015087770554,0.20602041407674504,-0.10964439323331804,-0.2854043934145011,0.2878787878787879,66,66,59
2019,17,2019_17_ARI_LA,ARI,-0.023436346225983378,-0.09557740795025275,0.17250934712951624,-0.5190636882428353,0.45,60,60,78
2019,17,2019_17_ARI_LA,LA,0.09557740795025275,0.023436346225983378,0.32255835137789235,-0.23070769822697912,0.4358974358974359,78,78,60
2019,17,2019_17_ATL_TB,ATL,-0.17368211042112666,0.20105496124453312,-0.10976796788418028,-0.2993064595454695,0.4186046511627907,86,86,47
2019,17,2019_17_ATL_TB,TB,-0.20105496124453312,0.17368211042112666,-0.26597310477103175,-0.12728434360078472,0.40425531914893614,47,47,86
2019,17,2019_17_CHI_MIN,CHI,-0.029935320616663316,0.1369353874059718,-0.04368857803846508,-0.013350510196255308,0.4666666666666667,75,75,47
2019,17,2019_17_CHI_MIN,MIN,-0.1369353874059718,0.029935320616663316,-0.1933760020151883,-0.09134873714468156,0.3829787234042553,47,47,75
2019,17,2019_17_CLE_CIN,CIN,0.14341316219044192,-0.023507253625818923,0.20987673852793007,0.08987305902968756,0.4461538461538462,65,65,53
2019,17,2019_17_CLE_CIN,CLE,0.023507253625818923,-0.14341316219044192,0.06597778043736856,-0.046569115613237955,0.39622641509433965,53,53,65
2019,17,2019_17_GB_DET,DET,-0.14486966433217077,-0.06813775224590457,-0.4378179271564883,0.21838618156998293,0.39285714285714285,56,56,85
2019,17,2019_17_GB_DET,GB,0.06813775224590457,0.14486966433217077,0.13532456339297189,-0.06160229686567367,0.4,85,85,56
2019,17,2019_17_IND_JAX,IND,-0.1400801418335332,-0.1435381190696644,-0.2268926288566609,-0.050052377513252644,0.43636363636363634,55,55,64
2019,17,2019_17_IND_JAX,JAX,0.1435381190696644,0.1400801418335332,0.2354768015717984,-0.044717278434705264,0.53125,64,64,55
2019,17,2019_17_LAC_KC,KC,0.20468457758199793,-0.12923531697093937,-0.0856249575440607,0.550291167017782,0.43478260869565216,46,46,74
2019,17,2019_17_LAC_KC,LAC,0.12923531697093937,-0.20468457758199793,0.18327402628777661,0.02331944670993835,0.47297297297297297,74,74,46
2019,17,2019_17_MIA_NE,MIA,0.13971819995323104,-0.03659878809462069,0.22170665440168785,-0.031712204802633176,0.4852941176470588,68,68,57
2019,17,2019_17_MIA_NE,NE,0.03659878809462069,-0.13971819995323104,0.00507174539619523,0.07162883553731565,0.42105263157894735,57,57,68
2019,17,2019_17_NO_CAR,CAR,-0.34057946543638057,-0.2641364874078944,-0.23720663124627286,-0.6334691623083523,0.391304347826087,69,69,63
2019,17,2019_17_NO_CAR,NO,0.2641364874078944,0.34057946543638057,0.6100177188727685,-0.09290220313649174,0.5079365079365079,63,63,69
2019,17,2019_17_NYJ_BUF,BUF,-0.25428603747960044,0.10889559755563792,-0.2896908403869535,-0.18347643166489433,0.36666666666666664,60,60,63
2019,17,2019_17_NYJ_BUF,NYJ,-0.10889559755563792,0.25428603747960044,0.04807552825081605,-0.34749170878144797,0.3968253968253968,63,63,60
2019,17,2019_17_OAK_DEN,DEN,-0.12069033684195339,0.025045418140956142,0.161932510842263,-0.4467936226314339,0.4642857142857143,56,56,70
2019,17,2019_17_OAK_DEN,LV,-0.025045418140956142,0.12069033684195339,0.09368600434219299,-0.28409579446782696,0.34285714285714286,70,70,56
2019,17,2019_17_PHI_NYG,NYG,-0.24868925686659882,-0.06749498115519653,-0.17125596811080998,-0.43674152955922874,0.375,72,72,72
2019,17,2019_17_PHI_NYG,PHI,0.06749498115519653,0.24868925686659882,0.14039691123384979,-0.028923700561731932,0.3888888888888889,72,72,72
2019,17,2019_17_PIT_BAL,BAL,-0.10832546515096929,0.4221638497953409,-0.30300534953749453,-0.0021364373037737142,0.4264705882352941,68,68,49
2019,17,2019_17_PIT_BAL,PIT,-0.4221638497953409,0.10832546515096929,-0.5145151880487646,-0.30882357102977537,0.2857142857142857,49,49,68
2019,17,2019_17_SF_SEA,SEA,0.10653045401351327,-0.37498537227124945,0.2828847971657524,-0.12860867018947222,0.45714285714285713,70,70,49
2019,17,2019_17_SF_SEA,SF,0.37498537227124945,-0.10653045401351327,0.5710648290117893,0.1707359381665204,0.5510204081632653,49,49,70
2019,17,2019_17_TEN_HOU,HOU,-0.034610092587983955,-0.5014900481164978,-0.0909167031153629,0.055480484255822374,0.4307692307692308,65,65,57
2019,17,2019_17_TEN_HOU,TEN,0.5014900481164978,0.034610092587983955,0.7409564919694925,0.3618012892022509,0.6140350877192983,57,57,65
2019,17,2019_17_WAS_DAL,DAL,0.20151835812113056,0.45092553963193727,0.23261014268918206,0.16953823685113475,0.43661971830985913,71,71,59
2019,17,2019_17_WAS_DAL,WAS,-0.45092553963193727,-0.20151835812113056,-0.6127933922278612,-0.13528322706988546,0.3389830508474576,59,59,71
2020,1,2020_01_ARI_SF,ARI,0.07341390347198076,0.04643698925104778,-0.08719492208817764,0.26708925194158356,0.4666666666666667,75,75,61
2020,1,2020_01_ARI_SF,SF,-0.04643698925104778,-0.07341390347198076,0.010472097337833337,-0.1283860739390366,0.47540983606557374,61,61,75
2020,1,2020_01_CHI_DET,CHI,0.11135673454970704,0.012796314223340438,0.06782853883607706,0.16887613602843235,0.5076923076923077,65,65,71
2020,1,2020_01_CHI_DET,DET,-0.012796314223340438,-0.11135673454970704,0.05026890026264278,-0.104132142099592,0.4084507042253521,71,71,65
2020,1,2020_01_CLE_BAL,BAL,0.20411000146945837,0.24521405369418786,0.49145087222299794,-0.07332256339602815,0.47368421052631576,57,57,67
2020,1,2020_01_CLE_BAL,CLE,-0.24521405369418786,-0.20411000146945837,-0.2596790928488459,-0.22240379964261173,0.373134328358209,67,67,57
2020,1,2020_01_DAL_LA,DAL,-0.019836816077377403,-0.05819304995343374,-0.11977323220526147,0.1356198312326645,0.463768115942029,69,69,71
2020,1,2020_01_DAL_LA,LA,0.05819304995343374,0.019836816077377403,0.15446863884077205,-0.02080230503104896,0.43661971830985913,71,71,69
2020,1,2020_01_GB_MIN,GB,0.3177038893164674,-0.29541200122125205,0.40836256701753815,0.18473782868823035,0.5405405405405406,74,74,51
2020,1,2020_01_GB_MIN,MIN,0.29541200122125205,-0.3177038893164674,0.24680505338344536,0.3500948175387845,0.6274509803921569,51,51,74
2020,1,2020_01_HOU_KC,HOU,0.15236193675175785,-0.21377026487111406,0.09507899970825047,0.25328901630460415,0.5172413793103449,58,58,67
2020,1,2020_01_HOU_KC,KC,0.21377026487111406,-0.15236193675175785,0.4238736163542578,0.009846423725709874,0.5223880597014925,67,67,58
2020,1,2020_01_IND_JAX,IND,0.025777055486618173,-0.13378407741387577,0.1686866486386959,-0.27952980261100246,0.4782608695652174,69,69,46
2020,1,2020_01_IND_JAX,JAX,0.13378407741387577,-0.025777055486618173,0.3538406725083664,-0.10627766268920492,0.5,46,46,69
2020,1,2020_01_LAC_CIN,CIN,-0.21666460863306508,0.08884040778128749,-0.15316427433163043,-0.3028436337564407,0.42424242424242425,66,66,70
2020,1,2020_01_LAC_CIN,LAC,-0.08884040778128749,0.21666460863306508,-0.005976033087426599,-0.15862093383927559,0.37142857142857144,70,70,66
2020,1,2020_01_LV_CAR,CAR,0.12143918990416634,-0.2471422612960783,0.17713727985176375,0.05460148196704949,0.45454545454545453,66,66,61
2020,1,2020_01_LV_CAR,LV,0.2471422612960783,-0.12143918990416634,0.3592491278573849,0.13865174526900745,0.5573770491803278,61,61,66
2020,1,2020_01_MIA_NE,MIA,-0.17238908153191132,-0.16426680281944303,-0.2718584217521778,-0.05818354276049434,0.5,58,58,62
2020,1,2020_01_MIA_NE,NE,0.16426680281944303,0.17238908153191132,-0.16218446455674157,0.33147354952431807,0.6129032258064516,62,62,58
2020,1,2020_01_NYJ_BUF,BUF,0.033707014399777004,0.1733868654444129,0.28165323489615096,-0.37127181241096713,0.46835443037974683,79,79,51
2020,1,2020_01_NYJ_BUF,NYJ,-0.1733868654444129,-0.033707014399777004,-0.25169455296903226,0.014551584614673629,0.37254901960784315,51,51,79
2020,1,2020_01_PHI_WAS,PHI,-0.30583385401937374,0.1568037005252301,-0.3915191140458027,-0.05381838335340623,0.373134328358209,67,67,67
2020,1,2020_01_PHI_WAS,WAS,-0.1568037005252301,0.30583385401937374,-0.10172345345382394,-0.2135530459927395,0.2835820895522388,67,67,67
2020,1,2020_01_PIT_NYG,NYG,-0.14347790804921295,-0.184604622854276,-0.02855213689758209,-0.4156705239346545,0.390625,64,64,63
2020,1,2020_01_PIT_NYG,PIT,0.184604622854276,0.14347790804921295,0.44414810918162223,-0.11968774042606097,0.3968253968253968,63,63,64
2020,1,2020_01_SEA_ATL,ATL,-0.011682406761955404,-0.32283720528068316,0.10690940844648533,-0.3335744766134374,0.46153846153846156,78,78,57
2020,1,2020_01_SEA_ATL,SEA,0.32283720528068316,0.011682406761955404,0.5150046294165483,-0.061497642991047256,0.47368421052631576,57,57,78
2020,1,2020_01_TB_NO,NO,-0.21870947575071453,0.15688404823481322,-0.019970238775880486,-0.411426311605099,0.3076923076923077,65,65,66
2020,1,2020_01_TB_NO,TB,-0.15688404823481322,0.21870947575071453,-0.2610964326292871,0.003442696987454278,0.42424242424242425,66,66,65
2020,1,2020_01_TEN_DEN,DEN,-0.08486242919481533,-0.1047712135377407,-0.20822960918391772,0.07171899156058387,0.4067796610169492,59,59,78
2020,1,2020_01_TEN_DEN,TEN,0.1047712135377407,0.08486242919481533,0.22501775431344945,-0.05084195687788237,0.5256410256410257,78,78,59
2020,2,2020_02_ATL_DAL,ATL,0.11242206589442687,-0.0674474114172469,0.31199385407558267,-0.11649851466631062,0.4246575342465753,73,73,81
2020,2,2020_02_ATL_DAL,DAL,0.0674474114172469,-0.11242206589442687,0.17603526719636758,-0.09882774274453164,0.5308641975308642,81,81,73
2020,2,2020_02_BAL_HOU,BAL,0.21053178963425942,0.2049727583533449,0.19905646787864897,0.21998205460946801,0.45161290322580644,62,62,56
2020,2,2020_02_BAL_HOU,HOU,-0.2049727583533449,-0.21053178963425942,-0.1789500744727842,-0.26467185666757254,0.4107142857142857,56,56,62
2020,2,2020_02_BUF_MIA,BUF,0.39383605383740605,-0.1566670317388278,0.6510626225265906,-0.04712377820119616,0.49122807017543857,57,57,72
2020,2,2020_02_BUF_MIA,MIA,0.1566670317388278,-0.39383605383740605,0.14619994154460947,0.18045587308932393,0.5,72,72,57
2020,2,2020_02_CAR_TB,CAR,-0.14495941450244712,0.0197264583525201,-0.1753369894063606,-0.08546999698228319,0.4647887323943662,71,71,57
2020,2,2020_02_CAR_TB,TB,-0.0197264583525201,0.14495941450244712,0.014982270479392846,-0.07494489058510888,0.40350877192982454,57,57,71
2020,2,2020_02_CIN_CLE,CIN,0.07109836587867306,-0.34386067612909493,0.17244467341980826,-0.19493569141680686,0.45977011494252873,87,87,56
2020,2,2020_02_CIN_CLE,CLE,0.34386067612909493,-0.07109836587867306,0.4778951526956086,0.25044270761304,0.5357142857142857,56,56,87
2020,2,2020_02_DEN_PIT,DEN,-0.1868830128188633,0.1065096668145388,-0.23532343268138142,-0.09931763845200364,0.3561643835616438,73,73,62
2020,2,2020_02_DEN_PIT,PIT,-0.1065096668145388,0.1868830128188633,0.026379221500108196,-0.38557633227529753,0.41935483870967744,62,62,73
2020,2,2020_02_DET_GB,DET,-0.035561048633976966,-0.40558799641337867,-0.16283344930254956,0.18868080016303188,0.46551724137931033,58,58,65
2020,2,2020_02_DET_GB,GB,0.40558799641337867,0.035561048633976966,0.4765544092085704,0.3408833259236451,0.5230769230769231,65,65,58
2020,2,2020_02_JAX_TEN,JAX,0.2544227869679926,-0.26862998767873375,0.24211067752029886,0.2758549774880521,0.5540540540540541,74,74,57
2020,2,2020_02_JAX_TEN,TEN,0.26862998767873375,-0.2544227869679926,0.7213417241642023,-0.08505105645053845,0.5614035087719298,57,57,74
2020,2,2020_02_KC_LAC,KC,0.11817649345152151,-0.040171702581330786,0.07549656467710192,0.21323633481272877,0.4225352112676056,71,71,78
2020,2,2020_02_KC_LAC,LAC,0.040171702581330786,-0.11817649345152151,0.07991100680660629,0.009464058407254262,0.48717948717948717,78,78,71
2020,2,2020_02_LA_PHI,LA,0.43776457424528825,0.09261746792330244,0.7570290615104531,0.18944775081682666,0.5625,64,64,70
2020,2,2020_02_LA_PHI,PHI,-0.09261746792330244,-0.43776457424528825,-0.2164147595204192,0.10454118165729084,0.4857142857142857,70,70,64
2020,2,2020_02_MIN_IND,IND,0.06613910063235241,0.28432550841407916,0.10596823327138163,0.037074598436304056,0.5,64,64,47
2020,2,2020_02_MIN_IND,MIN,-0.28432550841407916,-0.06613910063235241,-0.46594980353667476,-0.016668652443938253,0.3191489361702128,47,47,64
2020,2,2020_02_NE_SEA,NE,0.19161194663645503,-0.21713327392547702,0.46198991264314915,-0.29506839217559433,0.4857142857142857,70,70,60
2020,2,2020_02_NE_SEA,SEA,0.21713327392547702,-0.19161194663645503,0.3487341259897221,0.08553242186123194,0.5833333333333334,60,60,70
2020,2,2020_02_NO_LV,LV,0.11596927621333043,-0.1790629146791535,0.35143040535245396,-0.15985661792107142,0.4868421052631579,76,76,57
2020,2,2020_02_NO_LV,NO,0.1790629146791535,-0.11596927621333043,0.10121941162450329,0.3347499207884539,0.5614035087719298,57,57,76
2020,2,2020_02_NYG_CHI,CHI,-0.015318788087323388,0.10323143361370014,0.05543746828616616,-0.08607504446081293,0.390625,64,64,60
2020,2,2020_02_NYG_CHI,NYG,-0.10323143361370014,0.015318788087323388,-0.20663944659062924,0.1380539299991344,0.5166666666666667,60,60,64
2020,2,2020_02_SF_NYJ,NYJ,-0.1987119793492063,-0.18181322095099928,-0.08328369704551718,-0.3347524549214114,0.3770491803278688,61,61,57
2020,2,2020_02_SF_NYJ,SF,0.18181322095099928,0.1987119793492063,0.251721366906251,0.1041375032229418,0.40350877192982454,57,57,61
2020,2,2020_02_WAS_ARI,ARI,0.11327621015931913,0.07174495287854799,0.09175443099243556,0.14085098971688867,0.3972602739726027,73,73,62
2020,2,2020_02_WAS_ARI,WAS,-0.07174495287854799,-0.11327621015931913,-0.2243775945187836,0.1699233963851584,0.45161290322580644,62,62,73
2020,3,2020_03_CAR_LAC,CAR,-0.10107356141500194,0.1209044316721012,0.09081926339750217,-0.3752061682900078,0.39215686274509803,51,51,74
2020,3,2020_03_CAR_LAC,LAC,-0.1209044316721012,0.10107356141500194,-0.04498042459103173,-0.2892576647649074,0.4594594594594595,74,74,51
2020,3,2020_03_CHI_ATL,ATL,-0.030040807610343986,-0.026629984219369317,-0.17688816608476182,0.21470478984701913,0.390625,64,64,76
2020,3,2020_03_CHI_ATL,CHI,0.026629984219369317,0.030040807610343986,-0.013920476166103575,0.12616293243825732,0.4473684210526316,76,76,64
2020,3,2020_03_CIN_PHI,CIN,-0.001379464215111832,0.038900463760865346,0.07227857837064557,-0.22668641800684033,0.43478260869565216,69,69,86
2020,3,2020_03_CIN_PHI,PHI,-0.038900463760865346,0.001379464215111832,-0.16803280791656527,0.1404500142331623,0.36046511627906974,86,86,69
2020,3,2020_03_DAL_SEA,DAL,0.13425589977515154,-0.0727762439281979,0.12920495689554126,0.1494087284139823,0.4625,80,80,70
2020,3,2020_03_DAL_SEA,SEA,0.0727762439281979,-0.13425589977515154,0.14200885257936186,-0.05184245164389722,0.38571428571428573,70,70,80
2020,3,2020_03_DET_ARI,ARI,-0.003369748960101297,-0.03197606522480414,-0.1152667436173134,0.1458262439161815,0.5396825396825397,63,63,62
2020,3,2020_03_DET_ARI,DET,0.03197606522480414,0.003369748960101297,0.17866330854282256,-0.15817406500225678,0.41935483870967744,62,62,63
2020,3,2020_03_GB_NO,GB,0.19833474458056094,-0.1255071063595802,0.32995321778738096,0.024598359947558494,0.5172413793103449,58,58,57
2020,3,2020_03_GB_NO,NO,0.1255071063595802,-0.19833474458056094,0.2980033013303227,-0.1936108543362934,0.45614035087719296,57,57,58
2020,3,2020_03_HOU_PIT,HOU,0.04385686316032042,-0.15538851826710356,0.21917790824500116,-0.33016136635366516,0.3617021276595745,47,47,73
2020,3,2020_03_HOU_PIT,PIT,0.15538851826710356,-0.04385686316032042,0.2472830245844516,0.04998011396191025,0.5068493150684932,73,73,47
2020,3,2020_03_KC_BAL,BAL,-0.11831149430637987,-0.3219975251909245,-0.46643837185666176,0.4386915097740712,0.40384615384615385,52,52,73
2020,3,2020_03_KC_BAL,KC,0.3219975251909245,0.11831149430637987,0.7470916461671883,-0.25393644516401354,0.547945205479452,73,73,52
2020,3,2020_03_LA_BUF,BUF,0.19503754591980774,-0.3319453207701796,0.22851525773011097,0.13605300606355913,0.5172413793103449,58,58,67
2020,3,2020_03_LA_BUF,LA,0.3319453207701796,-0.19503754591980774,0.362262374971535,0.29878604273744713,0.5970149253731343,67,67,58
2020,3,2020_03_LV_NE,LV,-0.07485513691313715,-0.13951486423316317,-0.06628081109616824,-0.08810636772118001,0.5178571428571429,56,56,65
2020,3,2020_03_LV_NE,NE,0.13951486423316317,0.07485513691313715,-0.1487277552153158,0.38657996661757377,0.49230769230769234,65,65,56
2020,3,2020_03_MIA_JAX,JAX,-0.15919831049645186,-0.1780023808080792,-0.2080423799204215,-0.027032004996298757,0.4603174603174603,63,63,56
2020,3,2020_03_MIA_JAX,MIA,0.1780023808080792,0.15919831049645186,0.4154541550337204,0.035531316272694485,0.44642857142857145,56,56,63
2020,3,2020_03_NYJ_IND,IND,0.1299458397190914,0.42448795479722323,0.3812309156730842,-0.08667922575848858,0.4444444444444444,54,54,60
2020,3,2020_03_NYJ_IND,NYJ,-0.42448795479722323,-0.1299458397190914,-0.7380971546067046,-0.08925053431122595,0.35,60,60,54
2020,3,2020_03_SF_NYG,NYG,-0.32176011945824057,-0.31481234872345776,-0.1978071025105661,-0.6027202912063028,0.32653061224489793,49,49,71
2020,3,2020_03_SF_NYG,SF,0.31481234872345776,0.32176011945824057,0.61544367307581,-0.051582077830971684,0.49295774647887325,71,71,49
2020,3,2020_03_TB_DEN,DEN,-0.2754607967487799,-0.18960277710580378,-0.3006779659570538,-0.19440561000789916,0.3050847457627119,59,59,62
2020,3,2020_03_TB_DEN,TB,0.18960277710580378,0.2754607967487799,0.28899256037914245,0.008894080245188047,0.4838709677419355,62,62,59
2020,3,2020_03_TEN_MIN,MIN,0.04339987086625891,-0.006983063708080596,0.10602894113465776,-0.01353564755955824,0.4444444444444444,63,63,72
2020,3,2020_03_TEN_MIN,TEN,0.006983063708080596,-0.04339987086625891,-0.05032424653094188,0.07861720150685869,0.5,72,72,63
2020,3,2020_03_WAS_CLE,CLE,0.0737760634239603,0.11541057670406336,0.34196330536968295,-0.10743153248531177,0.41935483870967744,62,62,62
2020,3,2020_03_WAS_CLE,WAS,-0.11541057670406336,-0.0737760634239603,-0.1638922408252256,-0.027262096483768386,0.4032258064516129,62,62,62
2020,4,2020_04_ARI_CAR,ARI,0.0795731609017821,-0.2922404882219134,0.03797563227817591,0.13744798333462552,0.4909090909090909,55,55,69
2020,4,2020_04_ARI_CAR,CAR,0.2922404882219134,-0.0795731609017821,0.34003505078731605,0.23697802525566658,0.4782608695652174,69,69,55
2020,4,2020_04_ATL_GB,ATL,0.03841653805208064,-0.2875558315335169,0.03492076399745507,0.04442926942603662,0.4852941176470588,68,68,59
2020,4,2020_04_ATL_GB,GB,0.2875558315335169,-0.03841653805208064,0.761988155586069,-0.35767212917795405,0.559322033898305,59,59,68
2020,4,2020_04_BAL_WAS,BAL,0.2748782026123829,0.030801224575450405,0.4981688734244487,0.09624566596273022,0.4444444444444444,54,54,70
2020,4,2020_04_BAL_WAS,WAS,-0.030801224575450405,-0.2748782026123829,-0.09610384804233892,0.11167722662503365,0.45714285714285713,70,70,54
2020,4,2020_04_BUF_LV,BUF,0.2711396741132081,0.020741799696852324,0.5306763759579152,-0.14175962427609853,0.47368421052631576,57,57,68
2020,4,2020_04_BUF_LV,LV,-0.020741799696852324,-0.2711396741132081,0.13329024496970066,-0.3221088436096734,0.5,68,68,57
2020,4,2020_04_CLE_DAL,CLE,0.38568433133991087,-0.15108441152534355,0.3160014002490654,0.44436469436378073,0.5714285714285714,70,70,82
2020,4,2020_04_CLE_DAL,DAL,0.15108441152534355,-0.38568433133991087,0.1829163169067263,0.05240550484305713,0.5853658536585366,82,82,70
2020,4,2020_04_DEN_NYJ,DEN,0.03974337072853194,0.1759053096839298,0.03884092632318521,0.04077951060133745,0.41379310344827586,58,58,75
2020,4,2020_04_DEN_NYJ,NYJ,-0.1759053096839298,-0.03974337072853194,-0.28893948131986097,0.06429230504242393,0.3466666666666667,75,75,58
2020,4,2020_04_IND_CHI,CHI,-0.15059119632486423,0.0012827531554372047,-0.1061236888568525,-0.27009762264514575,0.3220338983050847,59,59,65
2020,4,2020_04_IND_CHI,IND,-0.0012827531554372047,0.15059119632486423,0.22396710867604483,-0.19435406329670754,0.35384615384615387,65,65,59
2020,4,2020_04_JAX_CIN,CIN,0.24779056124023477,-0.16453279977707416,0.24029192753270617,0.2564608564645647,0.5217391304347826,69,69,63
2020,4,2020_04_JAX_CIN,JAX,0.16453279977707416,-0.24779056124023477,0.2669062125503128,-0.05557003768538893,0.47619047619047616,63,63,69
2020,4,2020_04_LAC_TB,LAC,0.11980883019785164,-0.1740369713655127,0.5056737922810476,-0.3537527141769798,0.3469387755102041,49,49,70
2020,4,2020_04_LAC_TB,TB,0.1740369713655127,-0.11980883019785164,0.27577469483586625,-0.020960331952665,0.5285714285714286,70,70,49
2020,4,2020_04_MIN_HOU,HOU,0.02448442256353029,-0.25486805962038933,0.20522054711684687,-0.2257655960487542,0.4838709677419355,62,62,63
2020,4,2020_04_MIN_HOU,MIN,0.25486805962038933,-0.02448442256353029,0.3948646979659486,0.16276500807725824,0.5555555555555556,63,63,62
2020,4,2020_04_NE_KC,KC,0.05491044940931286,0.2108982943272403,0.06421340601516842,0.04222459949223711,0.4423076923076923,52,52,74
2020,4,2020_04_NE_KC,NE,-0.2108982943272403,-0.05491044940931286,-0.4855387294517715,0.09512961909723734,0.40540540540540543,74,74,52
2020,4,2020_04_NO_DET,DET,0.06493778802580281,-0.29053200888941344,0.06239154411471848,0.0689886306116188,0.42105263157894735,57,57,66
2020,4,2020_04_NO_DET,NO,0.29053200888941344,-0.06493778802580281,0.3909187616232817,0.22103348776596624,0.5909090909090909,66,66,57
2020,4,2020_04_NYG_LA,LA,-0.1003159754807771,0.1758647341159048,-0.17049502779872702,0.018988413459737785,0.42592592592592593,54,54,66
2020,4,2020_04_NYG_LA,NYG,-0.1758647341159048,0.1003159754807771,-0.3051048384053046,0.03608903691871092,0.36363636363636365,66,66,54
2020,4,2020_04_PHI_SF,PHI,-0.07568211914339001,0.08584572517366947,-0.06717109423531029,-0.08540900475262399,0.43333333333333335,60,60,70
2020,4,2020_04_PHI_SF,SF,-0.08584572517366947,0.07568211914339001,-0.18932643869513177,0.17285605862998638,0.44285714285714284,70,70,60
2020,4,2020_04_SEA_MIA,MIA,0.06609173765938615,-0.23560875019435598,0.07745390554421618,0.041818015359976576,0.5507246376811594,69,69,59
2020,4,2020_04_SEA_MIA,SEA,0.23560875019435598,-0.06609173765938615,0.30150657785956386,0.1324643242835958,0.576271186440678,59,59,69
2020,5,2020_05_ARI_NYJ,ARI,0.2576662150012208,0.1345241583578022,0.330410459828242,0.1552854259854131,0.5230769230769231,65,65,64
2020,5,2020_05_ARI_NYJ,NYJ,-0.1345241583578022,-0.2576662150012208,-0.12804269681863095,-0.1428574660510224,0.390625,64,64,65
2020,5,2020_05_BUF_TEN,BUF,0.020849704895232093,-0.28721134411405785,-0.02328970841562437,0.121739792462904,0.5072463768115942,69,69,62
2020,5,2020_05_BUF_TEN,TEN,0.28721134411405785,-0.020849704895232093,0.4960292264607103,0.11524367629916764,0.5,62,62,69
2020,5,2020_05_CAR_ATL,ATL,0.05236316886408657,-0.2510387361511116,-0.10444581060310769,0.3114388740707553,0.47540983606557374,61,61,62
2020,5,2020_05_CAR_ATL,CAR,0.2510387361511116,-0.05236316886408657,0.46625629656426426,-0.046954809036330585,0.5483870967741935,62,62,61
2020,5,2020_05_CIN_BAL,BAL,-0.06933352253114834,0.49674171220995933,-0.1334787384031159,0.036645529779058925,0.39344262295081966,61,61,65
2020,5,2020_05_CIN_BAL,CIN,-0.49674171220995933,0.06933352253114834,-0.6399326338936147,-0.3075251371279862,0.27692307692307694,65,65,61
2020,5,2020_05_IND_CLE,CLE,0.03686761557054527,0.04457466886489249,0.103137920704392,-0.0414518359512736,0.4444444444444444,72,72,51
2020,5,2020_05_IND_CLE,IND,-0.04457466886489249,-0.03686761557054527,-0.2018475662111707,0.26997112582766397,0.47058823529411764,51,51,72
2020,5,2020_05_JAX_HOU,HOU,0.2007843506542246,0.05221371235058883,0.3124641474555794,0.018035592252007602,0.5,58,58,73
2020,5,2020_05_JAX_HOU,JAX,-0.05221371235058883,-0.2007843506542246,-0.07325437838067878,0.0035440526291495187,0.410958904109589,73,73,58
2020,5,2020_05_LAC_NO,LAC,0.015179787623058364,0.03974255935820017,0.17602982424612237,-0.17680251415285672,0.39705882352941174,68,68,75
2020,5,2020_05_LAC_NO,NO,-0.03974255935820017,-0.015179787623058364,-0.014190599141746798,-0.09084647979110691,0.4533333333333333,75,75,68
2020,5,2020_05_LA_WAS,LA,0.1055000464732912,0.4402417960103234,0.4026324269686481,-0.17362431096174105,0.421875,64,64,52
2020,5,2020_05_LA_WAS,WAS,-0.4402417960103234,-0.1055000464732912,-0.6130057544565454,0.028688948343707516,0.25,52,52,64
2020,5,2020_05_LV_KC,KC,0.1652082548745529,-0.31629554765349055,0.24462486083272178,-0.021420769127144013,0.40298507462686567,67,67,65
2020,5,2020_05_LV_KC,LV,0.31629554765349055,-0.1652082548745529,0.5290915581135038,0.10994790114681095,0.47692307692307695,65,65,67
2020,5,2020_05_MIA_SF,MIA,0.3358999809431031,0.3039245993896424,0.7842852945865868,-0.09802129032478443,0.4918032786885246,61,61,59
2020,5,2020_05_MIA_SF,SF,-0.3039245993896424,-0.3358999809431031,-0.5133615059014207,0.13699520379304886,0.4406779661016949,59,59,61
2020,5,2020_05_MIN_SEA,MIN,0.09321340272694931,-0.06786615438765038,0.27866957585014923,-0.09224277039625062,0.47619047619047616,84,84,53
2020,5,2020_05_MIN_SEA,SEA,0.06786615438765038,-0.09321340272694931,0.02300132900544417,0.17161606308400223,0.41509433962264153,53,53,84
2020,5,2020_05_NYG_DAL,DAL,0.02921063702021931,-0.0024689998321177587,0.10827328558907315,-0.06620980090770774,0.578125,64,64,62
2020,5,2020_05_NYG_DAL,NYG,0.0024689998321177587,-0.02921063702021931,-0.02578302370783985,0.04158718627205907,0.43548387096774194,62,62,64
2020,5,2020_05_PHI_PIT,PHI,0.14334369762925805,-0.21582359635138731,0.15307456515583526,0.11780017037199286,0.41379310344827586,58,58,65
2020,5,2020_05_PHI_PIT,PIT,0.21582359635138731,-0.14334369762925805,0.375760457224714,0.029230591999172852,0.4,65,65,58
2020,5,2020_05_TB_CHI,CHI,-0.1219666051767451,0.013192506907343452,-0.10281780846181192,-0.18825090149766766,0.39655172413793105,58,58,63
2020,5,2020_05_TB_CHI,TB,-0.013192506907343452,0.1219666051767451,-0.059627420824918224,0.09434097795440864,0.3492063492063492,63,63,58
2020,6,2020_06_ARI_DAL,ARI,0.3243538995968065,0.1766447711171702,0.05708028833780196,0.5208786137578393,0.4576271186440678,59,59,84
2020,6,2020_06_ARI_DAL,DAL,-0.1766447711171702,-0.3243538995968065,-0.15346214025750185,-0.22558588070980343,0.39285714285714285,84,84,59
2020,6,2020_06_ATL_MIN,ATL,0.18289232089546636,0.10966037715842966,0.7247996377706858,-0.449332882125623,0.46153846153846156,78,78,52
2020,6,2020_06_ATL_MIN,MIN,-0.10966037715842966,-0.18289232089546636,0.03412500316821015,-0.5410165181383491,0.4807692307692308,52,52,78
2020,6,2020_06_BAL_PHI,BAL,0.08117720432870128,0.09818894458379296,0.06396465905485134,0.09593081456342978,0.4,65,65,68
2020,6,2020_06_BAL_PHI,PHI,-0.09818894458379296,-0.08117720432870128,-0.11196412457077531,-0.0651285126150353,0.36764705882352944,68,68,65
2020,6,2020_06_CHI_CAR,CAR,-0.2817524900154278,-0.001874567216340243,-0.2761680630652883,-0.2881071827517934,0.3064516129032258,62,62,60
2020,6,2020_06_CHI_CAR,CHI,0.001874567216340243,0.2817524900154278,0.024405848360804904,-0.037043100215007806,0.4,60,60,62
2020,6,2020_06_CIN_IND,CIN,0.2021758576630399,-0.21757707952821984,0.3510611354966387,0.005263070850860787,0.4583333333333333,72,72,59
2020,6,2020_06_CIN_IND,IND,0.21757707952821984,-0.2021758576630399,0.2984473235667985,-0.04236299059578284,0.5084745762711864,59,59,72
2020,6,2020_06_CLE_PIT,CLE,-0.5149177843392223,-0.12797261487280617,-0.5511846165736642,-0.4621660283618522,0.37037037037037035,54,54,58
2020,6,2020_06_CLE_PIT,PIT,0.12797261487280617,0.5149177843392223,0.0197473066187346,0.20996148476225437,0.4827586206896552,58,58,54
2020,6,2020_06_DEN_NE,DEN,-0.1346967822144617,0.2779803239362581,-0.19187232549853997,-0.09097430793840192,0.36666666666666664,60,60,56
2020,6,2020_06_DEN_NE,NE,-0.2779803239362581,0.1346967822144617,-0.5066776603012547,0.005604373156337736,0.42857142857142855,56,56,60
2020,6,2020_06_DET_JAX,DET,0.1736479338056932,0.1272286275804922,0.13383467811114336,0.20793157065377776,0.44776119402985076,67,67,61
2020,6,2020_06_DET_JAX,JAX,-0.1272286275804922,-0.1736479338056932,-0.1442679430422081,-0.07497472683123002,0.32786885245901637,61,61,67
2020,6,2020_06_GB_TB,GB,-0.29916042621956795,-0.1215367390619386,-0.4337789931238419,-0.04274410830666533,0.3442622950819672,61,61,61
2020,6,2020_06_GB_TB,TB,0.1215367390619386,0.29916042621956795,0.21443335933701627,0.04271536428308481,0.4098360655737705,61,61,61
2020,6,2020_06_HOU_TEN,HOU,0.27843951406856693,-0.4120410945215227,0.5004358833186445,-0.05044399593154796,0.47761194029850745,67,67,71
2020,6,2020_06_HOU_TEN,TEN,0.4120410945215227,-0.27843951406856693,0.3954205161364106,0.4391264815194833,0.5211267605633803,71,71,67
2020,6,2020_06_KC_BUF,BUF,-0.027376099205861322,-0.33225444176213287,-0.11521377920062124,0.07573769904885684,0.42,50,50,71
2020,6,2020_06_KC_BUF,KC,0.33225444176213287,0.027376099205861322,0.5604818333845792,0.19220581508472262,0.6197183098591549,71,71,50
2020,6,2020_06_LA_SF,LA,0.018672392993428908,-0.11422922717150609,-0.08807503049117456,0.23216723996263586,0.42105263157894735,57,57,68
2020,6,2020_06_LA_SF,SF,0.11422922717150609,-0.018672392993428908,0.38807816498217906,-0.14397119990712842,0.4117647058823529,68,68,57
2020,6,2020_06_NYJ_MIA,MIA,-0.07406518790090022,0.32628741176408504,-0.14456421237808317,0.013353602450806648,0.4642857142857143,56,56,69
2020,6,2020_06_NYJ_MIA,NYJ,-0.32628741176408504,0.07406518790090022,-0.3863295990666718,-0.19801546616310423,0.3333333333333333,69,69,56
2020,6,2020_06_WAS_NYG,NYG,-0.0024850338178449586,0.0055720883321055,-0.015375773458800035,0.008257249216284271,0.4090909090909091,44,44,70
2020,6,2020_06_WAS_NYG,WAS,-0.0055720883321055,0.0024850338178449586,-0.016940100580267313,0.01621660181020464,0.44285714285714284,70,70,44
2020,7,2020_07_BUF_NYJ,BUF,0.1318992001717364,0.25868413833537707,0.13917417794970272,0.11880424017139701,0.5714285714285714,70,70,51
2020,7,2020_07_BUF_NYJ,NYJ,-0.25868413833537707,-0.1318992001717364,-0.42626501250188026,-0.037782076934077355,0.43137254901960786,51,51,70
2020,7,2020_07_CAR_NO,CAR,0.29733779358147844,-0.25064648066193296,0.4851445943400174,-0.09169057941835224,0.5813953488372093,43,43,65
2020,7,2020_07_CAR_NO,NO,0.25064648066193296,-0.29733779358147844,0.3911633381065182,0.06496349046730236,0.5230769230769231,65,65,43
2020,7,2020_07_CHI_LA,CHI,-0.3851293599897637,0.10020153326797465,-0.4074165182392526,-0.32744495040285126,0.3114754098360656,61,61,66
2020,7,2020_07_CHI_LA,LA,-0.10020153326797465,0.3851293599897637,0.10303639176863255,-0.3161418286193698,0.4696969696969697,66,66,61
2020,7,2020_07_CLE_CIN,CIN,0.2565915389656792,-0.444478776035989,0.35368236455158264,0.01617616132439469,0.5753424657534246,73,73,49
2020,7,2020_07_CLE_CIN,CLE,0.444478776035989,-0.2565915389656792,0.8307852196090837,-0.07059648206147055,0.5714285714285714,49,49,73
2020,7,2020_07_DAL_WAS,DAL,-0.29852701496497,-0.11242675274708919,-0.4360485307947134,-0.15042692099447724,0.37037037037037035,54,54,65
2020,7,2020_07_DAL_WAS,WAS,0.11242675274708919,0.29852701496497,0.26327360340291023,-0.0017276207221808065,0.4,65,65,54
2020,7,2020_07_DET_ATL,ATL,0.07889136507706454,-0.11827140754982231,0.23855379608996835,-0.19744745782988432,0.4788732394366197,71,71,55
2020,7,2020_07_DET_ATL,DET,0.11827140754982231,-0.07889136507706454,0.36472494237215863,-0.2807486012101508,0.43636363636363634,55,55,71
2020,7,2020_07_GB_HOU,GB,0.29345490223475557,0.022537595441146654,0.5291869247765348,-0.02714064842206426,0.559322033898305,59,59,64
2020,7,2020_07_GB_HOU,HOU,-0.022537595441146654,-0.29345490223475557,0.11436709698055122,-0.28390109915529715,0.453125,64,64,59
2020,7,2020_07_JAX_LAC,JAX,-0.07556774429746363,-0.1890493484101953,-0.01302322164016283,-0.15151466466704316,0.3870967741935484,62,62,74
2020,7,2020_07_JAX_LAC,LAC,0.1890493484101953,0.07556774429746363,0.3201076075949627,-0.014316915842030072,0.5,74,74,62
2020,7,2020_07_KC_DEN,DEN,-0.2524840593828109,-0.0638042868849333,-0.4303243915098156,-0.020752717520350194,0.4473684210526316,76,76,48
2020,7,2020_07_KC_DEN,KC,0.0638042868849333,0.2524840593828109,-0.00724954449215413,0.17225487161838254,0.4583333333333333,48,48,76
2020,7,2020_07_NYG_PHI,NYG,-0.05400586133085502,-0.03536787245311664,-0.10578062005030613,0.027354473799711003,0.3888888888888889,54,54,73
2020,7,2020_07_NYG_PHI,PHI,0.03536787245311664,0.05400586133085502,0.11496717677949125,-0.10852317767532972,0.4520547945205479,73,73,54
2020,7,2020_07_PIT_TEN,PIT,0.1213195506306349,-0.03957255436562485,0.12388032339929782,0.11609130622794812,0.5068493150684932,73,73,56
2020,7,2020_07_PIT_TEN,TEN,0.03957255436562485,-0.1213195506306349,0.1488699576153835,-0.11724545899272451,0.375,56,56,73
2020,7,2020_07_SEA_ARI,ARI,0.07198948011413757,-0.1136944847123917,0.16605107499301386,-0.053425979724364164,0.5324675324675324,77,77,82
2020,7,2020_07_SEA_ARI,SEA,0.1136944847123917,-0.07198948011413757,0.003045306857469945,0.30548639299425606,0.5853658536585366,82,82,77
2020,7,2020_07_SF_NE,NE,-0.33205381111944154,-0.39144038474813514,-0.5663629285325399,-0.04449262156700267,0.4489795918367347,49,49,63
2020,7,2020_07_SF_NE,SF,0.39144038474813514,0.33205381111944154,0.6030636350025298,0.24273215483964153,0.6190476190476191,63,63,49
2020,7,2020_07_TB_LV,LV,-0.10736836074816056,-0.35539427999638135,-0.15656866635544692,-0.02741786413632023,0.4126984126984127,63,63,68
2020,7,2020_07_TB_LV,TB,0.35539427999638135,0.10736836074816056,0.6292203849784179,-0.11558662057272158,0.5294117647058824,68,68,63
2020,8,2020_08_ATL_CAR,ATL,0.20361066990124763,0.0502383872292596,0.3085666022068926,0.10482861596652293,0.5151515151515151,66,66,52
2020,8,2020_08_ATL_CAR,CAR,-0.0502383872292596,-0.20361066990124763,-0.1322443148527109,0.06158787771181034,0.4230769230769231,52,52,66
2020,8,2020_08_DAL_PHI,DAL,-0.3443790308729561,0.30812342365822454,-0.5794219830498285,-0.055611975341370065,0.41025641025641024,78,78,59
2020,8,2020_08_DAL_PHI,PHI,-0.30812342365822454,0.3443790308729561,-0.4493761511231123,-0.1288411157220208,0.3898305084745763,59,59,78
2020,8,2020_08_IND_DET,DET,-0.21648740846174375,-0.1898103979039824,-0.15474107569468248,-0.43497443209903747,0.3728813559322034,59,59,74
2020,8,2020_08_IND_DET,IND,0.1898103979039824,0.21648740846174375,0.4756150495490551,-0.08095190365450751,0.4594594594594595,74,74,59
2020,8,2020_08_LAC_DEN,DEN,0.08104253716906487,-0.03638528573120486,0.08002778770436383,0.08388383567022781,0.3684210526315789,57,57,84
2020,8,2020_08_LAC_DEN,LAC,0.03638528573120486,-0.08104253716906487,0.0981322207651394,-0.03836100404671589,0.44047619047619047,84,84,57
2020,8,2020_08_LA_MIA,LA,-0.25495391605348694,0.49326653279762894,-0.41052164702073085,0.0776391639454483,0.4725274725274725,91,91,47
2020,8,2020_08_LA_MIA,MIA,-0.49326653279762894,0.25495391605348694,-0.44179739122552314,-0.5425911268042304,0.3404255319148936,47,47,91
2020,8,2020_08_LV_CLE,CLE,-0.02905633384514107,-0.1511877243457945,-0.2364089924749669,0.20657168732511558,0.3617021276595745,47,47,69
2020,8,2020_08_LV_CLE,LV,0.1511877243457945,0.02905633384514107,0.018248571971502887,0.2267213336493693,0.5217391304347826,69,69,47
2020,8,2020_08_MIN_GB,GB,0.19140539915458948,-0.38528050388309304,0.2518248529281331,0.09231749496597796,0.4696969696969697,66,66,49
2020,8,2020_08_MIN_GB,MIN,0.38528050388309304,-0.19140539915458948,0.8009027937504773,0.2019177289416,0.5306122448979592,49,49,66
2020,8,2020_08_NE_BUF,BUF,0.17158308872153227,-0.09774893160259264,-0.05952007046129511,0.3007289717942887,0.5283018867924528,53,53,62
2020,8,2020_08_NE_BUF,NE,0.09774893160259264,-0.17158308872153227,0.11754940094063455,0.0814426627359699,0.5161290322580645,62,62,53
2020,8,2020_08_NO_CHI,CHI,-0.08054408401163207,-0.06520028022914806,-0.04167797828860145,-0.1582762954576933,0.36231884057971014,69,69,71
2020,8,2020_08_NO_CHI,NO,0.06520028022914806,0.08054408401163207,0.1961643612745133,-0.12447183714689815,0.38028169014084506,71,71,69
2020,8,2020_08_NYJ_KC,KC,0.29655193295955323,0.2519162595921781,0.6385978718543366,-0.5072560234431875,0.4925373134328358,67,67,55
2020,8,2020_08_NYJ_KC,NYJ,-0.2519162595921781,-0.29655193295955323,-0.32057817238846964,-0.16952196423662827,0.41818181818181815,55,55,67
2020,8,2020_08_PIT_BAL,BAL,-0.07860186319717635,0.015467122130794451,-0.30540917583388244,0.0709944493929915,0.41025641025641024,78,78,50
2020,8,2020_08_PIT_BAL,PIT,-0.015467122130794451,0.07860186319717635,0.008084033555967514,-0.06551332796516363,0.44,50,50,78
2020,8,2020_08_SF_SEA,SEA,0.27115268646266266,-0.19579565208683244,0.42182041890829297,0.03611102384747937,0.453125,64,64,66
2020,8,2020_08_SF_SEA,SF,0.19579565208683244,-0.27115268646266266,0.2581929807457452,0.06208709067487646,0.5,66,66,64
2020,8,2020_08_TB_NYG,NYG,0.034489832598304605,-0.027287460682526746,0.04616975018234314,0.011129997430227535,0.43478260869565216,69,69,66
2020,8,2020_08_TB_NYG,TB,0.027287460682526746,-0.034489832598304605,0.1280555859713662,-0.1611051213792166,0.4393939393939394,66,66,69
2020,8,2020_08_TEN_CIN,CIN,0.26711935262952036,-0.2357387430314183,0.4925771605192031,0.006433762257074704,0.5072463768115942,69,69,61
2020,8,2020_08_TEN_CIN,TEN,0.2357387430314183,-0.26711935262952036,-0.022916480019008614,0.5211514029491308,0.5901639344262295,61,61,69
2020,9,2020_09_BAL_IND,BAL,-0.0003089187125760847,0.37242808632871205,0.2971736039640382,-0.19602110468403286,0.49206349206349204,63,63,63
2020,9,2020_09_BAL_IND,IND,-0.37242808632871205,0.0003089187125760847,-0.33614955473113045,-0.4449851495238753,0.3492063492063492,63,63,63
2020,9,2020_09_CAR_KC,CAR,0.3219494625633535,-0.25512910368602726,0.3594451973949749,0.24227102604615802,0.5066666666666667,75,75,57
2020,9,2020_09_CAR_KC,KC,0.25512910368602726,-0.3219494625633535,0.29370478781126935,0.09381260643501511,0.5263157894736842,57,57,75
2020,9,2020_09_CHI_TEN,CHI,-0.16212231800217977,0.09563891956266292,-0.10861041455733067,-0.3092800524755148,0.38666666666666666,75,75,53
2020,9,2020_09_CHI_TEN,TEN,-0.09563891956266292,0.16212231800217977,-0.04367030091147006,-0.138647431549857,0.3018867924528302,53,53,75
2020,9,2020_09_DEN_ATL,ATL,0.06360149411086485,0.03327703981978868,0.296643924367692,-0.22381750320588858,0.417910447761194,67,67,71
2020,9,2020_09_DEN_ATL,DEN,-0.03327703981978868,-0.06360149411086485,0.02763664850337245,-0.16894843653955666,0.3380281690140845,71,71,67
2020,9,2020_09_DET_MIN,DET,-0.09571626676261115,-0.27676130008291117,-0.131861649378604,-0.03413524452795666,0.5342465753424658,73,73,55
2020,9,2020_09_DET_MIN,MIN,0.27676130008291117,0.09571626676261115,0.30169092741562054,0.26136358908329654,0.5272727272727272,55,55,73
2020,9,2020_09_GB_SF,GB,0.28506358501866075,0.07297038897873916,0.6171571732271484,-0.0691695757370593,0.43548387096774194,62,62,53
2020,9,2020_09_GB_SF,SF,-0.07297038897873916,-0.28506358501866075,-0.08204389768862441,-0.053755899946040964,0.4528301886792453,53,53,62
2020,9,2020_09_HOU_JAX,HOU,0.09903939378863395,-0.008564759325951923,0.2094799066420087,-0.05115970369195565,0.4745762711864407,59,59,68
2020,9,2020_09_HOU_JAX,JAX,0.008564759325951923,-0.09903939378863395,0.055564731914209714,-0.06280556941918028,0.4264705882352941,68,68,59
2020,9,2020_09_LV_LAC,LAC,0.12269974704233697,-0.17999959153296438,0.24385683520594717,-0.040105090177514194,0.44,75,75,50
2020,9,2020_09_LV_LAC,LV,0.17999959153296438,-0.12269974704233697,0.05290192489698551,0.2973205145815602,0.44,50,50,75
2020,9,2020_09_MIA_ARI,ARI,0.15142368879548873,-0.14548929734781918,0.3573210660152065,0.0011742513648838409,0.453125,64,64,53
2020,9,2020_09_MIA_ARI,MIA,0.14548929734781918,-0.15142368879548873,0.3380077843199318,-0.10562177261580592,0.4528301886792453,53,53,64
2020,9,2020_09_NE_NYJ,NE,0.22641081773436755,-0.3031092110296532,0.41207554604478375,0.06859579867051378,0.5,74,74,44
2020,9,2020_09_NE_NYJ,NYJ,0.3031092110296532,-0.22641081773436755,0.5475928173333641,-0.05003377585348466,0.5454545454545454,44,44,74
2020,9,2020_09_NO_TB,NO,0.2263531834578736,0.5459812337962109,0.3409125996287897,0.09747384026559303,0.5294117647058824,68,68,45
2020,9,2020_09_NO_TB,TB,-0.5459812337962109,-0.2263531834578736,-0.5688621399873078,-0.3114519453374669,0.3333333333333333,45,45,68
2020,9,2020_09_NYG_WAS,NYG,0.044503466794844244,0.009917430274605383,0.06677170975817902,0.017364045683279983,0.4507042253521127,71,71,50
2020,9,2020_09_NYG_WAS,WAS,-0.009917430274605383,-0.044503466794844244,0.010986057396969503,-0.10514442966733542,0.52,50,50,71
2020,9,2020_09_PIT_DAL,DAL,-0.12876861883712581,-0.02434792491323195,-0.23167055559961114,0.0006886564447105182,0.4142857142857143,70,70,64
2020,9,2020_09_PIT_DAL,PIT,0.02434792491323195,0.12876861883712581,0.21146265320069316,-0.45383415848805775,0.453125,64,64,70
2020,9,2020_09_SEA_BUF,BUF,0.25410162749325116,-0.024217696485775972,0.366016197647147,-0.06065810106458086,0.5573770491803278,61,61,63
2020,9,2020_09_SEA_BUF,SEA,0.024217696485775972,-0.25410162749325116,0.049475563574280165,-0.04412712034194127,0.49206349206349204,63,63,61
2020,10,2020_10_BAL_NE,BAL,0.047339963196017666,-0.19388461537875004,0.11874609661351505,-0.044467922626478994,0.546875,64,64,56
2020,10,2020_10_BAL_NE,NE,0.19388461537875004,-0.047339963196017666,0.35676248192639043,0.11024462985428604,0.5178571428571429,56,56,64
2020,10,2020_10_BUF_ARI,ARI,0.05501847671086313,0.00938376815218455,0.0836800558609524,0.027153052537165222,0.49295774647887325,71,71,68
2020,10,2020_10_BUF_ARI,BUF,-0.00938376815218455,-0.05501847671086313,0.03480928202240948,-0.13214224085939016,0.5,68,68,71
2020,10,2020_10_CIN_PIT,CIN,-0.2109365453692514,-0.05044867280306374,-0.37964215420840575,0.13450827272996926,0.34375,64,64,67
2020,10,2020_10_CIN_PIT,PIT,0.05044867280306374,0.2109365453692514,0.22575943631276643,-0.36153162144473755,0.40298507462686567,67,67,64
2020,10,2020_10_DEN_LV,DEN,-0.3169745454305557,-0.09938031274950952,-0.37748632944443034,-0.15773300855193825,0.37681159420289856,69,69,64
2020,10,2020_10_DEN_LV,LV,0.09938031274950952,0.3169745454305557,0.12076287543191849,0.08567354179924735,0.40625,64,64,69
2020,10,2020_10_HOU_CLE,CLE,0.050494995326524274,-0.0130678303033308,-0.15566970422270046,0.1615067566222607,0.4666666666666667,60,60,53
2020,10,2020_10_HOU_CLE,HOU,0.0130678303033308,-0.050494995326524274,0.02122761156694926,0.0006338779016264848,0.4339622641509434,53,53,60
2020,10,2020_10_IND_TEN,IND,0.20627887235826614,0.06514733128815221,0.38574771062134733,-0.0350757722024292,0.5294117647058824,68,68,60
2020,10,2020_10_IND_TEN,TEN,-0.06514733128815221,-0.20627887235826614,-0.158673030470901,0.016687655496752996,0.5,60,60,68
2020,10,2020_10_JAX_GB,GB,-0.044303523345334016,0.1950202694566235,0.011650900360859648,-0.12945155941997655,0.41379310344827586,58,58,61
2020,10,2020_10_JAX_GB,JAX,-0.1950202694566235,0.044303523345334016,-0.31968705960115396,0.010950949043035507,0.39344262295081966,61,61,58
2020,10,2020_10_LAC_MIA,LAC,-0.03792351629066792,0.04131721907294827,-0.15921265146736166,0.10935614785246019,0.4838709677419355,62,62,55
2020,10,2020_10_LAC_MIA,MIA,-0.04131721907294827,0.03792351629066792,0.30621028907885656,-0.3528936056918078,0.4727272727272727,55,55,62
2020,10,2020_10_MIN_CHI,CHI,-0.43632539604877674,0.033549318428044685,-0.4914071762977506,-0.3326420449918848,0.30612244897959184,49,49,70
2020,10,2020_10_MIN_CHI,MIN,-0.033549318428044685,0.43632539604877674,0.12829075397177342,-0.22573440440282866,0.37142857142857144,70,70,49
2020,10,2020_10_PHI_NYG,NYG,0.20451108495246792,-0.06865771380732427,0.2322344603959806,0.17923388969514753,0.49230769230769234,65,65,65
2020,10,2020_10_PHI_NYG,PHI,0.06865771380732427,-0.20451108495246792,-0.12240206015426862,0.39505149432504555,0.49230769230769234,65,65,65
2020,10,2020_10_SEA_LA,LA,0.08599733372733083,0.18412037757443034,0.13143784167297187,0.01867806269675148,0.4925373134328358,67,67,65
2020,10,2020_10_SEA_LA,SEA,-0.18412037757443034,-0.08599733372733083,-0.16918928233889172,-0.2133038818984377,0.4461538461538462,65,65,67
2020,10,2020_10_SF_NO,NO,-0.11526895912953063,0.19266443536593794,-0.11695627489758839,-0.11358164336147289,0.4423076923076923,52,52,66
2020,10,2020_10_SF_NO,SF,-0.19266443536593794,0.11526895912953063,-0.020318818753838522,-0.4753112466097809,0.3939393939393939,66,66,52
2020,10,2020_10_TB_CAR,CAR,-0.23715046161788442,-0.3707079791397542,-0.3592199560862035,0.006988527318753768,0.4375,48,48,74
2020,10,2020_10_TB_CAR,TB,0.3707079791397542,0.23715046161788442,0.5865908378423119,0.11672814537203904,0.4594594594594595,74,74,48
2020,10,2020_10_WAS_DET,DET,0.18982379104548464,-0.15962156848448125,0.3285641149910152,-0.03480340010442194,0.4727272727272727,55,55,82
2020,10,2020_10_WAS_DET,WAS,0.15962156848448125,-0.18982379104548464,0.2065124608166591,0.05271033396711573,0.5121951219512195,82,82,55
2020,11,2020_11_ARI_SEA,ARI,0.1333836448297555,-0.205419799292984,0.23644773687766346,-0.12427658529001444,0.47619047619047616,63,63,61
2020,11,2020_11_ARI_SEA,SEA,0.205419799292984,-0.1333836448297555,0.323223871796822,0.08368892437235141,0.5737704918032787,61,61,63
2020,11,2020_11_ATL_NO,ATL,-0.31211758931935163,-0.037741026153658964,-0.34649504088432154,-0.2016186378605198,0.2542372881355932,59,59,62
2020,11,2020_11_ATL_NO,NO,0.037741026153658964,0.31211758931935163,0.0678935159281348,0.015964227983204182,0.46774193548387094,62,62,59
2020,11,2020_11_CIN_WAS,CIN,-0.18483570487915166,0.03711363352182914,-0.167376027652927,-0.23139484414908415,0.42424242424242425,66,66,58
2020,11,2020_11_CIN_WAS,WAS,-0.03711363352182914,0.18483570487915166,-0.13090878752399962,0.04457891996393225,0.43103448275862066,58,58,66
2020,11,2020_11_DAL_MIN,DAL,0.16219552921554967,-0.08877145503380443,-0.0049750138002300145,0.3460831265329073,0.5238095238095238,63,63,61
2020,11,2020_11_DAL_MIN,MIN,0.08877145503380443,-0.16219552921554967,0.08422757009429915,0.09378539703601714,0.4918032786885246,61,61,63
2020,11,2020_11_DET_CAR,CAR,-0.05161979193503925,0.3791086134433133,-0.02648587934640699,-0.08080756139280575,0.3880597014925373,67,67,54
2020,11,2020_11_DET_CAR,DET,-0.3791086134433133,0.05161979193503925,-0.29139123563704095,-0.5874373857332102,0.2962962962962963,54,54,67
2020,11,2020_11_GB_IND,GB,-0.04464296532115625,-0.009742694411091168,0.047555354281948126,-0.23416173339420412,0.5454545454545454,55,55,73
2020,11,2020_11_GB_IND,IND,0.009742694411091168,0.04464296532115625,0.09086472667988345,-0.07363272764294534,0.4657534246575342,73,73,55
2020,11,2020_11_KC_LV,KC,0.35481243589351896,-0.24101923684145168,0.4745337430668651,0.1345252306945622,0.6197183098591549,71,71,56
2020,11,2020_11_KC_LV,LV,0.24101923684145168,-0.35481243589351896,0.5242406362390998,-0.11017529841163196,0.5535714285714286,56,56,71
2020,11,2020_11_LA_TB,LA,0.010838292851230908,0.20154464532730182,0.19462413660250605,-0.44862631652695695,0.45714285714285713,70,70,67
2020,11,2020_11_LA_TB,TB,-0.20154464532730182,-0.010838292851230908,-0.19649287028448958,-0.2152966996105129,0.34328358208955223,67,67,70
2020,11,2020_11_MIA_DEN,DEN,-0.04180885345549482,0.16352352982508986,0.050443136797558706,-0.12567429914008893,0.3968253968253968,63,63,61
2020,11,2020_11_MIA_DEN,MIA,-0.16352352982508986,0.04180885345549482,-0.18975386746694278,-0.09563324416382334,0.3442622950819672,61,61,63
2020,11,2020_11_NE_HOU,HOU,0.2845518868912422,-0.1637575889881825,0.5439051159195128,-0.22050440121644274,0.44642857142857145,56,56,65
2020,11,2020_11_NE_HOU,NE,0.1637575889881825,-0.2845518868912422,0.2624129056885832,-0.01639559802994051,0.47692307692307695,65,65,56
2020,11,2020_11_NYJ_LAC,LAC,0.04220877930392973,0.04177346945719116,0.21757035112656736,-0.30851436434134555,0.38461538461538464,78,78,55
2020,11,2020_11_NYJ_LAC,NYJ,-0.04177346945719116,-0.04220877930392973,-0.051965875387747565,-0.02860827846355581,0.38181818181818183,55,55,78
2020,11,2020_11_PHI_CLE,CLE,-0.18162622119103738,0.23876501490466434,0.0045920712794980485,-0.2962220934805977,0.3333333333333333,63,63,65
2020,11,2020_11_PHI_CLE,PHI,-0.23876501490466434,0.18162622119103738,-0.23980747320102286,-0.23709708163049073,0.4153846153846154,65,65,63
2020,11,2020_11_PIT_JAX,JAX,-0.4407054568500756,-0.09280844509257746,-0.6732854228028227,0.0928603473944617,0.30357142857142855,56,56,70
2020,11,2020_11_PIT_JAX,PIT,0.09280844509257746,0.4407054568500756,0.14525414152236002,-0.007712473064505805,0.4142857142857143,70,70,56
2020,11,2020_11_TEN_BAL,BAL,0.11446342046258196,-0.17927935600782144,0.21227808807086676,0.022576914527526526,0.421875,64,64,68
2020,11,2020_11_TEN_BAL,TEN,0.17927935600782144,-0.11446342046258196,0.33776771123789007,0.020791000777752793,0.4852941176470588,68,68,64
2020,12,2020_12_ARI_NE,ARI,-0.06309570091173965,0.2286295070368213,-0.05500991180940905,-0.0716571246671485,0.42857142857142855,70,70,50
2020,12,2020_12_ARI_NE,NE,-0.2286295070368213,0.06309570091173965,-0.5917877658786889,0.013475998857757077,0.38,50,50,70
2020,12,2020_12_BAL_PIT,BAL,-0.3803045355752871,0.10175821887458472,-0.7096548073570288,-0.13329183173898076,0.30612244897959184,49,49,70
2020,12,2020_12_BAL_PIT,PIT,-0.10175821887458472,0.3803045355752871,-0.09254047305274606,-0.1265005892384675,0.4714285714285714,70,70,49
2020,12,2020_12_CAR_MIN,CAR,0.02984337535635328,0.0058938129235298715,0.08976265420968788,-0.04505572321031496,0.49206349206349204,63,63,70
2020,12,2020_12_CAR_MIN,MIN,-0.0058938129235298715,-0.02984337535635328,0.13936662267790736,-0.30273035523951036,0.5142857142857142,70,70,63
2020,12,2020_12_CHI_GB,CHI,0.03837925975185409,-0.34186526275130524,-0.046753246221423336,0.3044183409183461,0.48484848484848486,66,66,66
2020,12,2020_12_CHI_GB,GB,0.34186526275130524,-0.03837925975185409,0.5292112820697467,0.1950264908530674,0.5,66,66,66
2020,12,2020_12_CLE_JAX,CLE,0.20946061916382447,-0.14469870084491254,0.2413088625565138,0.1765507676580455,0.5245901639344263,61,61,61
2020,12,2020_12_CLE_JAX,JAX,0.14469870084491254,-0.20946061916382447,0.09083456852989297,0.2222630513785407,0.47540983606557374,61,61,61
2020,12,2020_12_HOU_DET,DET,-0.17846845610171144,-0.2880718462789031,-0.020452373123813105,-0.4400123175823708,0.4805194805194805,77,77,47
2020,12,2020_12_HOU_DET,HOU,0.2880718462789031,0.17846845610171144,0.6753462436863646,-0.2826483183215666,0.5531914893617021,47,47,77
2020,12,2020_12_KC_TB,KC,0.26787336871530265,-0.14819931110429677,0.4021726921277397,-0.09968267430820943,0.49295774647887325,71,71,54
2020,12,2020_12_KC_TB,TB,0.14819931110429677,-0.26787336871530265,0.1721691437806499,0.06430489673706082,0.5,54,54,71
2020,12,2020_12_LAC_BUF,BUF,-0.03676381932314515,0.06605747011732363,0.0842598711532874,-0.15361427909349382,0.45614035087719296,57,57,80
2020,12,2020_12_LAC_BUF,LAC,-0.06605747011732363,0.03676381932314515,0.11039421601085009,-0.47777807108306236,0.4,80,80,57
2020,12,2020_12_LV_ATL,ATL,-0.08446703773682057,0.7230092730274403,-0.08563295676810134,-0.08285887355574363,0.36231884057971014,69,69,58
2020,12,2020_12_LV_ATL,LV,-0.7230092730274403,0.08446703773682057,-0.6772789460982064,-0.8667331576621758,0.25862068965517243,58,58,69
2020,12,2020_12_MIA_NYJ,MIA,-0.04230615600567271,0.3425368040942084,0.14132353880782,-0.3856138463091591,0.42424242424242425,66,66,53
2020,12,2020_12_MIA_NYJ,NYJ,-0.3425368040942084,0.04230615600567271,-0.3969226152526071,-0.2715987895397753,0.3018867924528302,53,53,66
2020,12,2020_12_NO_DEN,DEN,-0.7204442357841583,-0.04814021214553469,-1.1930539221095386,-0.5772291793219217,0.18604651162790697,43,43,63
2020,12,2020_12_NO_DEN,NO,0.04814021214553469,0.7204442357841583,-0.4326678322380957,0.2557618676748296,0.42857142857142855,63,63,43
2020,12,2020_12_NYG_CIN,CIN,-0.3858640354679428,-0.030925151180404155,-0.5672618877550717,0.01580263745355686,0.3333333333333333,45,45,78
2020,12,2020_12_NYG_CIN,NYG,0.030925151180404155,0.3858640354679428,0.04466564726269384,0.017871679902228953,0.4230769230769231,78,78,45
2020,12,2020_12_SEA_PHI,PHI,-0.16345225938261368,0.05995301218311832,-0.25592574497367504,0.15095759162699493,0.36363636363636365,66,66,61
2020,12,2020_12_SEA_PHI,SEA,-0.05995301218311832,0.16345225938261368,-0.03408194784092863,-0.09044390944355617,0.4262295081967213,61,61,66
2020,12,2020_12_SF_LA,LA,-0.47516331625593106,0.31553949519487756,-0.639165301651565,-0.2747164452168228,0.4,60,60,70
2020,12,2020_12_SF_LA,SF,-0.31553949519487756,0.47516331625593106,-0.13184281809126086,-0.5215024361898417,0.38571428571428573,70,70,60
2020,12,2020_12_TEN_IND,IND,-0.013410523149475924,-0.34378257725575867,-0.005897622223893935,-0.030225110935302273,0.4117647058823529,68,68,65
2020,12,2020_12_TEN_IND,TEN,0.34378257725575867,0.013410523149475924,0.45909437745981646,0.28063563904877464,0.5230769230769231,65,65,68
2020,12,2020_12_WAS_DAL,DAL,-0.49410302900334324,-0.0880922752339928,-0.5880814435549261,-0.29048313080824706,0.43859649122807015,57,57,64
2020,12,2020_12_WAS_DAL,WAS,0.0880922752339928,0.49410302900334324,-0.1734017180773297,0.3188222693322185,0.515625,64,64,57
2020,13,2020_13_BUF_SF,BUF,0.20819420646943684,-0.08631358203021869,0.548700549008473,-0.3287581029190433,0.6119402985074627,67,67,60
2020,13,2020_13_BUF_SF,SF,0.08631358203021869,-0.20819420646943684,0.2842142782590409,-0.28121628239473684,0.5,60,60,67
2020,13,2020_13_CIN_MIA,CIN,-0.24323593261335227,0.013998749150507184,-0.3396696063278581,-0.05604115422637038,0.32,50,50,65
2020,13,2020_13_CIN_MIA,MIA,-0.013998749150507184,0.24323593261335227,0.1847307488505346,-0.2936921167075289,0.46153846153846156,65,65,50
2020,13,2020_13_CLE_TEN,CLE,0.2666539430736981,-0.04010568157494451,0.7833560046554472,-0.2352852024628581,0.4782608695652174,69,69,68
2020,13,2020_13_CLE_TEN,TEN,0.04010568157494451,-0.2666539430736981,0.253606115538787,-0.4722953599382774,0.47058823529411764,68,68,69
2020,13,2020_13_DAL_BAL,BAL,0.2716973913512396,-0.03174676998251804,-0.2711577629409906,0.5211173271071292,0.5185185185185185,54,54,77
2020,13,2020_13_DAL_BAL,DAL,0.03174676998251804,-0.2716973913512396,0.1645959002872117,-0.20073920805069584,0.4025974025974026,77,77,54
2020,13,2020_13_DEN_KC,DEN,0.09115859362602391,-0.1666715760133334,0.10804922917991176,0.07631530783624366,0.4032258064516129,62,62,62
2020,13,2020_13_DEN_KC,KC,0.1666715760133334,-0.09115859362602391,0.14780045388631477,0.2035151954041794,0.5,62,62,62
2020,13,2020_13_DET_CHI,CHI,0.0924077688048376,-0.22530941958360087,0.18009925154506667,-0.009427501474138117,0.4925373134328358,67,67,65
2020,13,2020_13_DET_CHI,DET,0.22530941958360087,-0.0924077688048376,0.3945868652656579,-0.12936713327404245,0.4307692307692308,65,65,67
2020,13,2020_13_IND_HOU,HOU,-0.02444270754444749,-0.09018919084060957,0.02648485195861536,-0.13969981589348449,0.41935483870967744,62,62,64
2020,13,2020_13_IND_HOU,IND,0.09018919084060957,0.02444270754444749,0.26307634825622006,-0.16249203922835967,0.5,64,64,62
2020,13,2020_13_JAX_MIN,JAX,-0.09065183656962374,0.1163798263296826,-0.056403203586693665,-0.15092943061958067,0.4782608695652174,69,69,85
2020,13,2020_13_JAX_MIN,MIN,-0.1163798263296826,0.09065183656962374,-0.03675338805614736,-0.21486515787852878,0.4470588235294118,85,85,69
2020,13,2020_13_LA_ARI,ARI,-0.18373369014900162,-0.19482828043713307,-0.2843628187600693,0.007940840538746366,0.3770491803278688,61,61,77
2020,13,2020_13_LA_ARI,LA,0.19482828043713307,0.18373369014900162,0.3791710461408541,-0.11029078003799132,0.5454545454545454,77,77,61
2020,13,2020_13_LV_NYJ,LV,0.038871663730484105,-0.09973350372218115,0.12094202872486164,-0.11870343705872073,0.3972602739726027,73,73,61
2020,13,2020_13_LV_NYJ,NYJ,0.09973350372218115,-0.038871663730484105,-0.07059332732643277,0.2349930460254922,0.5081967213114754,61,61,73
2020,13,2020_13_NE_LAC,LAC,-0.38495491190630454,-0.09995643238483298,-0.5105708576222362,0.07563688905211166,0.3142857142857143,70,70,64
2020,13,2020_13_NE_LAC,NE,0.09995643238483298,0.38495491190630454,0.019751866530303076,0.14494923762030099,0.4375,64,64,70
2020,13,2020_13_NO_ATL,ATL,-0.20190593244495494,-0.07545826544985175,-0.2557019737201344,-0.094313849894596,0.3492063492063492,63,63,75
2020,13,2020_13_NO_ATL,NO,0.07545826544985175,0.20190593244495494,0.06376140251552734,0.08812986696203653,0.48,75,75,63
2020,13,2020_13_NYG_SEA,NYG,-0.04566305986637895,0.24316927214134074,-0.26396557509318297,0.1362557028226244,0.36363636363636365,55,55,70
2020,13,2020_13_NYG_SEA,SEA,-0.24316927214134074,0.04566305986637895,-0.22362017143916824,-0.2858218554915352,0.42857142857142855,70,70,55
2020,13,2020_13_PHI_GB,GB,0.3154283149684591,0.10457375800593022,0.428994073873821,0.1295934367596849,0.4827586206896552,58,58,59
2020,13,2020_13_PHI_GB,PHI,-0.10457375800593022,-0.3154283149684591,-0.11507870405270071,-0.09028703138232232,0.3559322033898305,59,59,58
2020,13,2020_13_WAS_PIT,PIT,-0.15549206116846467,0.08234852301399564,-0.04432358568769084,-0.5763441469171084,0.373134328358209,67,67,70
2020,13,2020_13_WAS_PIT,WAS,-0.08234852301399564,0.15549206116846467,0.007096772789159005,-0.2910542132213565,0.34285714285714286,70,70,67
2020,14,2020_14_ARI_NYG,ARI,0.0467562773697264,0.37178063234528147,0.13330362576451385,-0.031136336185582324,0.42105263157894735,76,76,49
2020,14,2020_14_ARI_NYG,NYG,-0.37178063234528147,-0.0467562773697264,-0.5426154852357286,-0.050209144551498705,0.30612244897959184,49,49,76
2020,14,2020_14_ATL_LAC,ATL,0.006257004455099491,-0.05120247280915567,0.02045083487211343,-0.01858219877467491,0.4909090909090909,55,55,71
2020,14,2020_14_ATL_LAC,LAC,0.05120247280915567,-0.006257004455099491,0.11575402469314074,-0.06052136699004924,0.49295774647887325,71,71,55
2020,14,2020_14_BAL_CLE,BAL,0.3881875235970835,-0.2471175036671261,0.2533088546406361,0.48628110101995425,0.45614035087719296,57,57,77
2020,14,2020_14_BAL_CLE,CLE,0.2471175036671261,-0.3881875235970835,0.2541589018694572,0.23479505681304674,0.4805194805194805,77,77,57
2020,14,2020_14_DAL_CIN,CIN,-0.2590556471317541,-0.1644208159495164,0.162911472991982,-0.8216784739634022,0.4714285714285714,70,70,49
2020,14,2020_14_DAL_CIN,DAL,0.1644208159495164,0.2590556471317541,0.5052415478481501,-0.19060077977822706,0.42857142857142855,49,49,70
2020,14,2020_14_DEN_CAR,CAR,0.058599385537695184,-0.1471415199508317,-0.04354304405566256,0.2726120951618733,0.4153846153846154,65,65,56
2020,14,2020_14_DEN_CAR,DEN,0.1471415199508317,-0.058599385537695184,0.31182920211547155,-0.029745249781559256,0.5178571428571429,56,56,65
2020,14,2020_14_GB_DET,DET,0.1509811894257227,-0.3543763214632148,0.1397650290821521,0.18313418241062512,0.46551724137931033,58,58,62
2020,14,2020_14_GB_DET,GB,0.3543763214632148,-0.1509811894257227,0.541247462696805,0.14172985040430172,0.5806451612903226,62,62,58
2020,14,2020_14_HOU_CHI,CHI,0.26114205164200216,0.16509176955543578,0.27391671380837734,0.24114692825115408,0.559322033898305,59,59,63
2020,14,2020_14_HOU_CHI,HOU,-0.16509176955543578,-0.26114205164200216,-0.14937046645492366,-0.18746439319847225,0.4603174603174603,63,63,59
2020,14,2020_14_IND_LV,IND,0.3940160060871518,-0.0028577009649475033,0.5824858485251577,0.21204512373321507,0.43859649122807015,57,57,68
2020,14,2020_14_IND_LV,LV,0.0028577009649475033,-0.3940160060871518,0.01515225089950511,-0.022849085261854765,0.4852941176470588,68,68,57
2020,14,2020_14_KC_MIA,KC,0.026891491574594074,0.007202623274327138,0.06043353375217349,-0.027067445841511942,0.48333333333333334,60,60,76
2020,14,2020_14_KC_MIA,MIA,-0.007202623274327138,-0.026891491574594074,0.041780707890096615,-0.1133331741305786,0.47368421052631576,76,76,60
2020,14,2020_14_MIN_TB,MIN,0.15939595193437692,-0.21758101495865592,0.09603006606400927,0.24388379976153374,0.5064935064935064,77,77,45
2020,14,2020_14_MIN_TB,TB,0.21758101495865592,-0.15939595193437692,0.39672128654710703,0.04622945083057224,0.4666666666666667,45,45,77
2020,14,2020_14_NE_LA,LA,-0.02887735038798955,0.5495203178683676,-0.17363429607451347,0.07865638069342822,0.4098360655737705,61,61,58
2020,14,2020_14_NE_LA,NE,-0.5495203178683676,0.02887735038798955,-0.8548978604855262,-0.24414277525120898,0.3448275862068966,58,58,61
2020,14,2020_14_NO_PHI,NO,0.056059794381756255,-0.06662645342827885,0.07206510931598911,0.0216483672731556,0.4444444444444444,63,63,62
2020,14,2020_14_NO_PHI,PHI,0.06662645342827885,-0.056059794381756255,0.026154439189192993,0.10219276897171795,0.45161290322580644,62,62,63
2020,14,2020_14_NYJ_SEA,NYJ,-0.3352835607605605,-0.20768311300954465,-0.19549664128297067,-0.5115366331453476,0.3076923076923077,52,52,68
2020,14,2020_14_NYJ_SEA,SEA,0.20768311300954465,0.3352835607605605,0.44835270704634517,-0.019233932796581525,0.5441176470588235,68,68,52
2020,14,2020_14_PIT_BUF,BUF,-0.08673819418193364,0.28677006537561206,-0.09727148179985959,-0.06819960797438399,0.36231884057971014,69,69,56
2020,14,2020_14_PIT_BUF,PIT,-0.28677006537561206,0.08673819418193364,-0.32902037443851045,-0.1898428857607274,0.375,56,56,69
2020,14,2020_14_TEN_JAX,JAX,-0.12924923111192818,-0.2024563615924696,-0.16741974576774143,0.008164621648999552,0.3188405797101449,69,69,65
2020,14,2020_14_TEN_JAX,TEN,0.2024563615924696,0.12924923111192818,0.19915440008572752,0.2045200875341834,0.5384615384615384,65,65,69
2020,14,2020_14_WAS_SF,SF,-0.3546884951241036,0.307402092085652,-0.4669453948087152,-0.1468053475600081,0.44155844155844154,77,77,58
2020,14,2020_14_WAS_SF,WAS,-0.307402092085652,0.3546884951241036,-0.5076230627589505,-0.02375571696514574,0.3275862068965517,58,58,77
2020,15,2020_15_BUF_DEN,BUF,0.4984141990798561,0.13229770042731598,0.6259456374987722,0.28054799178087464,0.5384615384615384,65,65,63
2020,15,2020_15_BUF_DEN,DEN,-0.13229770042731598,-0.4984141990798561,-0.3856872901722498,0.18443928675385127,0.42857142857142855,63,63,65
2020,15,2020_15_CAR_GB,CAR,-0.019727501957302877,-0.07757231222487787,0.03544211207806016,-0.09737362541448048,0.5076923076923077,65,65,60
2020,15,2020_15_CAR_GB,GB,0.07757231222487787,0.019727501957302877,-0.20751883132440008,0.4503838076354721,0.4666666666666667,60,60,65
2020,15,2020_15_CHI_MIN,CHI,0.13606835205537898,-0.025507452557501524,0.22282078559961452,0.09062660115125565,0.578125,64,64,65
2020,15,2020_15_CHI_MIN,MIN,0.025507452557501524,-0.13606835205537898,0.0897013877261615,-0.059320247486799156,0.5384615384615384,65,65,64
2020,15,2020_15_CLE_NYG,CLE,0.26144088830129936,0.06219609487330499,0.6193552979605033,-0.13226496232382487,0.5396825396825397,63,63,53
2020,15,2020_15_CLE_NYG,NYG,-0.06219609487330499,-0.26144088830129936,0.049481215255326616,-0.24646365658554714,0.37735849056603776,53,53,63
2020,15,2020_15_DET_TEN,DET,0.13296247242021578,-0.4945638414822824,0.4172619855862109,-0.2671627683319255,0.5692307692307692,65,65,64
2020,15,2020_15_DET_TEN,TEN,0.4945638414822824,-0.13296247242021578,0.8502743197960162,0.21790013612715606,0.640625,64,64,65
2020,15,2020_15_HOU_IND,HOU,0.15182302453033264,-0.2842001375405761,0.16551578407534276,0.12182936076507238,0.5671641791044776,67,67,52
2020,15,2020_15_HOU_IND,IND,0.2842001375405761,-0.15182302453033264,0.30737716407580895,0.2525951013561677,0.5576923076923077,52,52,67
2020,15,2020_15_JAX_BAL,BAL,0.29410035073332824,0.03184704171040461,0.41773514306267595,0.19872493950783143,0.5,62,62,56
2020,15,2020_15_JAX_BAL,JAX,-0.03184704171040461,-0.29410035073332824,0.13408956642481773,-0.2882945270102937,0.35714285714285715,56,56,62
2020,15,2020_15_KC_NO,KC,0.05444588518210364,0.1332961809659412,0.018097431929744216,0.10418587384322707,0.4777777777777778,90,90,53
2020,15,2020_15_KC_NO,NO,-0.1332961809659412,-0.05444588518210364,-0.11158216818431134,-0.17927879626821616,0.3584905660377358,53,53,90
2020,15,2020_15_LAC_LV,LAC,0.2481006662752227,-0.12096346043062751,0.6687660427607729,-0.23058752076005853,0.45161290322580644,62,62,74
2020,15,2020_15_LAC_LV,LV,0.12096346043062751,-0.2481006662752227,0.2441190782682519,0.021838207049124942,0.47297297297297297,74,74,62
2020,15,2020_15_NE_MIA,MIA,0.19129859544058958,0.09915742264390597,-0.0662178255535104,0.3691075527936586,0.49295774647887325,71,71,52
2020,15,2020_15_NE_MIA,NE,-0.09915742264390597,-0.19129859544058958,-0.198445434072229,0.036235320212898194,0.4230769230769231,52,52,71
2020,15,2020_15_NYJ_LA,LA,-0.26404544492689186,-0.012109670373807687,-0.3010847984375879,-0.19191617756395749,0.3392857142857143,56,56,61
2020,15,2020_15_NYJ_LA,NYJ,0.012109670373807687,0.26404544492689186,0.11057092664587996,-0.10393395308970607,0.4262295081967213,61,61,56
2020,15,2020_15_PHI_ARI,ARI,0.016829091800105358,-0.01834550300860536,0.17599540550845486,-0.18478157223047068,0.4852941176470588,68,68,81
2020,15,2020_15_PHI_ARI,PHI,0.01834550300860536,-0.016829091800105358,0.11173725057393312,-0.1322863479032136,0.37037037037037035,81,81,68
2020,15,2020_15_PIT_CIN,CIN,-0.1158364862455051,0.3347972963126603,-0.041097452846864106,-0.14386362376999545,0.4,55,55,61
2020,15,2020_15_PIT_CIN,PIT,-0.3347972963126603,0.1158364862455051,-0.32234081571433915,-0.3568792391915023,0.39344262295081966,61,61,55
2020,15,2020_15_SEA_WAS,SEA,0.07539109490029818,-0.003276194492349693,-0.21283998520319927,0.4137493193696212,0.48,50,50,80
2020,15,2020_15_SEA_WAS,WAS,0.003276194492349693,-0.07539109490029818,-0.0033485063653179593,0.02188844928293977,0.4375,80,80,50
2020,15,2020_15_SF_DAL,DAL,0.004532964464627016,-0.08462126175344636,0.03413182880717268,-0.04390154082317498,0.3275862068965517,58,58,81
2020,15,2020_15_SF_DAL,SF,0.08462126175344636,-0.004532964464627016,0.13953163177051647,0.015983299232108703,0.4567901234567901,81,81,58
2020,15,2020_15_TB_ATL,ATL,0.028069316231759563,-0.22573417745928634,0.08590768838955826,-0.2032841723994352,0.4,65,65,64
2020,15,2020_15_TB_ATL,TB,0.22573417745928634,-0.028069316231759563,0.2983377775125656,0.007923377299448475,0.5,64,64,65
2020,16,2020_16_ATL_KC,ATL,0.056521395282048366,-0.012791848219818503,0.12666191156292017,-0.06781861085222442,0.4918032786885246,61,61,65
2020,16,2020_16_ATL_KC,KC,0.012791848219818503,-0.056521395282048366,-0.0402232088821549,0.13207572669925866,0.47692307692307695,65,65,61
2020,16,2020_16_BUF_NE,BUF,0.3989024391954583,0.15418871363937073,0.539073960139649,0.19124092668554613,0.5074626865671642,67,67,48
2020,16,2020_16_BUF_NE,NE,-0.15418871363937073,-0.3989024391954583,-0.4292126567373004,0.120835229458559,0.3333333333333333,48,48,67
2020,16,2020_16_CAR_WAS,CAR,-0.11183870851712686,0.13750206026892817,-0.23911147174112557,0.01953962771409762,0.38095238095238093,63,63,69
2020,16,2020_16_CAR_WAS,WAS,-0.13750206026892817,0.11183870851712686,-0.27902597862830875,0.23492930383470498,0.42028985507246375,69,69,63
2020,16,2020_16_CHI_JAX,CHI,0.2575763077550127,0.1285778937230073,0.35400690704411286,0.14248172150673194,0.4852941176470588,68,68,54
2020,16,2020_16_CHI_JAX,JAX,-0.1285778937230073,-0.2575763077550127,-0.1322425994259815,-0.11987421767844353,0.35185185185185186,54,54,68
2020,16,2020_16_CIN_HOU,CIN,0.35032473237520456,-0.24381603920586195,0.5856923415568429,0.07082569647200894,0.5571428571428572,70,70,51
2020,16,2020_16_CIN_HOU,HOU,0.24381603920586195,-0.35032473237520456,0.1020913518636609,0.527265413890264,0.5490196078431373,51,51,70
2020,16,2020_16_CLE_NYJ,CLE,-0.13800879726189924,0.016768877925854825,-0.16368975913093284,-0.059539191550963246,0.4657534246575342,73,73,66
2020,16,2020_16_CLE_NYJ,NYJ,-0.016768877925854825,0.13800879726189924,0.11018285437272367,-0.16010147890812088,0.3939393939393939,66,66,73
2020,16,2020_16_DEN_LAC,DEN,0.019983779950852754,0.021540115001261625,-0.008754489386568929,0.06924938452928993,0.4473684210526316,76,76,55
2020,16,2020_16_DEN_LAC,LAC,-0.021540115001261625,-0.019983779950852754,-0.04072584705119535,0.012034916086122394,0.38181818181818183,55,55,76
2020,16,2020_16_IND_PIT,IND,0.003138941674451552,0.008451009218979086,-0.1641791469674223,0.23618913656849014,0.4925373134328358,67,67,62
2020,16,2020_16_IND_PIT,PIT,-0.008451009218979086,-0.003138941674451552,0.059320823112502696,-0.2908336439334865,0.4838709677419355,62,62,67
2020,16,2020_16_LA_SEA,LA,-0.13438683557931852,-0.034227030927700464,-0.051876316082704176,-0.26526559064291366,0.3333333333333333,75,75,59
2020,16,2020_16_LA_SEA,SEA,0.034227030927700464,0.13438683557931852,0.09230365211872066,-0.05667550658867897,0.3389830508474576,59,59,75
2020,16,2020_16_MIA_LV,LV,0.011683275919460504,-0.11247002797011676,0.005371366369262522,0.02156278651977039,0.4576271186440678,59,59,62
2020,16,2020_16_MIA_LV,MIA,0.11247002797011676,-0.011683275919460504,0.09730703174343491,0.13647810532902968,0.45161290322580644,62,62,59
2020,16,2020_16_MIN_NO,MIN,0.16144287569489577,-0.4053494349065692,0.13583759523350322,0.22771536630085287,0.5081967213114754,61,61,70
2020,16,2020_16_MIN_NO,NO,0.4053494349065692,-0.16144287569489577,0.3855469522910898,0.41855108998355545,0.6571428571428571,70,70,61
2020,16,2020_16_NYG_BAL,BAL,0.26424605413916047,0.05379379059737427,0.45326104451304616,0.143082598771285,0.578125,64,64,59
2020,16,2020_16_NYG_BAL,NYG,-0.05379379059737427,-0.26424605413916047,-0.10725378625952943,0.15559119241273342,0.4406779661016949,59,59,64
2020,16,2020_16_PHI_DAL,DAL,0.15759953155005435,0.06669357096059911,0.37193573338903696,-0.050241633869565185,0.49230769230769234,65,65,71
2020,16,2020_16_PHI_DAL,PHI,-0.06669357096059911,-0.15759953155005435,-0.05585032603329369,-0.08239758085531729,0.43661971830985913,71,71,65
2020,16,2020_16_SF_ARI,ARI,-0.17923767357793827,-0.17706637618287424,-0.42025236636661367,0.2938652418961283,0.35,80,80,54
2020,16,2020_16_SF_ARI,SF,0.17706637618287424,0.17923767357793827,0.09128301472275674,0.2510175498553893,0.5185185185185185,54,54,80
2020,16,2020_16_TB_DET,DET,-0.5909409547341056,-0.3863285377394498,-0.6700929561496846,-0.40625295143108814,0.28,50,50,69
2020,16,2020_16_TB_DET,TB,0.3863285377394498,0.5909409547341056,0.6014668342187401,0.007685135935898871,0.5362318840579711,69,69,50
2020,16,2020_16_TEN_GB,GB,0.33371845686156687,0.10774423404469748,0.36967959064573874,0.3070044717647535,0.6065573770491803,61,61,55
2020,16,2020_16_TEN_GB,TEN,-0.10774423404469748,-0.33371845686156687,-0.3494589965453737,0.14292292706711493,0.4,55,55,61
2020,17,2020_17_ARI_LA,ARI,-0.3186803292683816,0.13744736081894937,-0.3422254747702718,-0.2757450639414053,0.375,48,48,70
2020,17,2020_17_ARI_LA,LA,-0.13744736081894937,0.3186803292683816,-0.08365683284056084,-0.20916806479013408,0.3,70,70,48
2020,17,2020_17_ATL_TB,ATL,0.0668887370823873,-0.4132386617904757,0.19017336061488893,-0.14648849595463476,0.43661971830985913,71,71,60
2020,17,2020_17_ATL_TB,TB,0.4132386617904757,-0.0668887370823873,0.5428867296139623,0.13347177859242565,0.6,60,60,71
2020,17,2020_17_BAL_CIN,BAL,0.34907772568221235,0.5843484062869105,0.3949171469583617,0.33294904041838197,0.4931506849315068,73,73,40
2020,17,2020_17_BAL_CIN,CIN,-0.5843484062869105,-0.34907772568221235,-1.1574314148041116,0.04905912944262749,0.3,40,40,73
2020,17,2020_17_DAL_NYG,DAL,-0.1009629799477066,0.027793186599037758,-0.18318361385416848,0.06043307920201487,0.45,80,80,52
2020,17,2020_17_DAL_NYG,NYG,-0.027793186599037758,0.1009629799477066,0.11125030522093644,-0.1779601577646099,0.4807692307692308,52,52,80
2020,17,2020_17_GB_CHI,CHI,-0.11649525071779122,-0.48197509708750824,-0.1830723167361291,-0.024146417208483876,0.5,74,74,44
2020,17,2020_17_GB_CHI,GB,0.48197509708750824,0.11649525071779122,0.8309016232122667,0.022861246923352348,0.5909090909090909,44,44,74
2020,17,2020_17_JAX_IND,IND,0.13236279489601493,0.25934077113723525,0.03488177434878164,0.21034761133380156,0.5079365079365079,63,63,65
2020,17,2020_17_JAX_IND,JAX,-0.25934077113723525,-0.13236279489601493,-0.2625004955334589,-0.25041919637142734,0.38461538461538464,65,65,63
2020,17,2020_17_LAC_KC,KC,0.16626940840389579,-0.333293836418091,0.3918935039140651,-0.27170677699819756,0.5,50,50,67
2020,17,2020_17_LAC_KC,LAC,0.333293836418091,-0.16626940840389579,0.5947537680027674,0.04732203624735121,0.5373134328358209,67,67,50
2020,17,2020_17_LV_DEN,DEN,-0.0034636536459628922,-0.06658627785850695,0.11207044403634808,-0.1623230379591405,0.3815789473684211,76,76,64
2020,17,2020_17_LV_DEN,LV,0.06658627785850695,0.0034636536459628922,0.08102365046804992,0.03902402105847035,0.484375,64,64,76
2020,17,2020_17_MIA_BUF,BUF,0.25246703726491737,0.16755668101245347,0.425190120189188,-0.06830440245158527,0.5166666666666667,60,60,81
2020,17,2020_17_MIA_BUF,MIA,-0.16755668101245347,-0.25246703726491737,-0.2632680539521089,0.12436300645349548,0.4444444444444444,81,81,60
2020,17,2020_17_MIN_DET,DET,0.27745546284003825,-0.3356480454599526,0.2391596845448224,0.3366398474780991,0.5178571428571429,56,56,71
2020,17,2020_17_MIN_DET,MIN,0.3356480454599526,-0.27745546284003825,0.43430461824630134,0.1841397372523456,0.5492957746478874,71,71,56
2020,17,2020_17_NO_CAR,CAR,-0.4020638559595682,-0.16393337918843154,-0.6088821439145249,0.011572719950345344,0.43333333333333335,60,60,63
2020,17,2020_17_NO_CAR,NO,0.16393337918843154,0.4020638559595682,0.15273469235560466,0.17706287409588373,0.5079365079365079,63,63,60
2020,17,2020_17_NYJ_NE,NE,0.2495865119401262,-0.03563468145476954,0.3728471008738886,0.10507409732812888,0.5079365079365079,63,63,62
2020,17,2020_17_NYJ_NE,NYJ,0.03563468145476954,-0.2495865119401262,-0.010752062122903866,0.1042870619497262,0.5806451612903226,62,62,63
2020,17,2020_17_PIT_CLE,CLE,0.17416746702195846,-0.11142232440087377,0.17319503481623533,0.17517231363453903,0.5081967213114754,61,61,66
2020,17,2020_17_PIT_CLE,PIT,0.11142232440087377,-0.17416746702195846,0.18396050114458085,-0.055415482109652484,0.3787878787878788,66,66,61
2020,17,2020_17_SEA_SF,SEA,0.08532803742818357,-0.022590403317009247,0.03543933169275002,0.15824229965689413,0.484375,64,64,64
2020,17,2020_17_SEA_SF,SF,0.022590403317009247,-0.08532803742818357,0.16644372701441343,-0.2171651361786644,0.4375,64,64,64
2020,17,2020_17_TEN_HOU,HOU,0.24862658500603702,-0.2871081976237383,0.27940941339312,0.1671426275108174,0.5,62,62,69
2020,17,2020_17_TEN_HOU,TEN,0.2871081976237383,-0.24862658500603702,0.30656362819000194,0.27300301046319714,0.5217391304347826,69,69,62
2020,17,2020_17_WAS_PHI,PHI,-0.3018184452881822,0.21200122922596457,-0.4563875136615631,-0.10993960179019205,0.3384615384615385,65,65,62
2020,17,2020_17_WAS_PHI,WAS,-0.21200122922596457,0.3018184452881822,-0.2356493115289647,-0.18134630772207552,0.3548387096774194,62,62,65
2021,1,2021_01_ARI_TEN,ARI,0.18510035134424338,0.3256597406822204,0.3474111208301825,0.017871073692063696,0.40298507462686567,67,67,64
2021,1,2021_01_ARI_TEN,TEN,-0.3256597406822204,-0.18510035134424338,-0.39603609801078565,-0.19130487669132312,0.421875,64,64,67
2021,1,2021_01_BAL_LV,BAL,-0.047958187244139416,-0.017037434221200385,0.07135154521187109,-0.16726791970014993,0.4090909090909091,66,66,78
2021,1,2021_01_BAL_LV,LV,0.017037434221200385,0.047958187244139416,0.1651517654069566,-0.3849871789972808,0.4358974358974359,78,78,66
2021,1,2021_01_CHI_LA,CHI,-0.09573871645134995,-0.44448121961232645,-0.2446899369161381,0.15060368662503046,0.5362318840579711,69,69,46
2021,1,2021_01_CHI_LA,LA,0.44448121961232645,0.09573871645134995,0.6980954292316305,0.08408207962699969,0.5,46,46,69
2021,1,2021_01_CLE_KC,CLE,0.2751701959935262,-0.3390620606822681,0.35900041537048916,0.1820255077969007,0.5964912280701754,57,57,60
2021,1,2021_01_CLE_KC,KC,0.3390620606822681,-0.2751701959935262,0.49742387580489816,0.04496154688309789,0.48333333333333334,60,60,57
2021,1,2021_01_DAL_TB,DAL,0.12302168851680507,-0.04958885844740802,0.24078269352900344,-0.2629727168009563,0.5064935064935064,77,77,64
2021,1,2021_01_DAL_TB,TB,0.04958885844740802,-0.12302168851680507,0.15555249923963943,-0.3288527158105613,0.515625,64,64,77
2021,1,2021_01_DEN_NYG,DEN,0.2814392715579317,0.02885460048472803,0.4804875359558838,0.011302341303568315,0.45454545454545453,66,66,57
2021,1,2021_01_DEN_NYG,NYG,-0.02885460048472803,-0.2814392715579317,-0.03652433767044721,-0.013515126113289673,0.43859649122807015,57,57,66
2021,1,2021_01_GB_NO,GB,-0.38939058050789416,-0.3212549344942745,-0.48268926277301566,-0.15925383092059445,0.36538461538461536,52,52,58
2021,1,2021_01_GB_NO,NO,0.3212549344942745,0.38939058050789416,0.8032055136459816,0.04771541659735974,0.5344827586206896,58,58,52
2021,1,2021_01_JAX_HOU,HOU,0.15667379955718094,0.04244492141198311,0.4133412401245637,-0.061493524925094356,0.4189189189189189,74,74,67
2021,1,2021_01_JAX_HOU,JAX,-0.04244492141198311,-0.15667379955718094,-0.07380845677405667,0.06628200117653857,0.4626865671641791,67,67,74
2021,1,2021_01_LAC_WAS,LAC,0.11150861896243427,0.09875433646322579,0.21192370341436684,-0.07773519404313098,0.48,75,75,49
2021,1,2021_01_LAC_WAS,WAS,-0.09875433646322579,-0.11150861896243427,0.02511393484946487,-0.19968403901430706,0.40816326530612246,49,49,75
2021,1,2021_01_MIA_NE,MIA,0.032629707944696315,-0.02637044989492952,0.046279095994618505,0.012838095272309146,0.46938775510204084,49,49,70
2021,1,2021_01_MIA_NE,NE,0.02637044989492952,-0.032629707944696315,0.1708079105625338,-0.1662128309952095,0.4857142857142857,70,70,49
2021,1,2021_01_MIN_CIN,CIN,-0.029862233173665213,-0.04741005478363887,0.128411858467077,-0.16615381208652658,0.3880597014925373,67,67,74
2021,1,2021_01_MIN_CIN,MIN,0.04741005478363887,0.029862233173665213,0.2139322673314242,-0.3461879021474901,0.4189189189189189,74,74,67
2021,1,2021_01_NYJ_CAR,CAR,-0.01524736744395212,0.18519751937269052,0.0797855067539807,-0.15779667874085135,0.43333333333333335,60,60,62
2021,1,2021_01_NYJ_CAR,NYJ,-0.18519751937269052,0.01524736744395212,-0.17496092627995477,-0.2102203024882668,0.3548387096774194,62,62,60
2021,1,2021_01_PHI_ATL,ATL,-0.27938932033814085,-0.2204582127005394,-0.4204023527628184,-0.07329334987130445,0.34375,64,64,67
2021,1,2021_01_PHI_ATL,PHI,0.2204582127005394,0.27938932033814085,0.3574471990719238,0.07062650885683769,0.5970149253731343,67,67,64
2021,1,2021_01_PIT_BUF,BUF,-0.09832721952709135,0.06088694845276596,-0.11281104073573942,-0.06704216571641154,0.4050632911392405,79,79,52
2021,1,2021_01_PIT_BUF,PIT,-0.06088694845276596,0.09832721952709135,-0.0243504549682025,-0.12990032503471916,0.38461538461538464,52,52,79
2021,1,2021_01_SEA_IND,IND,-0.09623154199718663,-0.1977419437717576,0.00739858675563077,-0.23329074454123544,0.4444444444444444,72,72,53
2021,1,2021_01_SEA_IND,SEA,0.1977419437717576,0.09623154199718663,0.46595728552291316,-0.06053949643305882,0.49056603773584906,53,53,72
2021,1,2021_01_SF_DET,DET,-0.07651355117850556,-0.25036841423324174,-0.11046544151341343,0.011195498853339814,0.45348837209302323,86,86,53
2021,1,2021_01_SF_DET,SF,0.25036841423324174,0.07651355117850556,0.7310232134514204,-0.2124843553842635,0.5094339622641509,53,53,86
2021,2,2021_02_ATL_TB,ATL,-0.2718796256022658,-0.06398078600882161,-0.1863292715121152,-0.47149711847928394,0.44285714285714284,70,70,57
2021,2,2021_02_ATL_TB,TB,0.06398078600882161,0.2718796256022658,0.0475478002059763,0.0995855885816531,0.49122807017543857,57,57,70
2021,2,2021_02_BUF_MIA,BUF,0.1610910705504814,0.455033309228779,-0.0220697471033051,0.383500634844365,0.43548387096774194,62,62,69
2021,2,2021_02_BUF_MIA,MIA,-0.455033309228779,-0.1610910705504814,-0.49848752981284633,-0.340680097165444,0.3188405797101449,69,69,62
2021,2,2021_02_CIN_CHI,CHI,-0.23639133373052199,0.34431672973841365,-0.2613892142713863,-0.21461898616267247,0.3620689655172414,58,58,55
2021,2,2021_02_CIN_CHI,CIN,-0.34431672973841365,0.23639133373052199,-0.4308169588417922,-0.19294132880750112,0.41818181818181815,55,55,58
2021,2,2021_02_DAL_LAC,DAL,0.10290378556756453,-0.09433346691218679,-0.05750191663798916,0.2529607327921148,0.5833333333333334,60,60,63
2021,2,2021_02_DAL_LAC,LAC,0.09433346691218679,-0.10290378556756453,0.08423807577088627,0.11603855786598287,0.49206349206349204,63,63,60
2021,2,2021_02_DEN_JAX,DEN,0.14256751813019566,0.2524367130939683,0.24195232315841658,0.011237597200046625,0.47692307692307695,65,65,51
2021,2,2021_02_DEN_JAX,JAX,-0.2524367130939683,-0.14256751813019566,-0.40510653006721,0.08152851153499796,0.35294117647058826,51,51,65
2021,2,2021_02_DET_GB,DET,-0.008354596341545895,-0.29684772211680466,-0.015356478128785924,0.005280647138868899,0.5535714285714286,56,56,57
2021,2,2021_02_DET_GB,GB,0.29684772211680466,0.008354596341545895,0.5856828209672433,-0.024080165494793887,0.5263157894736842,57,57,56
2021,2,2021_02_HOU_CLE,CLE,0.14914089120631713,-0.09622291173907883,0.11572370138879784,0.17393429010318626,0.5740740740740741,54,54,58
2021,2,2021_02_HOU_CLE,HOU,0.09622291173907883,-0.14914089120631713,0.3117527164043378,-0.13470187897369865,0.39655172413793105,58,58,54
2021,2,2021_02_KC_BAL,BAL,0.1766774067953528,-0.291301350969327,-0.04137217978370831,0.32931211740069555,0.6176470588235294,68,68,49
2021,2,2021_02_KC_BAL,KC,0.291301350969327,-0.1766774067953528,0.5547795218918773,-0.16246661006395394,0.5714285714285714,49,49,68
2021,2,2021_02_LA_IND,IND,-0.08011950957011196,-0.07605472641060892,-0.10936067210284839,-0.0351331056735944,0.4393939393939394,66,66,60
2021,2,2021_02_LA_IND,LA,0.07605472641060892,0.08011950957011196,0.38495470582223124,-0.2541486998569873,0.4666666666666667,60,60,66
2021,2,2021_02_LV_PIT,LV,0.21759306863174188,-0.0016314301935342057,0.5287876022336098,-0.2678704037871721,0.515625,64,64,56
2021,2,2021_02_LV_PIT,PIT,0.0016314301935342057,-0.21759306863174188,0.06445328367995119,-0.18683413026571674,0.32142857142857145,56,56,64
2021,2,2021_02_MIN_ARI,ARI,0.11648162638779587,-0.1926080379725707,0.11738000834834399,0.11481320274677793,0.5166666666666667,60,60,60
2021,2,2021_02_MIN_ARI,MIN,0.1926080379725707,-0.11648162638779587,0.21150966972052707,0.1695060436139573,0.5166666666666667,60,60,60
2021,2,2021_02_NE_NYJ,NE,-0.05415638546774346,0.3204931748305177,-0.13267872896506822,0.05381183684107804,0.40350877192982454,57,57,67
2021,2,2021_02_NE_NYJ,NYJ,-0.3204931748305177,0.05415638546774346,-0.6406012027787252,0.07430672630560489,0.3880597014925373,67,67,57
2021,2,2021_02_NO_CAR,CAR,0.0653473157031559,0.5337016310492929,0.2729029653936198,-0.18623528998225486,0.4520547945205479,73,73,42
2021,2,2021_02_NO_CAR,NO,-0.5337016310492929,-0.0653473157031559,-0.7171132294416356,-0.23565778366173618,0.2619047619047619,42,42,73
2021,2,2021_02_NYG_WAS,NYG,0.08013777259517686,-0.09911073908838246,0.07834905439407049,0.08252273019665203,0.42857142857142855,63,63,68
2021,2,2021_02_NYG_WAS,WAS,0.09911073908838246,-0.08013777259517686,0.017015295240293327,0.27076484895256886,0.5,68,68,63
2021,2,2021_02_SF_PHI,PHI,-0.013943711205535064,-0.09718076148432889,-0.08163309500454843,0.04674332254530452,0.4727272727272727,55,55,65
2021,2,2021_02_SF_PHI,SF,0.09718076148432889,0.013943711205535064,0.2164420614639918,-0.005043209926810757,0.4307692307692308,65,65,55
2021,2,2021_02_TEN_SEA,SEA,0.15459413642010494,-0.1629477886342436,0.24352881061420703,-0.013393581502087828,0.40384615384615385,52,52,82
2021,2,2021_02_TEN_SEA,TEN,0.1629477886342436,-0.15459413642010494,0.17293453703400416,0.15193675834732814,0.5121951219512195,82,82,52
2021,3,2021_03_ARI_JAX,ARI,0.21610276282502275,0.1572958153493416,0.34896644526474824,0.06552392272666717,0.53125,64,64,65
2021,3,2021_03_ARI_JAX,JAX,-0.1572958153493416,-0.21610276282502275,-0.3606185504759196,0.09510482135951391,0.5384615384615384,65,65,64
2021,3,2021_03_ATL_NYG,ATL,0.033050417015100635,-0.042378091642827964,0.1321128786284811,-0.16012138313099125,0.3728813559322034,59,59,64
2021,3,2021_03_ATL_NYG,NYG,0.042378091642827964,-0.033050417015100635,0.12869361245133748,-0.07590614057624062,0.46875,64,64,59
2021,3,2021_03_BAL_DET,BAL,0.0603679223095162,0.04175223127874276,0.21800105319439875,-0.18324691633075682,0.42857142857142855,56,56,60
2021,3,2021_03_BAL_DET,DET,-0.04175223127874276,-0.0603679223095162,0.06748220653125,-0.17526098860206726,0.38333333333333336,60,60,56
2021,3,2021_03_CAR_HOU,CAR,0.19368104389973642,0.29117589492158785,0.3242231600804736,0.03267910061016058,0.4626865671641791,67,67,48
2021,3,2021_03_CAR_HOU,HOU,-0.29117589492158785,-0.19368104389973642,-0.23323184400266722,-0.3968385760090314,0.3541666666666667,48,48,67
2021,3,2021_03_CHI_CLE,CHI,-0.6063796942159032,-0.042590341755852246,-0.753078363730886,-0.27912881606709566,0.23809523809523808,42,42,75
2021,3,2021_03_CHI_CLE,CLE,0.042590341755852246,0.6063796942159032,-0.05708556661751205,0.129806761582546,0.4533333333333333,75,75,42
2021,3,2021_03_CIN_PIT,CIN,0.1416154883653634,0.16702867710299044,0.4613071179394593,-0.1324059084124331,0.46153846153846156,39,39,77
2021,3,2021_03_CIN_PIT,PIT,-0.16702867710299044,-0.1416154883653634,-0.1442481573675405,-0.26118815867618345,0.33766233766233766,77,77,39
2021,3,2021_03_GB_SF,GB,0.12126198663004426,-0.04264428408485121,0.22584271265237238,-0.012601342678535729,0.47368421052631576,57,57,65
2021,3,2021_03_GB_SF,SF,0.04264428408485121,-0.12126198663004426,0.015189116062670522,0.10016939803608693,0.47692307692307695,65,65,57
2021,3,2021_03_IND_TEN,IND,-0.045294459680429236,-0.012775097409987286,-0.21947553376737852,0.3320978675079609,0.38596491228070173,57,57,64
2021,3,2021_03_IND_TEN,TEN,0.012775097409987286,0.045294459680429236,-0.09954955627472355,0.10013871694254016,0.4375,64,64,57
2021,3,2021_03_LAC_KC,KC,0.06930172667163798,-0.23381825030232978,0.08591866944935383,0.043822414412473636,0.5394736842105263,76,76,61
2021,3,2021_03_LAC_KC,LAC,0.23381825030232978,-0.06930172667163798,0.4055048825576864,-0.09320390637454,0.5409836065573771,61,61,76
2021,3,2021_03_MIA_LV,LV,0.015241766698278028,0.07137114896819342,0.14402259812460988,-0.16427090741115424,0.45569620253164556,79,79,78
2021,3,2021_03_MIA_LV,MIA,-0.07137114896819342,-0.015241766698278028,-0.053268454015072915,-0.10556512832408771,0.3717948717948718,78,78,79
2021,3,2021_03_NO_NE,NE,-0.26698901925467644,-0.06569204872609452,-0.3185351775469156,-0.10628629046122488,0.37142857142857144,70,70,60
2021,3,2021_03_NO_NE,NO,0.06569204872609452,0.26698901925467644,0.2194549640492672,-0.036816561489353944,0.5333333333333333,60,60,70
2021,3,2021_03_NYJ_DEN,DEN,-0.013923802685077879,0.5111708539858777,0.4420007383118976,-0.35586720843280956,0.4603174603174603,63,63,53
2021,3,2021_03_NYJ_DEN,NYJ,-0.5111708539858777,0.013923802685077879,-0.6026347862949478,-0.22974336995796946,0.33962264150943394,53,53,63
2021,3,2021_03_PHI_DAL,DAL,0.09832874330373563,0.20417401604552068,0.38572065921519727,-0.1285596113632078,0.5882352941176471,68,68,53
2021,3,2021_03_PHI_DAL,PHI,-0.20417401604552068,-0.09832874330373563,-0.15191155533226797,-0.3827374234824674,0.39622641509433965,53,53,68
2021,3,2021_03_SEA_MIN,MIN,0.23114050706555953,-0.09625435473239105,0.492740543344588,-0.06893012278391432,0.4794520547945205,73,73,52
2021,3,2021_03_SEA_MIN,SEA,0.09625435473239105,-0.23114050706555953,0.020910536971412468,0.2385704549475728,0.5192307692307693,52,52,73
2021,3,2021_03_TB_LA,LA,0.22583147739035814,-0.18315256237390684,0.4530451832448779,-0.17695645571538163,0.4262295081967213,61,61,71
2021,3,2021_03_TB_LA,TB,0.18315256237390684,-0.22583147739035814,0.22695349206751195,-0.012266970105254306,0.5211267605633803,71,71,61
2021,3,2021_03_WAS_BUF,BUF,0.23517763634740083,0.19207280000206084,0.379465493843503,0.0187458501032476,0.49333333333333335,75,75,50
2021,3,2021_03_WAS_BUF,WAS,-0.19207280000206084,-0.23517763634740083,-0.022520310394465923,-0.36162528960965573,0.34,50,50,75
2021,4,2021_04_ARI_LA,ARI,0.3059580654482863,-0.009420315072295123,0.3978770571653428,0.221295836235208,0.5616438356164384,73,73,63
2021,4,2021_04_ARI_LA,LA,0.009420315072295123,-0.3059580654482863,0.05817670975455137,-0.08144387501736426,0.5873015873015873,63,63,73
2021,4,2021_04_BAL_DEN,BAL,0.10186727747655329,0.22052666170165433,0.2604627103405351,-0.1095932996754224,0.4857142857142857,70,70,59
2021,4,2021_04_BAL_DEN,DEN,-0.22052666170165433,-0.10186727747655329,-0.39112346699125955,0.20094779842560562,0.3559322033898305,59,59,70
2021,4,2021_04_CAR_DAL,CAR,0.08015057146512314,-0.25898533637573457,-0.03584406799402787,0.2928074104735667,0.4852941176470588,68,68,56
2021,4,2021_04_CAR_DAL,DAL,0.25898533637573457,-0.08015057146512314,0.2758775576209494,0.24631617044182347,0.5535714285714286,56,56,68
2021,4,2021_04_CLE_MIN,CLE,-0.06986561034218625,0.261793651063213,-0.1638632646911771,0.021658421523936437,0.38666666666666666,75,75,62
2021,4,2021_04_CLE_MIN,MIN,-0.261793651063213,0.06986561034218625,-0.24548425668035634,-0.29144709539567965,0.3064516129032258,62,62,75
2021,4,2021_04_DET_CHI,CHI,0.193241400079009,0.050385962710403076,0.17862563443153823,0.20035177255615694,0.45454545454545453,55,55,67
2021,4,2021_04_DET_CHI,DET,-0.050385962710403076,-0.193241400079009,0.11390416095604278,-0.3263933704700321,0.47761194029850745,67,67,55
2021,4,2021_04_HOU_BUF,BUF,0.11665777241655953,0.8317076259298206,0.07708427928324306,0.14998281926566817,0.6,70,70,42
2021,4,2021_04_HOU_BUF,HOU,-0.8317076259298206,-0.11665777241655953,-1.180597745619404,-0.36652079967704293,0.21428571428571427,42,42,70
2021,4,2021_04_IND_MIA,IND,0.1858521080015689,0.09732603670162263,0.2916067627433324,0.06599683262757025,0.421875,64,64,49
2021,4,2021_04_IND_MIA,MIA,-0.09732603670162263,-0.1858521080015689,-0.01694790016172199,-0.2631059433151677,0.3673469387755102,49,49,64
2021,4,2021_04_JAX_CIN,CIN,0.327179265863473,-0.18333087567959658,0.5330152362766195,0.01842531024375329,0.5454545454545454,55,55,55
2021,4,2021_04_JAX_CIN,JAX,0.18333087567959658,-0.327179265863473,0.2562579353596084,0.12255832594625342,0.5454545454545454,55,55,55
2021,4,2021_04_KC_PHI,KC,0.5315079557908429,-0.2554008143152702,0.7333192152615201,0.3296966963201656,0.6451612903225806,62,62,70
2021,4,2021_04_KC_PHI,PHI,0.2554008143152702,-0.5315079557908429,0.270989909906148,0.21355639983449295,0.5142857142857142,70,70,62
2021,4,2021_04_LV_LAC,LAC,0.04696104035247117,0.23306331358074578,0.055810111897100306,0.03562316743591509,0.4520547945205479,73,73,56
2021,4,2021_04_LV_LAC,LV,-0.23306331358074578,-0.04696104035247117,-0.1993423740216835,-0.3042519637609884,0.35714285714285715,56,56,73
2021,4,2021_04_NYG_NO,NO,0.12604012047867558,-0.23669252922473552,0.3326486186356118,-0.011698878292615214,0.5384615384615384,65,65,61
2021,4,2021_04_NYG_NO,NYG,0.23669252922473552,-0.12604012047867558,0.40946665965704543,-0.09240105255109292,0.4426229508196721,61,61,65
2021,4,2021_04_PIT_GB,GB,0.03918115609704359,0.14230645261340494,0.09176167206375528,-0.026968525280432414,0.4857142857142857,70,70,58
2021,4,2021_04_PIT_GB,PIT,-0.14230645261340494,-0.03918115609704359,-0.2503933365769539,0.1414216177909111,0.3793103448275862,58,58,70
2021,4,2021_04_SEA_SF,SEA,-0.06916201456400674,-0.08163940663921272,-0.17564126987977383,0.037317240751760364,0.36538461538461536,52,52,73
2021,4,2021_04_SEA_SF,SF,0.08163940663921272,0.06916201456400674,0.15443403272830677,-0.022699557421822104,0.4931506849315068,73,73,52
2021,4,2021_04_TB_NE,NE,-0.08382583504217524,-0.10055677313779962,-0.022118143712007304,-0.48933352092613597,0.4716981132075472,53,53,71
2021,4,2021_04_TB_NE,TB,0.10055677313779962,0.08382583504217524,0.05102744648538904,0.1812712313861724,0.43661971830985913,71,71,53
2021,4,2021_04_TEN_NYJ,NYJ,0.02941837865059309,-0.021808448393754294,0.25975017721524346,-0.30648216092285535,0.4406779661016949,59,59,94
2021,4,2021_04_TEN_NYJ,TEN,0.021808448393754294,-0.02941837865059309,0.004528154326713274,0.048429441956493166,0.4574468085106383,94,94,59
2021,4,2021_04_WAS_ATL,ATL,0.1058050601033049,-0.24347715715094406,0.2885263853622256,-0.17480268940146612,0.43661971830985913,71,71,63
2021,4,2021_04_WAS_ATL,WAS,0.24347715715094406,-0.1058050601033049,0.5165144468298615,-0.09781945494770272,0.5079365079365079,63,63,71
2021,5,2021_05_BUF_KC,BUF,0.35192293677403086,0.157711290219852,0.5551812121724644,0.1405343303596601,0.49019607843137253,51,51,79
2021,5,2021_05_BUF_KC,KC,-0.157711290219852,-0.35192293677403086,-0.17633851396909073,-0.11235804978692297,0.5063291139240507,79,79,51
2021,5,2021_05_CHI_LV,CHI,0.0037998843196896666,0.17841156129685326,0.28864451068643987,-0.16556719081729696,0.4576271186440678,59,59,61
2021,5,2021_05_CHI_LV,LV,-0.17841156129685326,-0.0037998843196896666,-0.2383511834055241,-0.07215495846784589,0.3770491803278688,61,61,59
2021,5,2021_05_CLE_LAC,CLE,0.3032052962796783,-0.3053580821669809,0.33580826093375143,0.27246535817726647,0.5,68,68,69
2021,5,2021_05_CLE_LAC,LAC,0.3053580821669809,-0.3032052962796783,0.27501580828982003,0.3660426299213027,0.4492753623188406,69,69,68
2021,5,2021_05_DEN_PIT,DEN,0.13376691172459967,-0.13755812033205791,0.17737273717151683,0.03444253153995507,0.4915254237288136,59,59,60
2021,5,2021_05_DEN_PIT,PIT,0.13755812033205791,-0.13376691172459967,0.35955874295386003,-0.032207061672849646,0.4666666666666667,60,60,59
2021,5,2021_05_DET_MIN,DET,-0.2033547346880383,0.0618605316911346,-0.3520506959616637,0.04447186743467076,0.359375,64,64,63
2021,5,2021_05_DET_MIN,MIN,-0.0618605316911346,0.2033547346880383,0.14601939449502246,-0.32171043942383093,0.38095238095238093,63,63,64
2021,5,2021_05_GB_CIN,CIN,0.012206788931346094,-0.13756126838103558,0.057147047730162735,-0.06643866396658302,0.48484848484848486,66,66,62
2021,5,2021_05_GB_CIN,GB,0.13756126838103558,-0.012206788931346094,0.2171844392332063,-0.0072081331683656906,0.45161290322580644,62,62,66
2021,5,2021_05_IND_BAL,BAL,0.29063080667274294,-0.3114101521987436,0.6909422985901643,-0.43300919794721093,0.6164383561643836,73,73,64
2021,5,2021_05_IND_BAL,IND,0.3114101521987436,-0.29063080667274294,0.43471780822501566,0.131191270314192,0.484375,64,64,73
2021,5,2021_05_LA_SEA,LA,0.2150125348387122,0.08367852495165226,0.369884966715625,0.00482852014861617,0.5151515151515151,66,66,60
2021,5,2021_05_LA_SEA,SEA,-0.08367852495165226,-0.2150125348387122,0.06304344277634694,-0.28908927977085114,0.4166666666666667,60,60,66
2021,5,2021_05_MIA_TB,MIA,-0.02721903807674844,-0.5237830395949029,-0.025503592852696405,-0.035224449122324586,0.45098039215686275,51,51,67
2021,5,2021_05_MIA_TB,TB,0.5237830395949029,0.02721903807674844,0.7171797341324713,0.12819889167714923,0.6119402985074627,67,67,51
2021,5,2021_05_NE_HOU,HOU,0.19214181443077538,-0.015711005656976015,0.5568376512056401,-0.29411930126904434,0.39285714285714285,56,56,60
2021,5,2021_05_NE_HOU,NE,0.015711005656976015,-0.19214181443077538,0.29859526224671085,-0.2671732509327588,0.48333333333333334,60,60,56
2021,5,2021_05_NO_WAS,NO,0.1347032940280365,0.1450900928669637,0.22432354957345524,0.004346558689245616,0.3888888888888889,54,54,77
2021,5,2021_05_NO_WAS,WAS,-0.1450900928669637,-0.1347032940280365,-0.3024833455279127,0.06476757734763493,0.45454545454545453,77,77,54
2021,5,2021_05_NYG_DAL,DAL,0.17673002035757243,0.12968985724492316,0.3314450578839378,0.03788319180827015,0.4864864864864865,74,74,64
2021,5,2021_05_NYG_DAL,NYG,-0.12968985724492316,-0.17673002035757243,-0.0696776121524945,-0.22330895958911184,0.390625,64,64,74
2021,5,2021_05_NYJ_ATL,ATL,0.19633550281748144,0.03137872370276225,0.3404823473043006,-0.04047717026800716,0.5,74,74,53
2021,5,2021_05_NYJ_ATL,NYJ,-0.03137872370276225,-0.19633550281748144,-0.13721174912034897,0.17440771460921192,0.4716981132075472,53,53,74
2021,5,2021_05_PHI_CAR,CAR,-0.2988178640583671,0.255823759868133,-0.44874581655602075,-0.0989139273948288,0.4,70,70,60
2021,5,2021_05_PHI_CAR,PHI,-0.255823759868133,0.2988178640583671,-0.4036355209036457,0.039799762202892455,0.35,60,60,70
2021,5,2021_05_SF_ARI,ARI,-0.012080320340712691,0.17376208141556038,-0.0028072247457929093,-0.02483082678372739,0.45614035087719296,57,57,59
2021,5,2021_05_SF_ARI,SF,-0.17376208141556038,0.012080320340712691,-0.219420741756601,-0.12321142175226539,0.3898305084745763,59,59,57
2021,5,2021_05_TEN_JAX,JAX,-0.06351833478457992,-0.2611688342595676,-0.21531306478293233,0.11275941618124864,0.5522388059701493,67,67,61
2021,5,2021_05_TEN_JAX,TEN,0.2611688342595676,0.06351833478457992,0.2631582034543299,0.2597873278743161,0.4918032786885246,61,61,67
2021,6,2021_06_ARI_CLE,ARI,0.2237708940696204,0.27024951666508884,0.455528338077756,0.005646240885492743,0.4393939393939394,66,66,55
2021,6,2021_06_ARI_CLE,CLE,-0.27024951666508884,-0.2237708940696204,-0.277210444572524,-0.25706039010363285,0.32727272727272727,55,55,66
2021,6,2021_06_BUF_TEN,BUF,0.12116740855036415,-0.25212000418077785,0.29431385292886864,-0.2627660115932762,0.47297297297297297,74,74,50
2021,6,2021_06_BUF_TEN,TEN,0.25212000418077785,-0.12116740855036415,0.24165938314753907,0.26656562370286946,0.46,50,50,74
2021,6,2021_06_CIN_DET,CIN,0.2000213313857574,0.1645131698245948,0.37990246024691016,0.025591145823427447,0.4461538461538462,65,65,61
2021,6,2021_06_CIN_DET,DET,-0.1645131698245948,-0.2000213313857574,-0.1508688008796275,-0.19710805119312783,0.36065573770491804,61,61,65
2021,6,2021_06_DAL_NE,DAL,0.1614611183855448,0.012813650061224341,0.4326081463931978,-0.293366154401486,0.4939759036144578,83,83,49
2021,6,2021_06_DAL_NE,NE,-0.012813650061224341,-0.1614611183855448,-0.13520647356987078,0.10468346050707623,0.4897959183673469,49,49,83
2021,6,2021_06_GB_CHI,CHI,0.019908108875633365,-0.24282525656388776,-0.1362829339040834,0.2061358906514495,0.45614035087719296,57,57,53
2021,6,2021_06_GB_CHI,GB,0.24282525656388776,-0.019908108875633365,0.2612471421261702,0.22508566305946764,0.5471698113207547,53,53,57
2021,6,2021_06_HOU_IND,HOU,-0.22369105341177692,-0.2828231741774165,-0.19998624216165733,-0.2604743812136866,0.40540540540540543,74,74,47
2021,6,2021_06_HOU_IND,IND,0.2828231741774165,0.22369105341177692,0.30280918249328104,0.2652354868594557,0.40425531914893614,47,47,74
2021,6,2021_06_KC_WAS,KC,0.12623497785878138,0.16829723070952915,0.24668812395609221,-0.08885992588641654,0.5,78,78,58
2021,6,2021_06_KC_WAS,WAS,-0.16829723070952915,-0.12623497785878138,-0.14656551249718155,-0.2129044417769795,0.39655172413793105,58,58,78
2021,6,2021_06_LAC_BAL,BAL,0.058067906261238436,0.32787016786652495,-0.11286009843451096,0.20050791017436292,0.5606060606060606,66,66,53
2021,6,2021_06_LAC_BAL,LAC,-0.32787016786652495,-0.058067906261238436,-0.34495128221134086,-0.2695096938550705,0.33962264150943394,53,53,66
2021,6,2021_06_LA_NYG,LA,0.16567818636440446,0.26378765937154913,0.46825498223097384,-0.12772961568802646,0.49230769230769234,65,65,74
2021,6,2021_06_LA_NYG,NYG,-0.26378765937154913,-0.16567818636440446,-0.2625301151029174,-0.2677000193184035,0.3783783783783784,74,74,65
2021,6,2021_06_LV_DEN,DEN,-0.00159803336864052,-0.3240670745443467,0.07150102565483459,-0.1732219110759299,0.45454545454545453,77,77,51
2021,6,2021_06_LV_DEN,LV,0.3240670745443467,0.00159803336864052,0.5687696697426969,0.001504562691975893,0.47058823529411764,51,51,77
2021,6,2021_06_MIA_JAX,JAX,0.08858180988465938,-0.13431766108008777,0.21828853450204558,-0.2049649879336357,0.45161290322580644,62,62,67
2021,6,2021_06_MIA_JAX,MIA,0.13431766108008777,-0.08858180988465938,0.23365882043974764,-0.09913406341511291,0.47761194029850745,67,67,62
2021,6,2021_06_MIN_CAR,CAR,-0.273969902256977,-0.07717723227605452,-0.4708274210174478,0.1376412733330984,0.38235294117647056,68,68,85
2021,6,2021_06_MIN_CAR,MIN,0.07717723227605452,0.273969902256977,0.16383624765335716,-0.03524527415936511,0.4235294117647059,85,85,68
2021,6,2021_06_SEA_PIT,PIT,0.0006549642591046353,0.05129448376225718,-0.026734513748935596,0.03937801937392014,0.4142857142857143,70,70,62
2021,6,2021_06_SEA_PIT,SEA,-0.05129448376225718,-0.0006549642591046353,-0.2340709988292595,0.20178069094589984,0.46774193548387094,62,62,70
2021,6,2021_06_TB_PHI,PHI,0.0209590113367559,-0.2648134835043623,-0.22675342729060438,0.3990464176627268,0.4166666666666667,48,48,70
2021,6,2021_06_TB_PHI,TB,0.2648134835043623,-0.0209590113367559,0.3213278674929392,0.18004190752149693,0.5428571428571428,70,70,48
2021,7,2021_07_ATL_MIA,ATL,0.11623987711665154,-0.10548972574099245,0.2726140481501165,-0.20432717350195162,0.4426229508196721,61,61,70
2021,7,2021_07_ATL_MIA,MIA,0.10548972574099245,-0.11623987711665154,0.13664342142738103,0.06144484563264996,0.5428571428571428,70,70,61
2021,7,2021_07_CAR_NYG,CAR,-0.35488349370744665,0.10835260964899626,-0.5295837803836897,0.10755844161202036,0.3548387096774194,62,62,64
2021,7,2021_07_CAR_NYG,NYG,-0.10835260964899626,0.35488349370744665,-0.028326533804207132,-0.2112432785922966,0.375,64,64,62
2021,7,2021_07_CHI_TB,CHI,-0.4364551428567235,-0.14024328831535152,-0.7080350843171944,-0.09932142242303535,0.4153846153846154,65,65,70
2021,7,2021_07_CHI_TB,TB,0.14024328831535152,0.4364551428567235,0.2207670436285828,0.03893920905031865,0.4857142857142857,70,70,65
2021,7,2021_07_CIN_BAL,BAL,-0.14045357797239802,-0.30219374905776925,-0.2883151330867828,0.14910863412660547,0.352112676056338,71,71,62
2021,7,2021_07_CIN_BAL,CIN,0.30219374905776925,0.14045357797239802,0.5182728938451556,-0.03993156352225924,0.43548387096774194,62,62,71
2021,7,2021_07_DEN_CLE,CLE,0.23307190003902997,-0.1103138660213777,0.140130618601819,0.3318220115660666,0.5909090909090909,66,66,49
2021,7,2021_07_DEN_CLE,DEN,0.1103138660213777,-0.23307190003902997,0.18075870296951116,-0.06579822634895598,0.46938775510204084,49,49,66
2021,7,2021_07_DET_LA,DET,0.07407556785051972,-0.17747663064559543,0.08452947283569245,0.06026147912011291,0.47692307692307695,65,65,60
2021,7,2021_07_DET_LA,LA,0.17747663064559543,-0.07407556785051972,0.35096740062140086,-0.2613529639990888,0.45,60,60,65
2021,7,2021_07_HOU_ARI,ARI,0.13694302835856906,0.459868938217872,0.26958905396020466,0.01566666209421653,0.4925373134328358,67,67,49
2021,7,2021_07_HOU_ARI,HOU,-0.459868938217872,-0.13694302835856906,-0.48223438814137404,-0.40917391839126743,0.2857142857142857,49,49,67
2021,7,2021_07_IND_SF,IND,-0.09677692294651552,0.27635057423677245,-0.14907107605295825,-0.052406126371352,0.3114754098360656,61,61,53
2021,7,2021_07_IND_SF,SF,-0.27635057423677245,0.09677692294651552,-0.4475137843876237,-0.05309421317044483,0.33962264150943394,53,53,61
2021,7,2021_07_KC_TEN,KC,-0.10087683634793775,-0.18901255211596266,-0.11857049772333252,-0.019780888377378385,0.4925373134328358,67,67,62
2021,7,2021_07_KC_TEN,TEN,0.18901255211596266,0.10087683634793775,0.5348835689305595,-0.09582240290782305,0.532258064516129,62,62,67
2021,7,2021_07_NO_SEA,NO,-0.1487624654637012,0.12210506913009962,-0.1677389411477166,-0.12455109993581949,0.3787878787878788,66,66,54
2021,7,2021_07_NO_SEA,SEA,-0.12210506913009962,0.1487624654637012,-0.1459658893171654,-0.09824424894303385,0.35185185185185186,54,54,66
2021,7,2021_07_NYJ_NE,NE,0.476062844663941,0.11638322895933395,0.6163473846618807,0.27289213156347675,0.5352112676056338,71,71,62
2021,7,2021_07_NYJ_NE,NYJ,-0.11638322895933395,-0.476062844663941,-0.05627122624876528,-0.26332368002961287,0.46774193548387094,62,62,71
2021,7,2021_07_PHI_LV,LV,0.2552581456644,-0.028527798920979393,0.5394934874758386,-0.08988476939234673,0.5806451612903226,62,62,68
2021,7,2021_07_PHI_LV,PHI,0.028527798920979393,-0.2552581456644,0.11245855741711283,-0.07164762250988954,0.5147058823529411,68,68,62
2021,7,2021_07_WAS_GB,GB,0.09341992112252809,0.10442383095500136,0.28664824788333876,-0.39609184000485886,0.4339622641509434,53,53,68
2021,7,2021_07_WAS_GB,WAS,-0.10442383095500136,-0.09341992112252809,-0.2635615446312813,0.12291576001111285,0.5147058823529411,68,68,53
2021,8,2021_08_CAR_ATL,ATL,-0.225687020691749,-0.06038604609122217,-0.27670723394170144,-0.14915670081682036,0.38,50,50,71
2021,8,2021_08_CAR_ATL,CAR,0.06038604609122217,0.225687020691749,0.04260831835959058,0.07004785464102195,0.49295774647887325,71,71,50
2021,8,2021_08_CIN_NYJ,CIN,0.022686101215478167,-0.05101861381323958,0.07567616666289673,-0.11155539791798219,0.4716981132075472,53,53,77
2021,8,2021_08_CIN_NYJ,NYJ,0.05101861381323958,-0.022686101215478167,0.06369163069708902,0.023032368194738712,0.5714285714285714,77,77,53
2021,8,2021_08_DAL_MIN,DAL,0.025386464198439707,0.23038204767334716,0.10908233343295178,-0.12805596273149908,0.39705882352941174,68,68,60
2021,8,2021_08_DAL_MIN,MIN,-0.23038204767334716,-0.025386464198439707,-0.2884518108774451,-0.13696547208414617,0.3,60,60,68
2021,8,2021_08_GB_ARI,ARI,0.05028688398359174,-0.08475255907858387,0.018228895764332266,0.10638836336729582,0.509090909090909,55,55,71
2021,8,2021_08_GB_ARI,GB,0.08475255907858387,-0.05028688398359174,0.03762275292267053,0.13902324495509014,0.4647887323943662,71,71,55
2021,8,2021_08_JAX_SEA,JAX,-0.1496829164233569,-0.03207980669657987,-0.13999784982720898,-0.17927617546714222,0.4383561643835616,73,73,52
2021,8,2021_08_JAX_SEA,SEA,0.03207980669657987,0.1496829164233569,0.23364329113705395,-0.18560875649913214,0.4807692307692308,52,52,73
2021,8,2021_08_LA_HOU,HOU,-0.11725698432405667,-0.21718801174112998,-0.1673155308857363,0.029581418923536933,0.4406779661016949,59,59,66
2021,8,2021_08_LA_HOU,LA,0.21718801174112998,0.11725698432405667,0.3833353170426798,0.02960234446518664,0.5151515151515151,66,66,59
2021,8,2021_08_MIA_BUF,BUF,0.04478547823256623,0.11869988113436078,0.11924113505491396,-0.09441422800051866,0.42424242424242425,66,66,65
2021,8,2021_08_MIA_BUF,MIA,-0.11869988113436078,-0.04478547823256623,-0.03781656202267388,-0.26639985516439774,0.4,65,65,66
2021,8,2021_08_NE_LAC,LAC,-0.02893751618520082,0.02923548311120859,-0.20354476165556892,0.3202769747555354,0.3684210526315789,57,57,75
2021,8,2021_08_NE_LAC,NE,-0.02923548311120859,0.02893751618520082,-0.11851332128472758,0.05769293826827044,0.4666666666666667,75,75,57
2021,8,2021_08_NYG_KC,KC,0.014602612260779968,0.05652014615188698,-0.03435858511453209,0.108758761059457,0.4868421052631579,76,76,55
2021,8,2021_08_NYG_KC,NYG,-0.05652014615188698,-0.014602612260779968,-0.012992547841550005,-0.13899349031884126,0.4,55,55,76
2021,8,2021_08_PHI_DET,DET,-0.4051318638416027,-0.23345888806740692,-0.5266777814775666,-0.1282772736707961,0.3559322033898305,59,59,61
2021,8,2021_08_PHI_DET,PHI,0.23345888806740692,0.4051318638416027,0.09196382443077986,0.28376824402709655,0.5081967213114754,61,61,59
2021,8,2021_08_PIT_CLE,CLE,-0.1020401815335876,-0.05785258950844794,-0.055472056398037733,-0.17290471978333738,0.41379310344827586,58,58,70
2021,8,2021_08_PIT_CLE,PIT,0.05785258950844794,0.1020401815335876,0.06789443714250908,0.045219297323661346,0.38571428571428573,70,70,58
2021,8,2021_08_SF_CHI,CHI,0.09052261106393306,-0.46963671788040207,0.08759469177712156,0.09304387489424294,0.417910447761194,67,67,51
2021,8,2021_08_SF_CHI,SF,0.46963671788040207,-0.09052261106393306,0.5639296781441764,0.3548452879940681,0.5098039215686274,51,51,67
2021,8,2021_08_TB_NO,NO,0.04623009468565244,0.03061727551033847,0.0030641058481770123,0.10192814479852395,0.38028169014084506,71,71,59
2021,8,2021_08_TB_NO,TB,-0.03061727551033847,-0.04623009468565244,0.006804283722885884,-0.14038718259446323,0.4745762711864407,59,59,71
2021,8,2021_08_TEN_IND,IND,-0.14061487678855988,-0.09877919314827294,-0.25016249279749625,0.14420892483467468,0.4861111111111111,72,72,67
2021,8,2021_08_TEN_IND,TEN,0.09877919314827294,0.14061487678855988,0.19795368249102802,-0.023536010374458346,0.43283582089552236,67,67,72
2021,8,2021_08_WAS_DEN,DEN,0.0788655275234174,0.016823939656422638,0.12022642172320548,0.01977853580943442,0.45098039215686275,51,51,68
2021,8,2021_08_WAS_DEN,WAS,-0.016823939656422638,-0.0788655275234174,-0.05986581840137773,0.062086171375995036,0.39705882352941174,68,68,51
2021,9,2021_09_ARI_SF,ARI,0.24492310247439059,0.11438524168555407,0.5638734502697781,0.0015136265252790413,0.44776119402985076,67,67,56
2021,9,2021_09_ARI_SF,SF,-0.11438524168555407,-0.24492310247439059,-0.09825563203495614,-0.1803700084380001,0.44642857142857145,56,56,67
2021,9,2021_09_ATL_NO,ATL,0.09596352319423052,0.07307324435570856,0.5414447458209809,-0.5238364387212483,0.38181818181818183,55,55,71
2021,9,2021_09_ATL_NO,NO,-0.07307324435570856,-0.09596352319423052,-0.07411479101456972,-0.07127056744614114,0.43661971830985913,71,71,55
2021,9,2021_09_BUF_JAX,BUF,-0.1661722834084579,0.20877131353213205,-0.17053171948870988,-0.15029148054468272,0.4,65,65,56
2021,9,2021_09_BUF_JAX,JAX,-0.20877131353213205,0.1661722834084579,-0.06947864394327849,-0.36949362459619384,0.35714285714285715,56,56,65
2021,9,2021_09_CHI_PIT,CHI,0.11959706888711322,-0.01761491571914592,0.14033821904865473,0.09406949945752366,0.4482758620689655,58,58,64
2021,9,2021_09_CHI_PIT,PIT,0.01761491571914592,-0.11959706888711322,0.12738646616090127,-0.09923867023498073,0.375,64,64,58
2021,9,2021_09_CLE_CIN,CIN,-0.3179912624972322,-0.3118136729288931,-0.42272629057435085,-0.11288516584620811,0.43661971830985913,71,71,46
2021,9,2021_09_CLE_CIN,CLE,0.3118136729288931,0.3179912624972322,0.4539470266732258,0.16968031918456045,0.391304347826087,46,46,71
2021,9,2021_09_DEN_DAL,DAL,-0.16089762838890428,-0.16299446744162088,-0.2029850070092191,-0.06503193264263166,0.3898305084745763,59,59,72
2021,9,2021_09_DEN_DAL,DEN,0.16299446744162088,0.16089762838890428,0.27442372164123924,0.0687081754265592,0.4444444444444444,72,72,59
2021,9,2021_09_GB_KC,GB,-0.005595703106912797,0.154863367651709,-0.02277210582173405,0.018451260693836957,0.38333333333333336,60,60,61
2021,9,2021_09_GB_KC,KC,-0.154863367651709,0.005595703106912797,-0.23557093029323048,-0.021520438070064814,0.3770491803278688,61,61,60
2021,9,2021_09_HOU_MIA,HOU,-0.3059390794107405,0.19194332060096556,-0.3736581393899469,-0.12535491946619004,0.3333333333333333,66,66,72
2021,9,2021_09_HOU_MIA,MIA,-0.19194332060096556,0.3059390794107405,-0.06826849312629951,-0.42445199625333774,0.375,72,72,66
2021,9,2021_09_LAC_PHI,LAC,0.2925569687949158,-0.22310249524178422,0.5905850144669194,-0.12688991029901517,0.5230769230769231,65,65,57
2021,9,2021_09_LAC_PHI,PHI,0.22310249524178422,-0.2925569687949158,0.3118510347397682,0.18214163085809934,0.5087719298245614,57,57,65
2021,9,2021_09_LV_NYG,LV,-0.0474283458022832,0.04819892661422665,-0.1561725621023533,0.20812056250288152,0.5522388059701493,67,67,53
2021,9,2021_09_LV_NYG,NYG,-0.04819892661422665,0.0474283458022832,-0.08955099939149155,-0.016495670818323555,0.49056603773584906,53,53,67
2021,9,2021_09_MIN_BAL,BAL,0.1052774836435949,-0.17361283507499908,-0.040204303951113456,0.24752634262508752,0.5168539325842697,89,89,52
2021,9,2021_09_MIN_BAL,MIN,0.17361283507499908,-0.1052774836435949,0.27380624479201804,0.05672052373847691,0.38461538461538464,52,52,89
2021,9,2021_09_NE_CAR,CAR,-0.4930742551992948,0.04486492712319334,-0.7206713519277583,-0.15662637307895752,0.2982456140350877,57,57,56
2021,9,2021_09_NE_CAR,NE,-0.04486492712319334,0.4930742551992948,-0.18054181198782954,0.03051112002382676,0.44642857142857145,56,56,57
2021,9,2021_09_NYJ_IND,IND,0.4405301507604306,-0.2038876464794258,0.5132982418286955,0.362743570652975,0.55,60,60,75
2021,9,2021_09_NYJ_IND,NYJ,0.2038876464794258,-0.4405301507604306,0.38464909279881865,-0.2609275011990131,0.4666666666666667,75,75,60
2021,9,2021_09_TEN_LA,LA,-0.24247654738981148,0.07741390692218292,-0.37742775672981405,0.09811459999209979,0.40540540540540543,74,74,55
2021,9,2021_09_TEN_LA,TEN,-0.07741390692218292,0.24247654738981148,-0.14129624814571193,-0.0007550974539481104,0.41818181818181815,55,55,74
2021,10,2021_10_ATL_DAL,ATL,-0.4606960720115013,-0.18561156194669728,-0.7782186373715653,-0.07702297220142403,0.32075471698113206,53,53,70
2021,10,2021_10_ATL_DAL,DAL,0.18561156194669728,0.4606960720115013,0.5941665796355144,-0.22294345574211993,0.4142857142857143,70,70,53
2021,10,2021_10_BAL_MIA,BAL,-0.2740263238150921,0.055952722557905205,-0.33415498752891026,-0.15103587530955503,0.417910447761194,67,67,61
2021,10,2021_10_BAL_MIA,MIA,-0.055952722557905205,0.2740263238150921,-0.01925294880729818,-0.1311872587466496,0.36065573770491804,61,61,67
2021,10,2021_10_BUF_NYJ,BUF,0.461130498185441,0.16757749900423,0.6318778884286874,0.21720565498080327,0.6078431372549019,51,51,70
2021,10,2021_10_BUF_NYJ,NYJ,-0.16757749900423,-0.461130498185441,-0.19149564750443981,-0.1153924477310449,0.38571428571428573,70,70,51
2021,10,2021_10_CAR_ARI,ARI,-0.5789253617088127,-0.0037369464010643606,-0.5968609916131564,-0.5493315723666455,0.2830188679245283,53,53,70
2021,10,2021_10_CAR_ARI,CAR,0.0037369464010643606,0.5789253617088127,0.13341980774813733,-0.11192614615173047,0.4857142857142857,70,70,53
2021,10,2021_10_CLE_NE,CLE,-0.17957799280953496,-0.4952313477191511,-0.25032162149498044,-0.0451650983071886,0.39655172413793105,58,58,60
2021,10,2021_10_CLE_NE,NE,0.4952313477191511,0.17957799280953496,0.8532270837746951,0.18198507867055014,0.5666666666666667,60,60,58
2021,10,2021_10_DET_PIT,DET,-0.10556360911934708,0.13394759163446487,-0.41919989908337163,0.1276531193154404,0.27941176470588236,68,68,80
2021,10,2021_10_DET_PIT,PIT,-0.13394759163446487,0.10556360911934708,-0.2547127243414949,0.0673276295439185,0.4,80,80,68
2021,10,2021_10_JAX_IND,IND,-0.04696740936820728,0.013767781078577936,-0.09047319105356241,0.016478522256268963,0.3898305084745763,59,59,63
2021,10,2021_10_JAX_IND,JAX,-0.013767781078577936,0.04696740936820728,-0.16808445555132126,0.23699681493962999,0.4126984126984127,63,63,59
2021,10,2021_10_KC_LV,KC,0.39003547763724183,0.1638469103970291,0.5671289728643778,-0.002650098735972753,0.5405405405405406,74,74,51
2021,10,2021_10_KC_LV,LV,-0.1638469103970291,-0.39003547763724183,-0.16835245081361988,-0.15193941072461062,0.3333333333333333,51,51,74
2021,10,2021_10_LA_SF,LA,-0.21580670513075362,-0.15743156391075291,-0.25845039104755224,-0.028174487096839583,0.37037037037037035,54,54,63
2021,10,2021_10_LA_SF,SF,0.15743156391075291,0.21580670513075362,0.7705063594997454,-0.12771950380505756,0.4444444444444444,63,63,54
2021,10,2021_10_MIN_LAC,LAC,-0.1243594457827127,-0.1347923620815821,-0.18606815252504175,-0.007437685639352391,0.43636363636363634,55,55,69
2021,10,2021_10_MIN_LAC,MIN,0.1347923620815821,0.1243594457827127,0.1702949876212157,0.0886389488800584,0.4927536231884058,69,69,55
2021,10,2021_10_NO_TEN,NO,0.11186557221892564,0.0664290598665027,0.14999566022149907,0.037421114690091815,0.41935483870967744,62,62,56
2021,10,2021_10_NO_TEN,TEN,-0.0664290598665027,-0.11186557221892564,0.0840833512616494,-0.22809053848562907,0.39285714285714285,56,56,62
2021,10,2021_10_PHI_DEN,DEN,-0.2609554527726676,-0.13432296041797542,-0.14229233035415875,-0.5048740932996023,0.38181818181818183,55,55,61
2021,10,2021_10_PHI_DEN,PHI,0.13432296041797542,0.2609554527726676,0.20286171165347094,0.08672660539332573,0.4918032786885246,61,61,55
2021,10,2021_10_SEA_GB,GB,0.0642450734260211,0.3032766637674501,0.04488781603452425,0.0872318165784236,0.45714285714285713,70,70,59
2021,10,2021_10_SEA_GB,SEA,-0.3032766637674501,-0.0642450734260211,-0.4759762500680788,0.16085347441548947,0.423728813559322,59,59,70
2021,10,2021_10_TB_WAS,TB,-0.018615094146888434,-0.04197659534913022,-0.08510989902201246,0.1552943955265129,0.46808510638297873,47,47,72
2021,10,2021_10_TB_WAS,WAS,0.04197659534913022,0.018615094146888434,0.1578255087953319,-0.08049225600828296,0.4305555555555556,72,72,47
2021,11,2021_11_ARI_SEA,ARI,0.18013296940262163,0.11601083221104083,0.3429203054634861,-0.061422432494145036,0.5454545454545454,77,77,49
2021,11,2021_11_ARI_SEA,SEA,-0.11601083221104083,-0.18013296940262163,-0.16225871866883262,-0.042987853593474845,0.3673469387755102,49,49,77
2021,11,2021_11_BAL_CHI,BAL,-0.08758286148211712,0.037375750880311476,-0.16524319629302875,0.008350493284303144,0.40789473684210525,76,76,58
2021,11,2021_11_BAL_CHI,CHI,-0.037375750880311476,0.08758286148211712,0.027897326328938727,-0.16139459757788688,0.3448275862068966,58,58,76
2021,11,2021_11_CIN_LV,CIN,0.018599467539842516,0.2752611445718812,0.08710287503109182,-0.03908761245278848,0.4714285714285714,70,70,47
2021,11,2021_11_CIN_LV,LV,-0.2752611445718812,-0.018599467539842516,-0.3067385719214006,-0.2245475116198779,0.46808510638297873,47,47,70
2021,11,2021_11_DAL_KC,DAL,-0.2606907522321421,0.07196709575388406,-0.32161215781514635,-0.07792653548312956,0.359375,64,64,64
2021,11,2021_11_DAL_KC,KC,-0.07196709575388406,0.2606907522321421,-0.1892726353619427,0.12354213692621367,0.46875,64,64,64
2021,11,2021_11_DET_CLE,CLE,-0.06189812756470528,0.2426188812510984,-0.23807610883756927,0.09355303238193943,0.390625,64,64,46
2021,11,2021_11_DET_CLE,DET,-0.2426188812510984,0.06189812756470528,-0.5312590023487523,0.04602123984655546,0.30434782608695654,46,46,64
2021,11,2021_11_GB_MIN,GB,0.4514588512850176,-0.2848264785351416,0.6645819218078931,0.03705288082387091,0.49056603773584906,53,53,65
2021,11,2021_11_GB_MIN,MIN,0.2848264785351416,-0.4514588512850176,0.5592807892110598,-0.07784528914375032,0.5076923076923077,65,65,53
2021,11,2021_11_HOU_TEN,HOU,-0.08091851342002389,0.18670977018235688,-0.012359958843990307,-0.12421865315225564,0.3225806451612903,62,62,79
2021,11,2021_11_HOU_TEN,TEN,-0.18670977018235688,0.08091851342002389,-0.18498115012685215,-0.19044358950224705,0.4936708860759494,79,79,62
2021,11,2021_11_IND_BUF,BUF,0.012437887454542737,-0.26709584012962156,-0.11118463199685376,0.3744752658479182,0.5454545454545454,55,55,66
2021,11,2021_11_IND_BUF,IND,0.26709584012962156,-0.012437887454542737,0.2772553677808271,0.26267865419431485,0.5303030303030303,66,66,55
2021,11,2021_11_MIA_NYJ,MIA,0.18175673330202605,-0.06969195566737268,0.45651689001454737,-0.11017593320502783,0.4696969696969697,66,66,59
2021,11,2021_11_MIA_NYJ,NYJ,0.06969195566737268,-0.18175673330202605,0.022809514152642558,0.17647973911759132,0.5084745762711864,59,59,66
2021,11,2021_11_NE_ATL,ATL,-0.6108968453291499,0.058674779325303496,-0.6744339419900724,-0.46793837784207426,0.34615384615384615,52,52,57
2021,11,2021_11_NE_ATL,NE,-0.058674779325303496,0.6108968453291499,-0.09132013069415489,-0.024863522550421697,0.5087719298245614,57,57,52
2021,11,2021_11_NO_PHI,NO,-0.17378772639403117,-0.006143048232194938,-0.2013439928819239,-0.1199873965843359,0.3870967741935484,62,62,75
2021,11,2021_11_NO_PHI,PHI,0.006143048232194938,0.17378772639403117,0.01958023221057002,-0.001415367755641032,0.41333333333333333,75,75,62
2021,11,2021_11_NYG_TB,NYG,-0.3832695515337244,-0.10691125928341166,-0.5374182028153979,0.1028915794315533,0.3333333333333333,54,54,74
2021,11,2021_11_NYG_TB,TB,0.10691125928341166,0.3832695515337244,0.13645817630832,0.04899930191459134,0.527027027027027,74,74,54
2021,11,2021_11_PIT_LAC,LAC,0.33891402130503784,0.020688908924196437,0.35151341568670497,0.31535863180887763,0.5454545454545454,66,66,65
2021,11,2021_11_PIT_LAC,PIT,-0.020688908924196437,-0.33891402130503784,0.011153962459387915,-0.1038341842035556,0.4461538461538462,65,65,66
2021,11,2021_11_SF_JAX,JAX,-0.09760100494759762,-0.20128789416310647,-0.11126770537521224,-0.07368427919927198,0.4318181818181818,44,44,64
2021,11,2021_11_SF_JAX,SF,0.20128789416310647,0.09760100494759762,0.4182419261853851,0.0711154749497393,0.484375,64,64,44
2021,11,2021_11_WAS_CAR,CAR,0.15018732541284407,-0.19879077988362004,0.09442105663765687,0.22826010169810615,0.4791666666666667,48,48,63
2021,11,2021_11_WAS_CAR,WAS,0.19879077988362004,-0.15018732541284407,0.5414125117310323,-0.026618254226519575,0.47619047619047616,63,63,48
2021,12,2021_12_ATL_JAX,ATL,0.10845947546247196,0.013510739471995943,0.16245908769584883,0.04845990631427547,0.47368421052631576,57,57,72
2021,12,2021_12_ATL_JAX,JAX,-0.013510739471995943,-0.10845947546247196,-0.04636092373267282,0.03811097865192486,0.4861111111111111,72,72,57
2021,12,2021_12_BUF_NO,BUF,0.14815982811609754,0.3406373932531283,0.38053694006371047,-0.06969371433478955,0.532258064516129,62,62,57
2021,12,2021_12_BUF_NO,NO,-0.3406373932531283,-0.14815982811609754,-0.22634941539912004,-0.4977833628023897,0.2807017543859649,57,57,62
2021,12,2021_12_CAR_MIA,CAR,-0.31362318020977975,-0.06867583652281062,-0.5108821900034349,0.08089483937753054,0.3148148148148148,54,54,70
2021,12,2021_12_CAR_MIA,MIA,0.06867583652281062,0.31362318020977975,0.1939283539815212,-0.043035868237661014,0.44285714285714284,70,70,54
2021,12,2021_12_CHI_DET,CHI,0.04861188399859064,0.033217620060572196,0.2988611843456101,-0.33638703961220856,0.36363636363636365,66,66,45
2021,12,2021_12_CHI_DET,DET,-0.033217620060572196,-0.04861188399859064,0.036989725436657094,-0.12929082968835964,0.4,45,45,66
2021,12,2021_12_CLE_BAL,BAL,-0.13086975948961282,0.19932210261118924,-0.32221551052679653,0.03177412889199331,0.4189189189189189,74,74,57
2021,12,2021_12_CLE_BAL,CLE,-0.19932210261118924,0.13086975948961282,-0.17279105633698516,-0.26174809384461056,0.3333333333333333,57,57,74
2021,12,2021_12_LAC_DEN,DEN,0.12325699759847403,0.006008898560294005,0.10282837536651641,0.13921685871719092,0.40350877192982454,57,57,65
2021,12,2021_12_LAC_DEN,LAC,-0.006008898560294005,-0.12325699759847403,-0.040828087334830954,0.09230410503839855,0.5076923076923077,65,65,57
2021,12,2021_12_LA_GB,GB,0.07439505966780309,0.1176241547141576,0.17878103730276337,-0.08386755158520123,0.3974358974358974,78,78,61
2021,12,2021_12_LA_GB,LA,-0.1176241547141576,-0.07439505966780309,-0.06493807979159365,-0.23408810980614111,0.4426229508196721,61,61,78
2021,12,2021_12_LV_DAL,DAL,0.08413501786672913,-0.07114805282872184,0.1652313031887237,-0.10508964788459153,0.44285714285714284,70,70,76
2021,12,2021_12_LV_DAL,LV,0.07114805282872184,-0.08413501786672913,0.18501271288041737,-0.0695082919410197,0.35526315789473684,76,76,70
2021,12,2021_12_MIN_SF,MIN,-0.13639653084183306,-0.1218476510326955,0.010171638088653394,-0.42139019265111227,0.39622641509433965,53,53,65
2021,12,2021_12_MIN_SF,SF,0.1218476510326955,0.13639653084183306,0.1163149862279271,0.1260345325065743,0.46153846153846156,65,65,53
2021,12,2021_12_NYJ_HOU,HOU,-0.2770485900015915,0.04895651374842893,-0.41549817232382147,-0.09821787950204452,0.2727272727272727,55,55,62
2021,12,2021_12_NYJ_HOU,NYJ,-0.04895651374842893,0.2770485900015915,-0.33492293552288915,0.1865452453599501,0.41935483870967744,62,62,55
2021,12,2021_12_PHI_NYG,NYG,-0.0546559733370818,0.18960463795701799,0.11534286030510041,-0.2573468903719913,0.42105263157894735,57,57,64
2021,12,2021_12_PHI_NYG,PHI,-0.18960463795701799,0.0546559733370818,-0.5610766635753305,0.15935393156321492,0.453125,64,64,57
2021,12,2021_12_PIT_CIN,CIN,0.19216735331630191,0.3101300537199361,0.044282928365977754,0.29724312893890065,0.5538461538461539,65,65,59
2021,12,2021_12_PIT_CIN,PIT,-0.3101300537199361,-0.19216735331630191,-0.33222435587586935,-0.2453201007291985,0.3389830508474576,59,59,65
2021,12,2021_12_SEA_WAS,SEA,-0.09303834595313579,-0.02501462800709931,-0.00981165162973818,-0.32884731320276234,0.32608695652173914,46,46,78
2021,12,2021_12_SEA_WAS,WAS,0.02501462800709931,0.09303834595313579,0.17468993658649776,-0.10327849363238506,0.5384615384615384,78,78,46
2021,12,2021_12_TB_IND,IND,-0.017277373723483667,-0.09489456912248213,-0.10670215351105733,0.1928708587773144,0.4626865671641791,67,67,62
2021,12,2021_12_TB_IND,TB,0.09489456912248213,0.017277373723483667,-0.09051797223644438,0.35161962638868804,0.6290322580645161,62,62,67
2021,12,2021_12_TEN_NE,NE,0.23458161143263817,0.0893164294385666,0.4218113154790065,-0.04219273367938458,0.45614035087719296,57,57,61
2021,12,2021_12_TEN_NE,TEN,-0.0893164294385666,-0.23458161143263817,-0.4091785919253496,0.10428435311922313,0.45901639344262296,61,61,57
2021,13,2021_13_ARI_CHI,ARI,0.12120204620739752,0.16919074416303514,0.3945338906787117,-0.011559135392955052,0.46153846153846156,52,52,72
2021,13,2021_13_ARI_CHI,CHI,-0.16919074416303514,-0.12120204620739752,-0.3400358410781715,0.11555108402885876,0.4166666666666667,72,72,52
2021,13,2021_13_BAL_PIT,BAL,0.05486228877641704,-0.1130304173455518,0.057878544758167116,0.0494330280092669,0.38571428571428573,70,70,57
2021,13,2021_13_BAL_PIT,PIT,0.1130304173455518,-0.05486228877641704,0.28132865506789084,-0.11837965952266434,0.49122807017543857,57,57,70
2021,13,2021_13_DAL_NO,DAL,-0.1071633794648317,0.2694366624256881,-0.20381227518453415,0.08153208360696833,0.3064516129032258,62,62,69
2021,13,2021_13_DAL_NO,NO,-0.2694366624256881,0.1071633794648317,-0.5139353165752734,0.13492649636016443,0.391304347826087,69,69,62
2021,13,2021_13_DEN_KC,DEN,-0.13518888044328747,0.04009537379795362,-0.26024519443375854,0.03424225464057658,0.4931506849315068,73,73,52
2021,13,2021_13_DEN_KC,KC,-0.04009537379795362,0.13518888044328747,-0.08617306631075156,0.02273784326495264,0.4423076923076923,52,52,73
2021,13,2021_13_IND_HOU,HOU,-0.6233198415872175,-0.16770292293099998,-0.8916833993730946,-0.1854635104628917,0.28,50,50,69
2021,13,2021_13_IND_HOU,IND,0.16770292293099998,0.6233198415872175,0.113419450357126,0.194844659217937,0.5652173913043478,69,69,50
2021,13,2021_13_JAX_LA,JAX,-0.3818390201454432,-0.24002149193580033,-0.09735666375199799,-0.7232178478175775,0.3090909090909091,55,55,66
2021,13,2021_13_JAX_LA,LA,0.24002149193580033,0.3818390201454432,0.33425641616289076,0.1039043791633364,0.5151515151515151,66,66,55
2021,13,2021_13_LAC_CIN,CIN,-0.2868915521021581,-0.016383483233566597,-0.13025330209241257,-0.5640207636578617,0.3611111111111111,72,72,62
2021,13,2021_13_LAC_CIN,LAC,0.016383483233566597,0.2868915521021581,0.04033934077242336,-0.02717262138253661,0.46774193548387094,62,62,72
2021,13,2021_13_MIN_DET,DET,-0.07310056666398353,-0.04723255214735107,0.09650950822902632,-0.33693846094199886,0.463768115942029,69,69,73
2021,13,2021_13_MIN_DET,MIN,0.04723255214735107,0.07310056666398353,0.088608345320948,-0.019264258310215412,0.4794520547945205,73,73,69
2021,13,2021_13_NE_BUF,BUF,-0.19168536626316585,-0.005808436610116476,-0.2205281312483458,-0.15476662708213554,0.3508771929824561,57,57,48
2021,13,2021_13_NE_BUF,NE,0.005808436610116476,0.19168536626316585,0.011864912075301012,0.005404671579104173,0.3958333333333333,48,48,57
2021,13,2021_13_NYG_MIA,MIA,-0.03282360699400274,0.16397064620527435,0.0964178945458131,-0.26438129725283943,0.43283582089552236,67,67,62
2021,13,2021_13_NYG_MIA,NYG,-0.16397064620527435,0.03282360699400274,-0.2758741867961345,0.13224460829994367,0.3225806451612903,62,62,67
2021,13,2021_13_PHI_NYJ,NYJ,0.006918496122517223,-0.22870991149727374,0.026291206405952106,-0.041513279586069984,0.42857142857142855,56,56,68
2021,13,2021_13_PHI_NYJ,PHI,0.22870991149727374,-0.006918496122517223,0.525965315401518,0.03295635282862511,0.4852941176470588,68,68,56
2021,13,2021_13_SF_SEA,SEA,-0.060245535429937026,-0.0008181276877192158,-0.15727812289288723,0.09276739095394596,0.3880597014925373,67,67,55
2021,13,2021_13_SF_SEA,SF,0.0008181276877192158,0.060245535429937026,0.05631334137042952,-0.0708631899857816,0.4727272727272727,55,55,67
2021,13,2021_13_TB_ATL,ATL,-0.05242073498658003,-0.20712248827415367,-0.12741332938338087,0.0975644538070217,0.463768115942029,69,69,67
2021,13,2021_13_TB_ATL,TB,0.20712248827415367,0.05242073498658003,0.3074296001520683,-0.11260643083669938,0.4626865671641791,67,67,69
2021,13,2021_13_WAS_LV,LV,-0.020744115993878574,-0.020849516334217014,-0.014749656329748763,-0.03610491888321121,0.45614035087719296,57,57,60
2021,13,2021_13_WAS_LV,WAS,0.020849516334217014,0.020744115993878574,0.17837686673738062,-0.14754178926916478,0.43333333333333335,60,60,57
2021,14,2021_14_ATL_CAR,ATL,0.03672035449873292,0.1751227579999625,0.17935326962341439,-0.08493713193114244,0.36507936507936506,63,63,62
2021,14,2021_14_ATL_CAR,CAR,-0.1751227579999625,-0.03672035449873292,-0.125858125492717,-0.24333532608691782,0.4838709677419355,62,62,63
2021,14,2021_14_BAL_CLE,BAL,-0.10478489468060806,0.06903661275846612,-0.1280088629202463,-0.058336958201331564,0.463768115942029,69,69,59
2021,14,2021_14_BAL_CLE,CLE,-0.06903661275846612,0.10478489468060806,-0.05841913656825978,-0.08162028824315509,0.3898305084745763,59,59,69
2021,14,2021_14_BUF_TB,BUF,0.07560802565476568,-0.17018949706605474,-0.05967943744942898,0.48147041496734966,0.4868421052631579,76,76,75
2021,14,2021_14_BUF_TB,TB,0.17018949706605474,-0.07560802565476568,0.20841545464089953,0.10223223915521952,0.48,75,75,76
2021,14,2021_14_CHI_GB,CHI,-0.1284481384253693,-0.32115491014654096,-0.3225200159714986,0.16687863175352308,0.3620689655172414,58,58,62
2021,14,2021_14_CHI_GB,GB,0.32115491014654096,0.1284481384253693,0.39613092795151833,0.1848348777738548,0.5806451612903226,62,62,58
2021,14,2021_14_DAL_WAS,DAL,-0.14414596494578272,0.45756553573254494,-0.2620031322310242,0.009425495456198623,0.40789473684210525,76,76,63
2021,14,2021_14_DAL_WAS,WAS,-0.45756553573254494,0.14414596494578272,-0.8268583846442169,0.1846828971573192,0.3333333333333333,63,63,76
2021,14,2021_14_DET_DEN,DEN,0.2547231132540709,0.13153495619899333,0.3423694003677855,0.19629225517826107,0.5384615384615384,65,65,62
2021,14,2021_14_DET_DEN,DET,-0.13153495619899333,-0.2547231132540709,-0.20850628103696917,0.018742392294197566,0.45161290322580644,62,62,65
2021,14,2021_14_JAX_TEN,JAX,-0.4312912876541982,-0.037279665130623946,-0.37827409895510566,-0.7162586769118207,0.29411764705882354,51,51,66
2021,14,2021_14_JAX_TEN,TEN,0.037279665130623946,0.4312912876541982,0.021615239214772965,0.05496530729368151,0.3939393939393939,66,66,51
2021,14,2021_14_LA_ARI,ARI,-0.060379984100781395,-0.21822441853800306,-0.024570420784635474,-0.14664847754422386,0.4533333333333333,75,75,54
2021,14,2021_14_LA_ARI,LA,0.21822441853800306,0.060379984100781395,0.44060761401058884,-0.13123488863320312,0.46296296296296297,54,54,75
2021,14,2021_14_LV_KC,KC,0.3498478394539959,0.2980955987856198,0.5740337715980741,0.12566190730991766,0.5740740740740741,54,54,61
2021,14,2021_14_LV_KC,LV,-0.2980955987856198,-0.3498478394539959,-0.2337162080366385,-0.5609781110106269,0.4098360655737705,61,61,54
2021,14,2021_14_NO_NYJ,NO,0.14869923685689923,0.33301361341071634,0.158085148958409,0.14357964843789392,0.47058823529411764,68,68,62
2021,14,2021_14_NO_NYJ,NYJ,-0.33301361341071634,-0.14869923685689923,-0.3423419621850801,-0.308320925478577,0.25806451612903225,62,62,68
2021,14,2021_14_NYG_LAC,LAC,0.22179390767962207,0.07148869130777717,0.4345282087497594,0.021215852384921165,0.5147058823529411,68,68,66
2021,14,2021_14_NYG_LAC,NYG,-0.07148869130777717,-0.22179390767962207,-0.3567917475246239,0.34061572322766814,0.4696969696969697,66,66,68
2021,14,2021_14_PIT_MIN,MIN,0.0025212194304108353,0.08083196488335335,-0.3121762037346557,0.27351066715588485,0.43283582089552236,67,67,70
2021,14,2021_14_PIT_MIN,PIT,-0.08083196488335335,-0.0025212194304108353,-0.17009345144276192,0.09025255102217973,0.44285714285714284,70,70,67
2021,14,2021_14_SEA_HOU,HOU,-0.14047546017473683,-0.34372740369395516,-0.040096800515094684,-0.3412327794940211,0.4666666666666667,75,75,58
2021,14,2021_14_SEA_HOU,SEA,0.34372740369395516,0.14047546017473683,0.546769776937038,0.14068503045087236,0.46551724137931033,58,58,75
2021,14,2021_14_SF_CIN,CIN,0.11469381401860296,-0.11700578988810677,0.2782549130921848,-0.14046150053618475,0.40625,64,64,69
2021,14,2021_14_SF_CIN,SF,0.11700578988810677,-0.11469381401860296,0.14657893404279834,0.057859501578723604,0.42028985507246375,69,69,64
2021,15,2021_15_ARI_DET,ARI,-0.208128337424053,-0.04953930540346404,-0.2592041658939263,-0.07277739197888877,0.410958904109589,73,73,62
2021,15,2021_15_ARI_DET,DET,0.04953930540346404,0.208128337424053,0.4834854790212343,-0.3078281316935232,0.45161290322580644,62,62,73
2021,15,2021_15_ATL_SF,ATL,-0.23261429140276452,-0.2881209036169948,-0.19773406760225656,-0.2856928928383201,0.3275862068965517,58,58,56
2021,15,2021_15_ATL_SF,SF,0.2881209036169948,0.23261429140276452,0.48388437379056315,0.1412983009868185,0.5,56,56,58
2021,15,2021_15_CAR_BUF,BUF,0.11393223389118314,0.1940942128306089,0.18133567078890614,0.011479009806644172,0.4603174603174603,63,63,73
2021,15,2021_15_CAR_BUF,CAR,-0.1940942128306089,-0.11393223389118314,-0.3526607921301647,0.033184550832087795,0.3835616438356164,73,73,63
2021,15,2021_15_CIN_DEN,CIN,-0.03429386838676484,0.15889792655568663,-0.2201540913096902,0.15900076345307754,0.35294117647058826,51,51,71
2021,15,2021_15_CIN_DEN,DEN,-0.15889792655568663,0.03429386838676484,-0.218829087060881,-0.09367872247650452,0.4225352112676056,71,71,51
2021,15,2021_15_DAL_NYG,DAL,0.029589192641689657,0.31376625583331574,0.008860218174136092,0.05920201330962332,0.47058823529411764,68,68,61
2021,15,2021_15_DAL_NYG,NYG,-0.31376625583331574,-0.029589192641689657,-0.40646601516992736,-0.1708541268560395,0.36065573770491804,61,61,68
2021,15,2021_15_GB_BAL,BAL,0.20850001507132218,-0.35772844380812135,0.0916211282424906,0.4048565449437592,0.4925373134328358,67,67,57
2021,15,2021_15_GB_BAL,GB,0.35772844380812135,-0.20850001507132218,0.5639465352451986,0.05288430864026811,0.5964912280701754,57,57,67
2021,15,2021_15_HOU_JAX,HOU,-0.01798442052570795,0.07602174190147047,0.11301517526762346,-0.1741762462792954,0.3508771929824561,57,57,65
2021,15,2021_15_HOU_JAX,JAX,-0.07602174190147047,0.01798442052570795,-0.12709393320589563,0.00569376418560978,0.38461538461538464,65,65,57
2021,15,2021_15_KC_LAC,KC,0.16720440482922397,0.01640753971132187,0.19443458431240437,0.09841237245066288,0.47761194029850745,67,67,78
2021,15,2021_15_KC_LAC,LAC,-0.01640753971132187,-0.16720440482922397,-0.10805279445515062,0.07523771503250688,0.47435897435897434,78,78,67
2021,15,2021_15_LV_CLE,CLE,-0.020026086310765082,0.008978662834787939,0.07941313986830852,-0.14018181794381235,0.33962264150943394,53,53,64
2021,15,2021_15_LV_CLE,LV,-0.008978662834787939,0.020026086310765082,-0.026336854480973226,0.018100116133261127,0.515625,64,64,53
2021,15,2021_15_MIN_CHI,CHI,-0.1624980265958286,0.09521881615646816,-0.0700427322464468,-0.2978789933217091,0.4492753623188406,69,69,60
2021,15,2021_15_MIN_CHI,MIN,-0.09521881615646816,0.1624980265958286,-0.24594146806049977,0.028099717219557726,0.35,60,60,69
2021,15,2021_15_NE_IND,IND,0.0027400946988546337,0.0816336323721205,-0.6053091435328214,0.21637901623971378,0.42,50,50,65
2021,15,2021_15_NE_IND,NE,-0.0816336323721205,-0.0027400946988546337,-0.016454824508281125,-0.2394349566740474,0.4307692307692308,65,65,50
2021,15,2021_15_NO_TB,NO,-0.28798878821000357,0.30132554280707863,-0.12762455608203227,-0.4380069408458476,0.3333333333333333,60,60,73
2021,15,2021_15_NO_TB,TB,-0.30132554280707863,0.28798878821000357,-0.3152157603206807,-0.26693071848768296,0.3561643835616438,73,73,60
2021,15,2021_15_NYJ_MIA,MIA,-0.02589740088012273,0.17260380583697477,-0.06282613561124827,0.0006155368755571544,0.47761194029850745,67,67,54
2021,15,2021_15_NYJ_MIA,NYJ,-0.17260380583697477,0.02589740088012273,-0.41269489906019524,0.12751006069205081,0.3888888888888889,54,54,67
2021,15,2021_15_SEA_LA,LA,-0.08300676775042735,0.2265942292893519,-0.074038463609406,-0.0943896153140314,0.3728813559322034,59,59,53
2021,15,2021_15_SEA_LA,SEA,-0.2265942292893519,0.08300676775042735,-0.3415512358446884,-0.02088169124296033,0.39622641509433965,53,53,59
2021,15,2021_15_TEN_PIT,PIT,-0.2421579089076804,0.20352428726355148,-0.27321048336477183,-0.18781590360777045,0.36363636363636365,44,44,78
2021,15,2021_15_TEN_PIT,TEN,-0.20352428726355148,0.2421579089076804,-0.4468831246873384,0.005069001956837296,0.44871794871794873,78,78,44
2021,15,2021_15_WAS_PHI,PHI,0.12274217684016038,0.12978922658687256,0.20734026319683418,0.06290450600251306,0.5142857142857142,70,70,54
2021,15,2021_15_WAS_PHI,WAS,-0.12978922658687256,-0.12274217684016038,-0.08334524565155911,-0.202772625199508,0.37037037037037035,54,54,70
2021,16,2021_16_BAL_CIN,BAL,0.09860078938021488,-0.4991355801700279,0.34881031265192686,-0.5425611140035471,0.47368421052631576,57,57,69
2021,16,2021_16_BAL_CIN,CIN,0.4991355801700279,-0.09860078938021488,0.662496714344527,0.09890080144250532,0.4927536231884058,69,69,57
2021,16,2021_16_BUF_NE,BUF,0.3098488740729307,-0.09267543451181458,0.42970899038581317,0.08856865934145529,0.5405405405405406,74,74,60
2021,16,2021_16_BUF_NE,NE,0.09267543451181458,-0.3098488740729307,-0.09384737069767927,0.32064775199008483,0.45,60,60,74
2021,16,2021_16_CHI_SEA,CHI,0.073711431019396,-0.15440141910426747,0.1384795595545842,-0.015623918684311854,0.4492753623188406,69,69,53
2021,16,2021_16_CHI_SEA,SEA,0.15440141910426747,-0.073711431019396,0.06327944344228664,0.2645071396958277,0.39622641509433965,53,53,69
2021,16,2021_16_CLE_GB,CLE,0.15247909334093232,-0.1626565833538071,-0.04406659283422826,0.4964340441474633,0.5454545454545454,66,66,57
2021,16,2021_16_CLE_GB,GB,0.1626565833538071,-0.15247909334093232,0.16823162193636676,0.1544152219708928,0.49122807017543857,57,57,66
2021,16,2021_16_DEN_LV,DEN,-0.25370086553373816,0.09209659586536037,-0.09445211694519538,-0.4925739884165523,0.275,40,40,63
2021,16,2021_16_DEN_LV,LV,-0.09209659586536037,0.25370086553373816,-0.19288790447234772,-0.016503114410119854,0.49206349206349204,63,63,40
2021,16,2021_16_DET_ATL,ATL,0.08358392469105386,-0.0852605573008881,0.2096371191489419,-0.11661820768323891,0.4318181818181818,44,44,68
2021,16,2021_16_DET_ATL,DET,0.0852605573008881,-0.08358392469105386,0.14171396971028308,0.02538572595759041,0.4264705882352941,68,68,44
2021,16,2021_16_IND_ARI,ARI,0.059372578119481156,-0.07166289383937423,-0.08761405485063774,0.3603452075344865,0.46875,64,64,62
2021,16,2021_16_IND_ARI,IND,0.07166289383937423,-0.059372578119481156,0.2986922596687109,-0.14117713662562892,0.3548387096774194,62,62,64
2021,16,2021_16_JAX_NYJ,JAX,0.09146148206603755,-0.14506943260125268,0.10271559273070938,0.07694004895033198,0.5211267605633803,71,71,59
2021,16,2021_16_JAX_NYJ,NYJ,0.14506943260125268,-0.09146148206603755,-0.03308310056148047,0.2588891065663322,0.4915254237288136,59,59,71
2021,16,2021_16_LAC_HOU,HOU,0.3143076137216352,-0.04975312713654077,0.5723365152686943,0.10788449248398788,0.4444444444444444,63,63,60
2021,16,2021_16_LAC_HOU,LAC,0.04975312713654077,-0.3143076137216352,0.23867046051038882,-0.2765586305091967,0.5833333333333334,60,60,63
2021,16,2021_16_LA_MIN,LA,-0.04217987619933105,0.06116701085868791,-0.26410111662894625,0.21441655804741155,0.463768115942029,69,69,62
2021,16,2021_16_LA_MIN,MIN,-0.06116701085868791,0.04217987619933105,0.07788673872481583,-0.31399201010142197,0.3870967741935484,62,62,69
2021,16,2021_16_MIA_NO,MIA,-0.1077547186492295,0.6781994238548328,0.10891328905629444,-0.317200459431236,0.3728813559322034,59,59,51
2021,16,2021_16_MIA_NO,NO,-0.6781994238548328,0.1077547186492295,-1.0617789263882773,-0.21123307294455235,0.23529411764705882,51,51,59
2021,16,2021_16_NYG_PHI,NYG,-0.3596878216998941,-0.02244155998978777,-0.4370486557865819,-0.2278878821447963,0.3287671232876712,73,73,60
2021,16,2021_16_NYG_PHI,PHI,0.02244155998978777,0.3596878216998941,0.043494969290091785,0.0013881506894837545,0.4,60,60,73
2021,16,2021_16_PIT_KC,KC,0.22632282365529777,0.2797606140157428,0.4966558590638858,-0.020838808718268455,0.4925373134328358,67,67,69
2021,16,2021_16_PIT_KC,PIT,-0.2797606140157428,-0.22632282365529777,-0.402341694685102,-0.06401791203767061,0.42028985507246375,69,69,67
2021,16,2021_16_SF_TEN,SF,0.07704249956683708,-0.057358828757744146,0.09118374169049813,0.05212697772991045,0.4482758620689655,58,58,58
2021,16,2021_16_SF_TEN,TEN,0.057358828757744146,-0.07704249956683708,0.20632674210532329,-0.15367904848465963,0.3793103448275862,58,58,58
2021,16,2021_16_TB_CAR,CAR,-0.3320208205226668,-0.18307683460837018,-0.40806247532066797,-0.06840975055626283,0.2835820895522388,67,67,63
2021,16,2021_16_TB_CAR,TB,0.18307683460837018,0.3320208205226668,0.27942964737146037,0.08361586659485774,0.4126984126984127,63,63,67
2021,16,2021_16_WAS_DAL,DAL,0.34290919755908866,0.3386947727974205,0.5542795950553329,-0.0093747982679849,0.5,72,72,56
2021,16,2021_16_WAS_DAL,WAS,-0.3386947727974205,-0.34290919755908866,-0.48668939646213893,-0.05049471618717929,0.30357142857142855,56,56,72
2021,17,2021_17_ARI_DAL,ARI,0.1625361893801919,-0.08635404325545501,0.32080470418402535,-0.061222745342469166,0.45714285714285713,70,70,58
2021,17,2021_17_ARI_DAL,DAL,0.08635404325545501,-0.1625361893801919,0.36346670820113036,-0.5819765016135267,0.5,58,58,70
2021,17,2021_17_ATL_BUF,ATL,-0.21463911614407444,-0.08693211303371937,-0.34685531273390485,-0.0463639568479266,0.44,50,50,69
2021,17,2021_17_ATL_BUF,BUF,0.08693211303371937,0.21463911614407444,-0.2726041436965544,0.3324690688495161,0.4927536231884058,69,69,50
2021,17,2021_17_CAR_NO,CAR,-0.3029486185719013,0.133743735323201,-0.49150505080555934,-0.06362699304456608,0.3389830508474576,59,59,54
2021,17,2021_17_CAR_NO,NO,-0.133743735323201,0.3029486185719013,0.037715282782334096,-0.3183919086676234,0.35185185185185186,54,54,59
2021,17,2021_17_CLE_PIT,CLE,-0.24357500509619573,0.09168886076069718,-0.3350163708847175,-0.028687795493169688,0.2835820895522388,67,67,78
2021,17,2021_17_CLE_PIT,PIT,-0.09168886076069718,0.24357500509619573,-0.36381541361200886,0.3437136238014015,0.32051282051282054,78,78,67
2021,17,2021_17_DEN_LAC,DEN,-0.1361620506536419,-0.14474953871583662,-0.1015723789561708,-0.17331392025462938,0.4642857142857143,56,56,64
2021,17,2021_17_DEN_LAC,LAC,0.14474953871583662,0.1361620506536419,0.48005002895196375,-0.17022970968779796,0.5,64,64,56
2021,17,2021_17_DET_SEA,DET,0.03229591831613712,-0.41081123794473073,0.19466188373825818,-0.24815438559479927,0.43333333333333335,60,60,69
2021,17,2021_17_DET_SEA,SEA,0.41081123794473073,-0.03229591831613712,0.5078848733796086,0.3361392106871324,0.5797101449275363,69,69,60
2021,17,2021_17_HOU_SF,HOU,-0.3045577075797475,-0.03158996283143932,-0.4581908042082583,-0.10540369343167792,0.3870967741935484,62,62,61
2021,17,2021_17_HOU_SF,SF,0.03158996283143932,0.3045577075797475,0.35241668058470704,-0.17651385408959921,0.4262295081967213,61,61,62
2021,17,2021_17_JAX_NE,JAX,-0.24983708747163094,-0.4204975056627501,-0.41638470942173095,0.03427356173736317,0.391304347826087,46,46,70
2021,17,2021_17_JAX_NE,NE,0.4204975056627501,0.24983708747163094,0.6555051720414438,0.19854582074953941,0.6571428571428571,70,70,46
2021,17,2021_17_KC_CIN,CIN,0.35296129235059537,-0.36559481782823355,0.5560286491033503,-0.13214405989209707,0.47540983606557374,61,61,58
2021,17,2021_17_KC_CIN,KC,0.36559481782823355,-0.35296129235059537,0.3240795701974456,0.42877019465769356,0.5862068965517241,58,58,61
2021,17,2021_17_LA_BAL,BAL,-0.03470143656045308,-0.09079142614243244,-0.11053086972191022,0.048237005959890666,0.44776119402985076,67,67,56
2021,17,2021_17_LA_BAL,LA,0.09079142614243244,0.03470143656045308,0.16310799200786918,-0.050035570542891754,0.5178571428571429,56,56,67
2021,17,2021_17_LV_IND,IND,-0.01794884960174598,-0.07584763812932091,-0.19295500039611418,0.170519312792189,0.4074074074074074,54,54,61
2021,17,2021_17_LV_IND,LV,0.07584763812932091,0.01794884960174598,0.14988788473662826,-0.01738822796876976,0.47540983606557374,61,61,54
2021,17,2021_17_MIA_TEN,MIA,-0.3575548287802444,-0.06239802710989897,-0.36464777826322786,-0.3384925270447263,0.2711864406779661,59,59,59
2021,17,2021_17_MIA_TEN,TEN,0.06239802710989897,0.3575548287802444,0.07938760916686509,0.054327975632840045,0.3559322033898305,59,59,59
2021,17,2021_17_MIN_GB,GB,0.2320320090021864,0.2802216227448042,0.23480390667592974,0.22827653473453416,0.5753424657534246,73,73,52
2021,17,2021_17_MIN_GB,MIN,-0.2802216227448042,-0.2320320090021864,-0.3090036097703363,-0.17294330746782097,0.3076923076923077,52,52,73
2021,17,2021_17_NYG_CHI,CHI,-0.1673462852686971,0.6801020399759587,-0.22043805108870052,-0.09459090247832204,0.34375,64,64,55
2021,17,2021_17_NYG_CHI,NYG,-0.6801020399759587,0.1673462852686971,-2.3709879762376658,-0.046019813877818526,0.36363636363636365,55,55,64
2021,17,2021_17_PHI_WAS,PHI,0.16107377813808335,0.025343307994437868,0.2796089421114683,0.0640904621598593,0.48333333333333334,60,60,60
2021,17,2021_17_PHI_WAS,WAS,-0.025343307994437868,-0.16107377813808335,-0.11758935117128429,0.1339907665837514,0.5,60,60,60
2021,17,2021_17_TB_NYJ,NYJ,0.13325567055798573,-0.250625828015674,0.24389197325772857,-0.011422571433985677,0.43333333333333335,60,60,72
2021,17,2021_17_TB_NYJ,TB,0.250625828015674,-0.13325567055798573,0.4435724391345835,-0.18788919725457462,0.5138888888888888,72,72,60
2021,18,2021_18_CAR_TB,CAR,-0.19627906716410184,-0.2962910350184059,-0.15057674247849112,-0.27854325159820115,0.4,70,70,59
2021,18,2021_18_CAR_TB,TB,0.2962910350184059,0.19627906716410184,0.3918066944475612,0.09520543622018426,0.4745762711864407,59,59,70
2021,18,2021_18_CHI_MIN,CHI,-0.27561033550770625,-0.1023628133159039,-0.3767879526362025,-0.048972473139874635,0.41975308641975306,81,81,46
2021,18,2021_18_CHI_MIN,MIN,0.1023628133159039,0.27561033550770625,0.32486300503457516,-0.16251836730156183,0.41304347826086957,46,46,81
2021,18,2021_18_CIN_CLE,CIN,-0.18257936687790421,0.007974874873448593,-0.33120263459536997,0.0981534721439756,0.28846153846153844,52,52,65
2021,18,2021_18_CIN_CLE,CLE,-0.007974874873448593,0.18257936687790421,-0.19124631000682712,0.10656977208491299,0.5230769230769231,65,65,52
2021,18,2021_18_DAL_PHI,DAL,0.6452812925838055,-0.09884500644422084,0.8958230885395796,0.39473949662803126,0.603448275862069,58,58,70
2021,18,2021_18_DAL_PHI,PHI,0.09884500644422084,-0.6452812925838055,0.04747535882853857,0.15984646298784355,0.4142857142857143,70,70,58
2021,18,2021_18_GB_DET,DET,0.180045345270233,-0.019824899323723326,0.3855341529849758,-0.09119988091322746,0.4827586206896552,58,58,67
2021,18,2021_18_GB_DET,GB,0.019824899323723326,-0.180045345270233,-0.0816177493585958,0.17011030477901093,0.5373134328358209,67,67,58
2021,18,2021_18_IND_JAX,IND,-0.2936732959266372,-0.0939225855264525,-0.3028566276821178,-0.2753066324156761,0.4074074074074074,54,54,61
2021,18,2021_18_IND_JAX,JAX,0.0939225855264525,0.2936732959266372,0.2458318821864767,-0.08511337125143319,0.4426229508196721,61,61,54
2021,18,2021_18_KC_DEN,DEN,0.03834095034296506,-0.23807392279014358,0.14701463994312283,-0.06257033285718146,0.48148148148148145,54,54,72
2021,18,2021_18_KC_DEN,KC,0.23807392279014358,-0.03834095034296506,0.26961898841029497,0.1854988134232246,0.5138888888888888,72,72,54
2021,18,2021_18_LAC_LV,LAC,0.12188391603155826,0.06963098001872434,0.23369264033849643,-0.2401633817242414,0.4157303370786517,89,89,74
2021,18,2021_18_LAC_LV,LV,-0.06963098001872434,-0.12188391603155826,-0.13092302867026992,0.00651974709380201,0.3783783783783784,74,74,89
2021,18,2021_18_NE_MIA,MIA,0.012981800112920175,0.06186448263158647,-0.11971084663567211,0.08395693674588814,0.4090909090909091,66,66,59
2021,18,2021_18_NE_MIA,NE,-0.06186448263158647,-0.012981800112920175,-0.16754906201739367,0.06339131515899983,0.576271186440678,59,59,66
2021,18,2021_18_NO_ATL,ATL,-0.2873038936581691,-0.14279298424566228,-0.411898122552047,0.08647879302346458,0.3333333333333333,48,48,70
2021,18,2021_18_NO_ATL,NO,0.14279298424566228,0.2873038936581691,0.49772343502530686,-0.05439059952080696,0.4714285714285714,70,70,48
2021,18,2021_18_NYJ_BUF,BUF,0.028372233809085688,0.5187687924215768,-0.007053140604447771,0.08269114124317033,0.40789473684210525,76,76,46
2021,18,2021_18_NYJ_BUF,NYJ,-0.5187687924215768,-0.028372233809085688,-0.6283987152495351,-0.33175304171505987,0.15217391304347827,46,46,76
2021,18,2021_18_PIT_BAL,BAL,-0.24044289881174438,0.0630210687531435,-0.49924126867400603,0.011166627443232232,0.38028169014084506,71,71,72
2021,18,2021_18_PIT_BAL,PIT,-0.0630210687531435,0.24044289881174438,0.06411728553098833,-0.27491832589336324,0.375,72,72,71
2021,18,2021_18_SEA_ARI,ARI,-0.02285908263016338,-0.18176256709474584,-0.08081879150323061,0.06822045988465655,0.4722222222222222,72,72,56
2021,18,2021_18_SEA_ARI,SEA,0.18176256709474584,0.02285908263016338,0.09722724317452792,0.26046786867563837,0.44642857142857145,56,56,72
2021,18,2021_18_SF_LA,LA,0.04084058348140496,-0.11108908055136343,0.3398199039337722,-0.3688718186199872,0.375,64,64,66
2021,18,2021_18_SF_LA,SF,0.11108908055136343,-0.04084058348140496,0.16752412076782588,0.04737209966180906,0.5151515151515151,66,66,64
2021,18,2021_18_TEN_HOU,HOU,0.18172281209266591,-0.26104177289185454,0.29636373211744815,-0.02463084395194206,0.4642857142857143,56,56,63
2021,18,2021_18_TEN_HOU,TEN,0.26104177289185454,-0.18172281209266591,0.5677438004641117,-0.07633045743762826,0.4444444444444444,63,63,56
2021,18,2021_18_WAS_NYG,NYG,-0.4534400133297668,0.028147211081878253,-0.5671101432372405,-0.29884863665560263,0.2711864406779661,59,59,59
2021,18,2021_18_WAS_NYG,WAS,-0.028147211081878253,0.4534400133297668,-0.37715491247920946,0.17937088164085924,0.4745762711864407,59,59,59
2022,1,2022_01_BAL_NYJ,BAL,0.0550539618546558,0.2012884673419006,0.13248913761330106,-0.07536317626516775,0.39215686274509803,51,51,79
2022,1,2022_01_BAL_NYJ,NYJ,-0.2012884673419006,-0.0550539618546558,-0.19196886798088536,-0.23527759442325025,0.379746835443038,79,79,51
2022,1,2022_01_BUF_LA,BUF,0.1753475096326811,0.2729326942990401,0.4135290183812887,-0.15215206489665434,0.5263157894736842,57,57,66
2022,1,2022_01_BUF_LA,LA,-0.2729326942990401,-0.1753475096326811,-0.34886360057403526,-0.07045027756571977,0.3939393939393939,66,66,57
2022,1,2022_01_CLE_CAR,CAR,0.01577582192292151,-0.015453683935361506,-0.0522136100062785,0.13286873246765485,0.3469387755102041,49,49,72
2022,1,2022_01_CLE_CAR,CLE,0.015453683935361506,-0.01577582192292151,-0.2221014412770789,0.21646186680742646,0.4166666666666667,72,72,49
2022,1,2022_01_DEN_SEA,DEN,0.08402912304516558,-0.02016844452216138,0.3445883114022909,-0.48920109134051015,0.484375,64,64,46
2022,1,2022_01_DEN_SEA,SEA,0.02016844452216138,-0.08402912304516558,0.07392450540720935,-0.08062416963730357,0.41304347826086957,46,46,64
2022,1,2022_01_GB_MIN,GB,-0.19153766553519466,-0.1285721177626178,-0.2844756793215527,0.03807389793698402,0.4576271186440678,59,59,61
2022,1,2022_01_GB_MIN,MIN,0.1285721177626178,0.19153766553519466,0.28097571384113834,-0.051046406187067205,0.4262295081967213,61,61,59
2022,1,2022_01_IND_HOU,HOU,-0.17563656043610912,0.009004778555213146,-0.16162094742720995,-0.19640043156040418,0.44776119402985076,67,67,90
2022,1,2022_01_IND_HOU,IND,-0.009004778555213146,0.17563656043610912,0.057784315016368576,-0.10040038028474603,0.4888888888888889,90,90,67
2022,1,2022_01_JAX_WAS,JAX,0.05514305543279859,-0.04759088740473532,-0.018325651015727987,0.23881482155411504,0.4603174603174603,63,63,69
2022,1,2022_01_JAX_WAS,WAS,0.04759088740473532,-0.05514305543279859,0.19658745958176652,-0.2146430796268396,0.4057971014492754,69,69,63
2022,1,2022_01_KC_ARI,ARI,0.007048831084379342,-0.42194901752294217,-0.026935221010754105,0.0766352234696526,0.40625,64,64,66
2022,1,2022_01_KC_ARI,KC,0.42194901752294217,-0.007048831084379342,0.740951865667246,-0.038832874241052195,0.5757575757575758,66,66,64
2022,1,2022_01_LV_LAC,LAC,0.08488462946652069,0.13955261937904465,0.4395166740799488,-0.3308908711147398,0.4603174603174603,63,63,57
2022,1,2022_01_LV_LAC,LV,-0.13955261937904465,-0.08488462946652069,-0.16585279428921618,-0.050536642760002554,0.42105263157894735,57,57,63
2022,1,2022_01_NE_MIA,MIA,0.0394089138947885,0.24661233195955953,0.16267586745634008,-0.17190586363929988,0.47368421052631576,57,57,53
2022,1,2022_01_NE_MIA,NE,-0.24661233195955953,-0.0394089138947885,-0.26347242405245197,-0.2209207630561044,0.4528301886792453,53,53,57
2022,1,2022_01_NO_ATL,ATL,-0.024763180108485335,-0.11551567159886544,-0.03204366776126812,-0.018632243137720873,0.5142857142857142,70,70,57
2022,1,2022_01_NO_ATL,NO,0.11551567159886544,0.024763180108485335,0.019464480299190356,0.29321037550326434,0.5087719298245614,57,57,70
2022,1,2022_01_NYG_TEN,NYG,0.018883001840735474,-0.028325708807812773,-0.25302844193463936,0.24135600129331491,0.45,60,60,59
2022,1,2022_01_NYG_TEN,TEN,0.028325708807812773,-0.018883001840735474,0.231066081976073,-0.22899861098267138,0.423728813559322,59,59,60
2022,1,2022_01_PHI_DET,DET,0.12459697138715106,-0.28102487921155195,-0.055580948478707703,0.3781807104576189,0.4307692307692308,65,65,71
2022,1,2022_01_PHI_DET,PHI,0.28102487921155195,-0.12459697138715106,0.10849468270947189,0.43085373406862154,0.5352112676056338,71,71,65
2022,1,2022_01_PIT_CIN,CIN,-0.2176621978606619,0.13268610514139922,-0.26435561394315993,-0.1338887160655919,0.3684210526315789,95,95,59
2022,1,2022_01_PIT_CIN,PIT,-0.13268610514139922,0.2176621978606619,-0.14534086008828662,-0.1097870247613173,0.3389830508474576,59,59,95
2022,1,2022_01_SF_CHI,CHI,-0.049831176343602394,0.1644976454722218,-0.08924660312109872,-0.027804908438530916,0.3018867924528302,53,53,67
2022,1,2022_01_SF_CHI,SF,-0.1644976454722218,0.049831176343602394,-0.3040780652786843,-0.05132433211563055,0.417910447761194,67,67,53
2022,1,2022_01_TB_DAL,DAL,-0.3427635913189204,-0.013678611515836714,-0.4357245552813107,-0.09122215942068793,0.38095238095238093,63,63,60
2022,1,2022_01_TB_DAL,TB,0.013678611515836714,0.3427635913189204,0.03623632947497419,-0.007423769800775777,0.5,60,60,63
2022,2,2022_02_ARI_LV,ARI,0.03151987762685458,0.08002786385973491,-0.1542101945147676,0.3581486251862592,0.5,80,80,61
2022,2,2022_02_ARI_LV,LV,-0.08002786385973491,-0.03151987762685458,-0.09171721014324814,-0.057762442367328776,0.45901639344262296,61,61,80
2022,2,2022_02_ATL_LA,ATL,-0.15120273065489084,-0.011383609037427536,-0.055572981630166454,-0.25745800734902907,0.43859649122807015,57,57,63
2022,2,2022_02_ATL_LA,LA,0.011383609037427536,0.15120273065489084,0.03727598727077071,-0.025463236910022367,0.5555555555555556,63,63,57
2022,2,2022_02_CAR_NYG,CAR,-0.04787813656802849,0.13796997981971235,-0.32831431110515424,0.33010105519940186,0.4444444444444444,54,54,68
2022,2,2022_02_CAR_NYG,NYG,-0.13796997981971235,0.04787813656802849,-0.07196261536907804,-0.2167529631962759,0.3235294117647059,68,68,54
2022,2,2022_02_CHI_GB,CHI,-0.07653392410386697,-0.20902867413412993,-0.45886360105942003,0.12171109357679015,0.4146341463414634,41,41,65
2022,2,2022_02_CHI_GB,GB,0.20902867413412993,0.07653392410386697,0.411859676831031,0.05553494236350211,0.5538461538461539,65,65,41
2022,2,2022_02_CIN_DAL,CIN,0.04414751609475553,0.0029012182909171702,0.021625527947625504,0.08449941152503015,0.3880597014925373,67,67,58
2022,2,2022_02_CIN_DAL,DAL,-0.0029012182909171702,-0.04414751609475553,0.08536886438508305,-0.10424835025225077,0.39655172413793105,58,58,67
2022,2,2022_02_HOU_DEN,DEN,-0.02032820669429555,0.18178279347663764,0.009114687007091981,-0.05369681955586809,0.359375,64,64,58
2022,2,2022_02_HOU_DEN,HOU,-0.18178279347663764,0.02032820669429555,-0.2793885113378708,0.0536192319533952,0.3620689655172414,58,58,64
2022,2,2022_02_IND_JAX,IND,-0.43709405438191123,-0.11092284473388647,-0.5814055306387932,-0.0485631567672289,0.2708333333333333,48,48,66
2022,2,2022_02_IND_JAX,JAX,0.11092284473388647,0.43709405438191123,0.5852366048153697,-0.28433862200068283,0.4393939393939394,66,66,48
2022,2,2022_02_LAC_KC,KC,0.08408256448496625,-0.009095565450287049,0.13452731268118587,-0.029418118956527906,0.4423076923076923,52,52,73
2022,2,2022_02_LAC_KC,LAC,0.009095565450287049,-0.08408256448496625,-0.018437967855597107,0.06895107263699174,0.4931506849315068,73,73,52
2022,2,2022_02_MIA_BAL,BAL,0.26735856945466424,-0.44830273251400155,0.614845829756785,-0.13572665249579585,0.4444444444444444,54,54,69
2022,2,2022_02_MIA_BAL,MIA,0.44830273251400155,-0.26735856945466424,0.5273229019498389,0.22441225244579577,0.5362318840579711,69,69,54
2022,2,2022_02_MIN_PHI,MIN,-0.21364269849560144,-0.24681618754671047,-0.2919196286178097,0.1279293602194891,0.4745762711864407,59,59,68
2022,2,2022_02_MIN_PHI,PHI,0.24681618754671047,0.21364269849560144,0.34853515592811835,0.1450972191653027,0.5147058823529411,68,68,59
2022,2,2022_02_NE_PIT,NE,0.14168396033447173,0.06259911899920094,0.14782654911493875,0.13400572435888794,0.49206349206349204,63,63,59
2022,2,2022_02_NE_PIT,PIT,-0.06259911899920094,-0.14168396033447173,-0.12904218718798957,0.049146041136488995,0.4406779661016949,59,59,63
2022,2,2022_02_NYJ_CLE,CLE,0.2938547862046348,-0.2747308459646171,0.49470855886596105,0.1376351852458255,0.515625,64,64,66
2022,2,2022_02_NYJ_CLE,NYJ,0.2747308459646171,-0.2938547862046348,0.3437065409798577,0.10410675829533782,0.45454545454545453,66,66,64
2022,2,2022_02_SEA_SF,SEA,-0.35276488574008713,-0.028184325514091085,-0.38742424976733286,-0.2710678133901508,0.40425531914893614,47,47,70
2022,2,2022_02_SEA_SF,SF,0.028184325514091085,0.35276488574008713,0.06444216089858522,0.008041083633816568,0.38571428571428573,70,70,47
2022,2,2022_02_TB_NO,NO,-0.4048921118082357,0.26266335978457184,-0.45539877625077674,-0.2887267835903913,0.3939393939393939,66,66,63
2022,2,2022_02_TB_NO,TB,-0.26266335978457184,0.4048921118082357,0.06939162787030241,-0.6777320943531647,0.2857142857142857,63,63,66
2022,2,2022_02_TEN_BUF,BUF,0.22617654883334934,0.38024678361769065,0.34951740421120286,-0.00368595437083224,0.4444444444444444,63,63,53
2022,2,2022_02_TEN_BUF,TEN,-0.38024678361769065,-0.22617654883334934,-0.5182419070982948,-0.24736259063636815,0.39622641509433965,53,53,63
2022,2,2022_02_WAS_DET,DET,0.0594130003654971,-0.050606037486533355,0.032987381680208004,0.10385608633621057,0.3728813559322034,59,59,74
2022,2,2022_02_WAS_DET,WAS,0.050606037486533355,-0.0594130003654971,0.04617124156453559,0.06179861767062297,0.40540540540540543,74,74,59
2022,3,2022_03_ATL_SEA,ATL,0.31956693503815153,-0.19240257909789435,0.6492022057274893,0.05813206518109053,0.5192307692307693,52,52,69
2022,3,2022_03_ATL_SEA,SEA,0.19240257909789435,-0.31956693503815153,0.2583158531988695,0.06057603089594404,0.5652173913043478,69,69,52
2022,3,2022_03_BAL_NE,BAL,0.2222306258402619,-0.0043066098013196386,0.04212531042495581,0.480642600131788,0.5,56,56,64
2022,3,2022_03_BAL_NE,NE,0.0043066098013196386,-0.2222306258402619,-0.11511548845439387,0.15784930755866558,0.453125,64,64,56
2022,3,2022_03_BUF_MIA,BUF,0.10848552404572066,-0.13401253839271168,0.09623163633039881,0.1436488540114268,0.5168539325842697,89,89,39
2022,3,2022_03_BUF_MIA,MIA,0.13401253839271168,-0.10848552404572066,0.3092828837477348,-0.09280790853731827,0.4358974358974359,39,39,89
2022,3,2022_03_CIN_NYJ,CIN,0.05846303982422998,0.32115505356963847,0.311788403000394,-0.31178172174093277,0.453125,64,64,76
2022,3,2022_03_CIN_NYJ,NYJ,-0.32115505356963847,-0.05846303982422998,-0.4185483200470631,-0.04845390743284952,0.3684210526315789,76,76,64
2022,3,2022_03_DAL_NYG,DAL,0.18295199035866067,0.06829858489149461,0.10926111541496725,0.2645383161891784,0.4915254237288136,59,59,67
2022,3,2022_03_DAL_NYG,NYG,-0.06829858489149461,-0.18295199035866067,-0.27829347745242267,0.2844928346108645,0.44776119402985076,67,67,59
2022,3,2022_03_DET_MIN,DET,0.0439191911278086,0.016842021547566744,0.19428257601553334,-0.1279246773153054,0.4266666666666667,75,75,65
2022,3,2022_03_DET_MIN,MIN,-0.016842021547566744,-0.0439191911278086,-0.017995483198369085,-0.014871524560779411,0.5384615384615384,65,65,75
2022,3,2022_03_GB_TB,GB,-0.10004049731360283,0.20393332258251073,0.020293168644356128,-0.28054099625054124,0.4,60,60,59
2022,3,2022_03_GB_TB,TB,-0.20393332258251073,0.10004049731360283,-0.1688145341921487,-0.3281998045791764,0.4067796610169492,59,59,60
2022,3,2022_03_HOU_CHI,CHI,-0.02850308593127564,0.09492579514071607,-0.3511408944151999,0.15828722424362787,0.4,60,60,57
2022,3,2022_03_HOU_CHI,HOU,-0.09492579514071607,0.02850308593127564,-0.1739055110994064,0.013671314302483176,0.40350877192982454,57,57,60
2022,3,2022_03_JAX_LAC,JAX,0.21725349344201023,0.25573101947112975,0.36816499282987153,0.03971055298570275,0.5,74,74,58
2022,3,2022_03_JAX_LAC,LAC,-0.25573101947112975,-0.21725349344201023,-0.19690906885293638,-0.4812151635075376,0.3793103448275862,58,58,74
2022,3,2022_03_KC_IND,IND,-0.16078316734729067,-0.03540423328096874,-0.0960950283611713,-0.2652793918633296,0.4264705882352941,68,68,61
2022,3,2022_03_KC_IND,KC,0.03540423328096874,0.16078316734729067,0.11060036256506298,-0.08883284988405649,0.4098360655737705,61,61,68
2022,3,2022_03_LA_ARI,ARI,-0.03673337835800609,-0.22357499348702933,-0.08078980769450876,0.08914213403200154,0.3950617283950617,81,81,44
2022,3,2022_03_LA_ARI,LA,0.22357499348702933,0.03673337835800609,0.3886411767218242,-0.014853937852118785,0.5227272727272727,44,44,81
2022,3,2022_03_LV_TEN,LV,0.10030708317132889,-0.18695553351547128,0.11547331659090422,0.06279061102816884,0.42424242424242425,66,66,53
2022,3,2022_03_LV_TEN,TEN,0.18695553351547128,-0.10030708317132889,0.43570647076038377,-0.09164551619883067,0.5094339622641509,53,53,66
2022,3,2022_03_NO_CAR,CAR,-0.12832596496510373,0.061465497048307685,-0.170876383563994,-0.08989332881126734,0.3220338983050847,59,59,64
2022,3,2022_03_NO_CAR,NO,-0.061465497048307685,0.12832596496510373,0.1886937915105737,-0.5390423206607177,0.46875,64,64,59
2022,3,2022_03_PHI_WAS,PHI,0.02954783874592893,0.3102656599314635,0.4054228374442702,-0.4805682309161057,0.36363636363636365,66,66,75
2022,3,2022_03_PHI_WAS,WAS,-0.3102656599314635,-0.02954783874592893,-0.4082860961682163,-0.07412551808837717,0.36,75,75,66
2022,3,2022_03_PIT_CLE,CLE,0.111584052411809,0.03677863704445017,0.04410096751691621,0.17018778403105803,0.4788732394366197,71,71,55
2022,3,2022_03_PIT_CLE,PIT,-0.03677863704445017,-0.111584052411809,-0.25101365401504966,0.2845738884114491,0.4909090909090909,55,55,71
2022,3,2022_03_SF_DEN,DEN,-0.2452642480312272,0.3027737840938032,-0.309733418581528,-0.16360329866751291,0.29411764705882354,68,68,52
2022,3,2022_03_SF_DEN,SF,-0.3027737840938032,0.2452642480312272,-0.279809575312648,-0.34265898881896745,0.40384615384615385,52,52,68
2022,4,2022_04_ARI_CAR,ARI,-0.06127473131082912,0.47032009556721255,-0.04486422985950679,-0.07768523276215145,0.45588235294117646,68,68,52
2022,4,2022_04_ARI_CAR,CAR,-0.47032009556721255,0.06127473131082912,-0.341358127599989,-0.8572059994688831,0.36538461538461536,52,52,68
2022,4,2022_04_BUF_BAL,BAL,-0.04096466753304692,-0.025156954761874798,-0.29727731166054333,0.2073382064654652,0.47619047619047616,63,63,60
2022,4,2022_04_BUF_BAL,BUF,0.025156954761874798,0.04096466753304692,0.05560059848296394,-0.023817602528572974,0.5,60,60,63
2022,4,2022_04_CHI_NYG,CHI,-0.08936706419416746,-0.07097742197445628,-0.208593028641697,0.014955654697420884,0.31666666666666665,60,60,61
2022,4,2022_04_CHI_NYG,NYG,0.07097742197445628,0.08936706419416746,-0.1576422264915891,0.1593077406999738,0.4098360655737705,61,61,60
2022,4,2022_04_CLE_ATL,ATL,0.0366911777182564,-0.05238017793338429,-0.25671529046374697,0.22007022033200851,0.46153846153846156,52,52,71
2022,4,2022_04_CLE_ATL,CLE,0.05238017793338429,-0.0366911777182564,-0.16503082036741937,0.27600291904278235,0.4507042253521127,71,71,52
2022,4,2022_04_DEN_LV,DEN,-0.19114176568291388,-0.038283962027958765,-0.03663678484424098,-0.407448738857056,0.3125,48,48,72
2022,4,2022_04_DEN_LV,LV,0.038283962027958765,0.19114176568291388,-0.09201829575781537,0.1685862198137329,0.4583333333333333,72,72,48
2022,4,2022_04_JAX_PHI,JAX,-0.33079342738441797,0.034602288691908976,-0.3293429604468488,-0.332854617243069,0.41304347826086957,46,46,75
2022,4,2022_04_JAX_PHI,PHI,-0.034602288691908976,0.33079342738441797,-0.4317962281109688,0.2020238879832756,0.4533333333333333,75,75,46
2022,4,2022_04_KC_TB,KC,0.2498795734992139,-0.14037069031283156,0.21489672425334866,0.28769886998123034,0.5454545454545454,77,77,59
2022,4,2022_04_KC_TB,TB,0.14037069031283156,-0.2498795734992139,0.1794591345063111,-0.20491056672957106,0.559322033898305,59,59,77
2022,4,2022_04_LAC_HOU,HOU,-0.06782940671430186,-0.24989994742363172,-0.22343479382038675,0.3656427430812203,0.32075471698113206,53,53,63
2022,4,2022_04_LAC_HOU,LAC,0.24989994742363172,0.06782940671430186,0.4180048704504845,-0.04245644044915579,0.42857142857142855,63,63,53
2022,4,2022_04_LA_SF,LA,-0.21961697816208126,-0.1959491493081515,-0.23337379259360785,-0.1775822673990832,0.4246575342465753,73,73,49
2022,4,2022_04_LA_SF,SF,0.1959491493081515,0.21961697816208126,0.3966561171167483,-0.05037303845694458,0.3469387755102041,49,49,73
2022,4,2022_04_MIA_CIN,CIN,0.11386512566501049,0.03808543782871503,0.49618587990074736,-0.35341579617866786,0.43333333333333335,60,60,60
2022,4,2022_04_MIA_CIN,MIA,-0.03808543782871503,-0.11386512566501049,-0.03344916373050342,-0.04609354763471691,0.4166666666666667,60,60,60
2022,4,2022_04_MIN_NO,MIN,-0.015531470083021491,-0.17614184496876686,0.04541964600906712,-0.11792934511773037,0.417910447761194,67,67,58
2022,4,2022_04_MIN_NO,NO,0.17614184496876686,0.015531470083021491,0.2447425158024543,0.09737811178934795,0.603448275862069,58,58,67
2022,4,2022_04_NE_GB,GB,0.011943958853034148,-0.02252976885240495,-0.12628035666965098,0.15411754053351032,0.4647887323943662,71,71,58
2022,4,2022_04_NE_GB,NE,0.02252976885240495,-0.011943958853034148,-0.2754214748052313,0.2482504079869779,0.5344827586206896,58,58,71
2022,4,2022_04_NYJ_PIT,NYJ,0.03747778550577295,0.0803910896106529,0.061771620062335754,0.0056444850523458346,0.3880597014925373,67,67,60
2022,4,2022_04_NYJ_PIT,PIT,-0.0803910896106529,-0.03747778550577295,-0.1795650214595397,0.012384524054434751,0.43333333333333335,60,60,67
2022,4,2022_04_SEA_DET,DET,0.2653960571749985,-0.5991196454990413,0.2894418511650934,0.22655285149869114,0.4411764705882353,68,68,61
2022,4,2022_04_SEA_DET,SEA,0.5991196454990413,-0.2653960571749985,0.7005987844498148,0.500914027159583,0.5737704918032787,61,61,68
2022,4,2022_04_TEN_IND,IND,-0.08042609310693909,-0.042360857692872476,0.21878624863439863,-0.6007953830918743,0.36507936507936506,63,63,49
2022,4,2022_04_TEN_IND,TEN,0.042360857692872476,0.08042609310693909,-0.01063048704577311,0.09323254864197224,0.46938775510204084,49,49,63
2022,4,2022_04_WAS_DAL,DAL,-0.18321254073436302,0.2654656311850215,0.05877598948968553,-0.41685663888172025,0.3333333333333333,57,57,71
2022,4,2022_04_WAS_DAL,WAS,-0.2654656311850215,0.18321254073436302,-0.39541194879655334,-0.05370126174400664,0.29577464788732394,71,71,57
2022,5,2022_05_ATL_TB,ATL,0.08305232547361355,-0.14671293680510988,-0.04603386912204303,0.21213852006927011,0.41935483870967744,62,62,73
2022,5,2022_05_ATL_TB,TB,0.14671293680510988,-0.08305232547361355,0.2649545245645678,-0.1666272707574535,0.5342465753424658,73,73,62
2022,5,2022_05_CHI_MIN,CHI,0.010697448513938316,-0.23391332682083343,0.08821199914760187,-0.06681710211972526,0.375,48,48,72
2022,5,2022_05_CHI_MIN,MIN,0.23391332682083343,-0.010697448513938316,0.32720623224346024,0.09558246705624886,0.5833333333333334,72,72,48
2022,5,2022_05_CIN_BAL,BAL,-0.04439922514955973,0.06549382248959415,-0.17191908588922625,0.11145838242114381,0.4666666666666667,60,60,59
2022,5,2022_05_CIN_BAL,CIN,-0.06549382248959415,0.04439922514955973,-0.18312596496888398,0.14736434009197788,0.4576271186440678,59,59,60
2022,5,2022_05_DAL_LA,DAL,-0.11900481836203274,0.2722966303482012,-0.35092655338551476,0.018698711808159713,0.37254901960784315,51,51,64
2022,5,2022_05_DAL_LA,LA,-0.2722966303482012,0.11900481836203274,-0.24968629230620457,-0.34615706795205675,0.34375,64,64,51
2022,5,2022_05_DET_NE,DET,-0.43640093778958544,-0.07853753437950581,-0.5593506639817025,-0.26143401974695735,0.38095238095238093,63,63,54
2022,5,2022_05_DET_NE,NE,0.07853753437950581,0.43640093778958544,0.31220670069677736,-0.07016102600421247,0.42592592592592593,54,54,63
2022,5,2022_05_HOU_JAX,HOU,-0.06285472684516197,0.11049421151237684,-0.10075949229094135,-0.031267422307012474,0.4,55,55,72
2022,5,2022_05_HOU_JAX,JAX,-0.11049421151237684,0.06285472684516197,-0.16908225835950627,-0.006838436321301673,0.4166666666666667,72,72,55
2022,5,2022_05_IND_DEN,DEN,-0.2108313875361938,0.20383723911985088,-0.3024403149373859,-0.05932431529576066,0.4057971014492754,69,69,72
2022,5,2022_05_IND_DEN,IND,-0.20383723911985088,0.2108313875361938,-0.23988584430512389,-0.14005893763821403,0.375,72,72,69
2022,5,2022_05_LAC_CLE,CLE,0.1754443653957438,-0.292535686338161,0.2055142230494125,0.14246452151752648,0.49230769230769234,65,65,67
2022,5,2022_05_LAC_CLE,LAC,0.292535686338161,-0.1754443653957438,0.12643317392638845,0.47421030928853725,0.4626865671641791,67,67,65
2022,5,2022_05_LV_KC,KC,0.20406789769172973,-0.16740375114212014,0.29527076262654867,0.009225413512798365,0.5072463768115942,69,69,57
2022,5,2022_05_LV_KC,LV,0.16740375114212014,-0.20406789769172973,0.21199167582913872,0.11033120754273637,0.42105263157894735,57,57,69
2022,5,2022_05_MIA_NYJ,MIA,-0.21674913976685237,-0.1364157208947947,-0.4972596216251929,0.1716499889600807,0.5,62,62,53
2022,5,2022_05_MIA_NYJ,NYJ,0.1364157208947947,0.21674913976685237,0.03818354306307843,0.21172705723244387,0.4716981132075472,53,53,62
2022,5,2022_05_NYG_GB,GB,0.06511477674615081,-0.2834103941296799,0.0687924517680607,0.05757554295123555,0.5081967213114754,61,61,56
2022,5,2022_05_NYG_GB,NYG,0.2834103941296799,-0.06511477674615081,0.4781074420782415,0.08871334618111824,0.5178571428571429,56,56,61
2022,5,2022_05_PHI_ARI,ARI,0.10111711209759514,-0.142591009007342,0.16825996837882068,-0.004762007422798958,0.47761194029850745,67,67,70
2022,5,2022_05_PHI_ARI,PHI,0.142591009007342,-0.10111711209759514,0.0987984752470129,0.19459464284773276,0.6,70,70,67
2022,5,2022_05_PIT_BUF,BUF,0.4031078061756918,0.12204620994325663,0.3848220914167796,0.44699352159708117,0.49019607843137253,51,51,72
2022,5,2022_05_PIT_BUF,PIT,-0.12204620994325663,-0.4031078061756918,-0.04068448035599613,-0.3852753350785112,0.4166666666666667,72,72,51
2022,5,2022_05_SEA_NO,NO,0.09310855429365922,0.0025057970287315533,-0.02383145542072534,0.16220946912488646,0.45714285714285713,70,70,50
2022,5,2022_05_SEA_NO,SEA,-0.0025057970287315533,-0.09310855429365922,0.0714540244432794,-0.10464078858531811,0.36,50,50,70
2022,5,2022_05_SF_CAR,CAR,-0.1747454370182248,-0.26779079334574496,-0.24733829871430846,0.018835527504664953,0.36363636363636365,66,66,59
2022,5,2022_05_SF_CAR,SF,0.26779079334574496,0.1747454370182248,0.42554480784057724,0.0808230724629808,0.4915254237288136,59,59,66
2022,5,2022_05_TEN_WAS,TEN,-0.017048612770233906,0.04586804877158726,-0.019450461081578396,-0.014796879978348443,0.4032258064516129,62,62,57
2022,5,2022_05_TEN_WAS,WAS,-0.04586804877158726,0.017048612770233906,0.01594330906859463,-0.20425965323705336,0.40350877192982454,57,57,62
2022,6,2022_06_ARI_SEA,ARI,-0.20328896572878288,0.19058264973341846,-0.27145991265079555,-0.09859786866997768,0.323943661971831,71,71,66
2022,6,2022_06_ARI_SEA,SEA,-0.19058264973341846,0.20328896572878288,-0.1751309454947584,-0.2091246948198105,0.4090909090909091,66,66,71
2022,6,2022_06_BAL_NYG,BAL,0.12312934553408315,-0.12714391382464668,-0.0468203362633001,0.3638913947470428,0.4827586206896552,58,58,59
2022,6,2022_06_BAL_NYG,NYG,0.12714391382464668,-0.12312934553408315,0.32871887495351215,-0.09602836456802574,0.4745762711864407,59,59,58
2022,6,2022_06_BUF_KC,BUF,0.11995593969191766,-0.04719999668306952,0.2722001604689934,-0.09528588968256874,0.4857142857142857,70,70,61
2022,6,2022_06_BUF_KC,KC,0.04719999668306952,-0.11995593969191766,0.10187733174773422,-0.08341808152696285,0.3770491803278688,61,61,70
2022,6,2022_06_CAR_LA,CAR,-0.3516853978903985,-0.00806607042804436,-0.5629362244995187,-0.10874694728991016,0.32558139534883723,43,43,61
2022,6,2022_06_CAR_LA,LA,0.00806607042804436,0.3516853978903985,0.08971102797444552,-0.09474609833409044,0.4426229508196721,61,61,43
2022,6,2022_06_CIN_NO,CIN,0.2830284896262563,-0.10855099157775999,0.23881794530686223,0.4224617447874222,0.5925925925925926,54,54,71
2022,6,2022_06_CIN_NO,NO,0.10855099157775999,-0.2830284896262563,0.10025202645142683,0.11758221833288725,0.4647887323943662,71,71,54
2022,6,2022_06_DAL_PHI,DAL,-0.06443290033002354,-0.01573532373422618,-0.22058020785210894,0.16378239527917826,0.4375,64,64,67
2022,6,2022_06_DAL_PHI,PHI,0.01573532373422618,0.06443290033002354,0.11165096842009446,-0.05746345773656804,0.44776119402985076,67,67,64
2022,6,2022_06_DEN_LAC,DEN,-0.1531967602636637,0.16049899732753822,-0.21333257949450737,-0.06952953350770733,0.34545454545454546,55,55,83
2022,6,2022_06_DEN_LAC,LAC,-0.16049899732753822,0.1531967602636637,-0.26656249375553404,0.1002404313912848,0.3614457831325301,83,83,55
2022,6,2022_06_JAX_IND,IND,0.20664738873821617,-0.19785025481788948,0.2832266951044123,-0.059127851003287914,0.47368421052631576,76,76,59
2022,6,2022_06_JAX_IND,JAX,0.19785025481788948,-0.20664738873821617,0.012169587231327402,0.3545183180940512,0.559322033898305,59,59,76
2022,6,2022_06_MIN_MIA,MIA,-0.12849024523172192,0.10876731313376067,-0.0895216657934023,-0.23370540971518494,0.4189189189189189,74,74,49
2022,6,2022_06_MIN_MIA,MIN,-0.10876731313376067,0.12849024523172192,-0.1316025349977931,-0.057007476908620444,0.3673469387755102,49,49,74
2022,6,2022_06_NE_CLE,CLE,-0.2824056561000697,-0.16630383566124352,-0.23223217813100436,-0.42177642823636236,0.3088235294117647,68,68,62
2022,6,2022_06_NE_CLE,NE,0.16630383566124352,0.2824056561000697,0.23357887197905328,0.0731537853750454,0.3870967741935484,62,62,68
2022,6,2022_06_NYJ_GB,GB,-0.341967858850496,-0.029554817810577685,-0.3338701842257684,-0.3618071616810787,0.43478260869565216,69,69,50
2022,6,2022_06_NYJ_GB,NYJ,0.029554817810577685,0.341967858850496,-0.19091748704629166,0.1765363543818239,0.4,50,50,69
2022,6,2022_06_SF_ATL,ATL,0.12233446610272429,0.12068417551518794,0.32557140391872963,0.041039690976322166,0.5,56,56,57
2022,6,2022_06_SF_ATL,SF,-0.12068417551518794,-0.12233446610272429,0.08693107519094355,-0.6526982554496499,0.5263157894736842,57,57,56
2022,6,2022_06_TB_PIT,PIT,0.030029905490964164,-0.07145102755080304,0.23677742507719124,-0.21500419179641608,0.423728813559322,59,59,68
2022,6,2022_06_TB_PIT,TB,0.07145102755080304,-0.030029905490964164,0.1872844101636493,-0.11566443666994858,0.5,68,68,59
2022,6,2022_06_WAS_CHI,CHI,-0.11170307083048628,0.10838856358584541,-0.4493431214841621,0.1803099459510712,0.42028985507246375,69,69,54
2022,6,2022_06_WAS_CHI,WAS,-0.10838856358584541,0.11170307083048628,-0.343030859915859,0.10949356872059582,0.3888888888888889,54,54,69
2022,7,2022_07_ATL_CIN,ATL,0.014753206197767415,-0.4213073721974909,0.06905197376181604,-0.015204734527224931,0.37777777777777777,45,45,65
2022,7,2022_07_ATL_CIN,CIN,0.4213073721974909,-0.014753206197767415,0.6005697765846788,0.017966962326318024,0.5692307692307692,65,65,45
2022,7,2022_07_CHI_NE,CHI,0.13758589141414374,0.2478305461836305,0.09565166710151227,0.16141215522813887,0.5362318840579711,69,69,47
2022,7,2022_07_CHI_NE,NE,-0.2478305461836305,-0.13758589141414374,-0.28081745753096865,-0.1946849667906968,0.40425531914893614,47,47,69
2022,7,2022_07_CLE_BAL,BAL,-0.07219662671406833,-0.07629365208537878,-0.22480329955540174,-0.004765771272548929,0.43548387096774194,62,62,56
2022,7,2022_07_CLE_BAL,CLE,0.07629365208537878,0.07219662671406833,0.01196316676250593,0.16206763251587594,0.48214285714285715,56,56,62
2022,7,2022_07_DET_DAL,DAL,0.02708318663726951,0.28810660438965374,0.16446590452580023,-0.09656125946240814,0.5263157894736842,57,57,56
2022,7,2022_07_DET_DAL,DET,-0.28810660438965374,-0.02708318663726951,-0.21410426987868095,-0.3798694991832599,0.48214285714285715,56,56,57
2022,7,2022_07_GB_WAS,GB,-0.0967157676767902,0.05818335264887653,-0.0832852019555182,-0.13476903722039424,0.391304347826087,46,46,72
2022,7,2022_07_GB_WAS,WAS,-0.05818335264887653,0.0967157676767902,-0.03213836587380875,-0.08148676186867401,0.3472222222222222,72,72,46
2022,7,2022_07_HOU_LV,HOU,0.05753195442311215,-0.3242354485781465,0.0731550042605898,0.029002906893805157,0.46153846153846156,65,65,53
2022,7,2022_07_HOU_LV,LV,0.3242354485781465,-0.05753195442311215,0.4353576584847389,0.199778573482763,0.5849056603773585,53,53,65
2022,7,2022_07_IND_TEN,IND,-0.21598997737434378,0.1178125326343628,-0.2727817970196756,-0.05897729953136753,0.484375,64,64,55
2022,7,2022_07_IND_TEN,TEN,-0.1178125326343628,0.21598997737434378,0.15968994262434533,-0.3028141828068349,0.38181818181818183,55,55,64
2022,7,2022_07_KC_SF,KC,0.6038655928600665,-0.054382279731297604,0.7550278213740377,0.29314323424801436,0.5818181818181818,55,55,71
2022,7,2022_07_KC_SF,SF,0.054382279731297604,-0.6038655928600665,0.04948749059672965,0.0668639920244459,0.4788732394366197,71,71,55
2022,7,2022_07_NO_ARI,ARI,0.1432535602347589,-0.03130387127892485,0.08913979303860974,0.20296530334775112,0.45901639344262296,61,61,70
2022,7,2022_07_NO_ARI,NO,0.03130387127892485,-0.1432535602347589,0.05642393169172581,-0.02730960301761072,0.5428571428571428,70,70,61
2022,7,2022_07_NYG_JAX,JAX,0.13958950351242885,-0.16958020949109068,0.25039932654081604,-0.08203014254434543,0.45454545454545453,66,66,70
2022,7,2022_07_NYG_JAX,NYG,0.16958020949109068,-0.13958950351242885,0.0595590066893285,0.2570329604360811,0.5285714285714286,70,70,66
2022,7,2022_07_NYJ_DEN,DEN,-0.1639983559470916,0.1398048411953912,-0.2719294022859858,0.017171614693195027,0.3333333333333333,75,75,52
2022,7,2022_07_NYJ_DEN,NYJ,-0.1398048411953912,0.1639983559470916,-0.36938655449093544,0.14966775382942551,0.3269230769230769,52,52,75
2022,7,2022_07_PIT_MIA,MIA,-0.032481408184820655,0.09683088584517058,0.15919804696098958,-0.2905114439580267,0.4262295081967213,61,61,68
2022,7,2022_07_PIT_MIA,PIT,-0.09683088584517058,0.032481408184820655,-0.1238475359572447,-0.04397222258241685,0.4117647058823529,68,68,61
2022,7,2022_07_SEA_LAC,LAC,-0.24374388659835214,-0.12802792367268181,-0.19239539312009044,-0.4285984631200942,0.36231884057971014,69,69,61
2022,7,2022_07_SEA_LAC,SEA,0.12802792367268181,0.24374388659835214,0.15746105485062745,0.10135414854266855,0.4426229508196721,61,61,69
2022,7,2022_07_TB_CAR,CAR,0.13568357801879757,0.15481061373272953,0.2290815000027499,0.05612238521765297,0.38,50,50,66
2022,7,2022_07_TB_CAR,TB,-0.15481061373272953,-0.13568357801879757,-0.047510646547564706,-0.4901230111863697,0.3787878787878788,66,66,50
2022,8,2022_08_ARI_MIN,ARI,-0.07119049416666723,-0.010338986775927412,-0.04213231852932,-0.13459015010269756,0.44285714285714284,70,70,68
2022,8,2022_08_ARI_MIN,MIN,0.010338986775927412,0.07119049416666723,-0.08182080873046929,0.1342780221121161,0.5,68,68,70
2022,8,2022_08_BAL_TB,BAL,0.14267506381885342,-0.06802189239174203,0.024059392177302165,0.2957275433563389,0.5211267605633803,71,71,62
2022,8,2022_08_BAL_TB,TB,0.06802189239174203,-0.14267506381885342,0.11823854790245365,-0.07635099220155392,0.45161290322580644,62,62,71
2022,8,2022_08_CAR_ATL,ATL,0.035043804763976,-0.0921023403154796,0.20780196608277599,-0.10892132966835733,0.45454545454545453,66,66,74
2022,8,2022_08_CAR_ATL,CAR,0.0921023403154796,-0.035043804763976,0.036591728004018394,0.1476129526269408,0.44594594594594594,74,74,66
2022,8,2022_08_CHI_DAL,CHI,0.007954109350661471,-0.44670804118928076,-0.36382926710894786,0.26733786036899354,0.410958904109589,73,73,55
2022,8,2022_08_CHI_DAL,DAL,0.44670804118928076,-0.007954109350661471,0.5259174032377943,0.36456499906489626,0.5636363636363636,55,55,73
2022,8,2022_08_CIN_CLE,CIN,-0.1748590855884175,-0.21027538728454978,-0.23119714039224143,0.05049313362687826,0.44,50,50,67
2022,8,2022_08_CIN_CLE,CLE,0.21027538728454978,0.1748590855884175,0.374751446373806,0.11847479616496495,0.5671641791044776,67,67,50
2022,8,2022_08_DEN_JAX,DEN,0.019854937842076956,0.09790961897111976,0.08643862638837163,-0.05624070621083125,0.45,60,60,65
2022,8,2022_08_DEN_JAX,JAX,-0.09790961897111976,-0.019854937842076956,-0.4226823704289748,0.2370122809697932,0.46153846153846156,65,65,60
2022,8,2022_08_GB_BUF,BUF,0.12410890126609272,-0.061240134637829034,0.022615468117656096,0.22950592799716155,0.5094339622641509,53,53,63
2022,8,2022_08_GB_BUF,GB,0.061240134637829034,-0.12410890126609272,-0.04375085970246372,0.1696179352471635,0.47619047619047616,63,63,53
2022,8,2022_08_LV_NO,LV,-0.3778623402224515,-0.14654594202664292,-0.3200450925113157,-0.5850408111873548,0.32727272727272727,55,55,63
2022,8,2022_08_LV_NO,NO,0.14654594202664292,0.3778623402224515,0.30442264574740946,-0.006397114702849649,0.5238095238095238,63,63,55
2022,8,2022_08_MIA_DET,DET,0.19159991434675136,-0.34675434377491426,0.2287105019129862,0.1173787392142817,0.543859649122807,57,57,61
2022,8,2022_08_MIA_DET,MIA,0.34675434377491426,-0.19159991434675136,0.5025928931201163,0.08928195790023259,0.5081967213114754,61,61,57
2022,8,2022_08_NE_NYJ,NE,-0.1204864206149011,0.1168961875100935,-0.17181067529368477,-0.05260595474941304,0.375,72,72,58
2022,8,2022_08_NE_NYJ,NYJ,-0.1168961875100935,0.1204864206149011,-0.053722497017373194,-0.2979941002558917,0.3448275862068966,58,58,72
2022,8,2022_08_NYG_SEA,NYG,-0.10184879519542413,0.09442014092243546,0.002816284447511894,-0.23641818330777045,0.3125,64,64,61
2022,8,2022_08_NYG_SEA,SEA,-0.09442014092243546,0.10184879519542413,-0.06906971063301186,-0.13350205428529685,0.36065573770491804,61,61,64
2022,8,2022_08_PIT_PHI,PHI,0.40240865648621155,0.055370190583156335,0.5108043571041586,0.21414243962346136,0.5,52,52,70
2022,8,2022_08_PIT_PHI,PIT,-0.055370190583156335,-0.40240865648621155,-0.28715305529264556,0.3888803001100314,0.4142857142857143,70,70,52
2022,8,2022_08_SF_LA,LA,-0.08260058059822768,-0.3413926502914947,0.012370946868655405,-0.24880075366527307,0.38181818181818183,55,55,52
2022,8,2022_08_SF_LA,SF,0.3413926502914947,0.08260058059822768,0.6317568607169123,-0.024718745462292725,0.5384615384615384,52,52,55
2022,8,2022_08_TEN_HOU,HOU,-0.3460223418615508,-0.044331157275880086,-0.3799875843002448,-0.280089812421733,0.24,50,50,57
2022,8,2022_08_TEN_HOU,TEN,0.044331157275880086,0.3460223418615508,-0.8167902445681567,0.2987533896388909,0.47368421052631576,57,57,50
2022,8,2022_08_WAS_IND,IND,-0.14610329197463726,0.06598956828774635,0.04808429607655853,-0.3194850670203478,0.39622641509433965,53,53,61
2022,8,2022_08_WAS_IND,WAS,-0.06598956828774635,0.14610329197463726,0.05095214558864221,-0.20381373107063286,0.4426229508196721,61,61,53
2022,9,2022_09_BAL_NO,BAL,0.15803022501036762,0.15926626935933105,0.17836735121499064,0.14531952113247826,0.5076923076923077,65,65,49
2022,9,2022_09_BAL_NO,NO,-0.15926626935933105,-0.15803022501036762,-0.11059195490573448,-0.26959471545415,0.42857142857142855,49,49,65
2022,9,2022_09_BUF_NYJ,BUF,-0.02385302952604773,-0.06552016107088164,-0.3256209940017137,0.51109927113536,0.47540983606557374,61,61,60
2022,9,2022_09_BUF_NYJ,NYJ,0.06552016107088164,0.02385302952604773,-0.06607504968621682,0.17318896987214402,0.5666666666666667,60,60,61
2022,9,2022_09_CAR_CIN,CAR,-0.027083824235887732,-0.38616737681153873,-0.05183058956657381,0.014160784648589065,0.3958333333333333,48,48,70
2022,9,2022_09_CAR_CIN,CIN,0.38616737681153873,0.027083824235887732,0.304528408634531,0.4589805105910322,0.6428571428571429,70,70,48
2022,9,2022_09_GB_DET,DET,-0.12500260801900898,0.12090744406122501,-0.05629893135986864,-0.18262504650732023,0.45614035087719296,57,57,69
2022,9,2022_09_GB_DET,GB,-0.12090744406122501,0.12500260801900898,-0.3009475642863239,0.21666778136083545,0.4057971014492754,69,69,57
2022,9,2022_09_IND_NE,IND,-0.631846416884014,0.32208719073077896,-0.7744513634638084,-0.38552878188255074,0.23333333333333334,60,60,61
2022,9,2022_09_IND_NE,NE,-0.32208719073077896,0.631846416884014,-0.37729776866704445,-0.2525627592554816,0.29508196721311475,61,61,60
2022,9,2022_09_LAC_ATL,ATL,0.0001368572797082505,-0.03089886485084412,-0.3593092446524278,0.25688407294551974,0.5333333333333333,60,60,67
2022,9,2022_09_LAC_ATL,LAC,0.03089886485084412,-0.0001368572797082505,0.11578408638375551,-0.12118715706228879,0.44776119402985076,67,67,60
2022,9,2022_09_LA_TB,LA,-0.18863108368807902,0.16011073121333333,-0.1510399566305595,-0.23929738537430098,0.2037037037037037,54,54,78
2022,9,2022_09_LA_TB,TB,-0.16011073121333333,0.18863108368807902,-0.08004330121877005,-0.3923062781975668,0.38461538461538464,78,78,54
2022,9,2022_09_LV_JAX,JAX,0.18733812416462592,-0.059549772350620034,0.4477590973585999,-0.029679353497019098,0.5606060606060606,66,66,57
2022,9,2022_09_LV_JAX,LV,0.059549772350620034,-0.18733812416462592,0.20894925425814986,-0.23924919146443963,0.3684210526315789,57,57,66
2022,9,2022_09_MIA_CHI,CHI,0.18104773305864588,-0.302453871307352,0.01365941859952985,0.31409998301332787,0.44285714285714284,70,70,50
2022,9,2022_09_MIA_CHI,MIA,0.302453871307352,-0.18104773305864588,0.6325478906330613,-0.19268715768121183,0.48,50,50,70
2022,9,2022_09_MIN_WAS,MIN,-0.09250124519798052,0.1632459056106906,-0.00294527563001076,-0.26754245844446684,0.3384615384615385,65,65,60
2022,9,2022_09_MIN_WAS,WAS,-0.1632459056106906,0.09250124519798052,-0.3550271513690026,0.04176163295853947,0.38333333333333336,60,60,65
2022,9,2022_09_PHI_HOU,HOU,-0.11595478319048402,-0.195501044619763,-0.28584040862364013,0.016768361679169175,0.43859649122807015,57,57,61
2022,9,2022_09_PHI_HOU,PHI,0.195501044619763,0.11595478319048402,0.2281036281774211,0.16181170827684965,0.5901639344262295,61,61,57
2022,9,2022_09_SEA_ARI,ARI,-0.15286356392917683,-0.08884308019679586,-0.19113007676860433,-0.07997496804455295,0.32786885245901637,61,61,68
2022,9,2022_09_SEA_ARI,SEA,0.08884308019679586,0.15286356392917683,-0.035011360707073495,0.2281793262136489,0.47058823529411764,68,68,61
2022,9,2022_09_TEN_KC,KC,0.06680471345248583,0.07787437595448066,0.0232003727297,0.2237803400545148,0.42391304347826086,92,92,47
2022,9,2022_09_TEN_KC,TEN,-0.07787437595448066,-0.06680471345248583,-0.29268693685298786,0.06789129036950638,0.2765957446808511,47,47,92
2022,10,2022_10_ARI_LA,ARI,0.04790672797392316,0.19614592496793626,0.07184223621301591,0.01056733512093846,0.421875,64,64,59
2022,10,2022_10_ARI_LA,LA,-0.19614592496793626,-0.04790672797392316,-0.3224442340215319,0.06974525198700184,0.4406779661016949,59,59,64
2022,10,2022_10_ATL_CAR,ATL,-0.11147119090507612,-0.08209062202270268,-0.22720905417415505,0.045932303140871225,0.4067796610169492,59,59,64
2022,10,2022_10_ATL_CAR,CAR,0.08209062202270268,0.11147119090507612,-0.08451880004630621,0.14235360447319526,0.4375,64,64,59
2022,10,2022_10_CLE_MIA,CLE,-0.0910604757653647,-0.3979669895482477,-0.15788492745025623,0.019345140061847378,0.45901639344262296,61,61,64
2022,10,2022_10_CLE_MIA,MIA,0.3979669895482477,0.0910604757653647,0.5181099951062516,0.2618049165825101,0.609375,64,64,61
2022,10,2022_10_DAL_GB,DAL,0.007505137531552464,-0.23205627334057793,-0.13952679998753106,0.23516749239981086,0.45569620253164556,79,79,60
2022,10,2022_10_DAL_GB,GB,0.23205627334057793,-0.007505137531552464,0.3126056171685408,0.18542244270333627,0.4666666666666667,60,60,79
2022,10,2022_10_DEN_TEN,DEN,-0.12511718800830998,0.08458143977035677,-0.13066444169816574,-0.11402268062859851,0.3333333333333333,72,72,60
2022,10,2022_10_DEN_TEN,TEN,-0.08458143977035677,0.12511718800830998,0.12952647863807606,-0.4290159172100096,0.4,60,60,72
2022,10,2022_10_DET_CHI,CHI,0.07435467200515304,-0.18299409021344312,-0.162980958168982,0.23031808611958463,0.5,58,58,58
2022,10,2022_10_DET_CHI,DET,0.18299409021344312,-0.07435467200515304,0.6298822451875535,-0.23410152109572663,0.5,58,58,58
2022,10,2022_10_HOU_NYG,HOU,0.009542445940531826,-0.14421190018946134,0.1270887421691423,-0.24411008802646966,0.45,60,60,66
2022,10,2022_10_HOU_NYG,NYG,0.14421190018946134,-0.009542445940531826,0.5938777845178265,-0.05129500604026267,0.42424242424242425,66,66,60
2022,10,2022_10_IND_LV,IND,0.1526248633953622,0.06635388127066769,0.06470711518941491,0.249962370337661,0.5084745762711864,59,59,65
2022,10,2022_10_IND_LV,LV,-0.06635388127066769,-0.1526248633953622,0.04844302598567588,-0.2624652645002546,0.38461538461538464,65,65,59
2022,10,2022_10_JAX_KC,JAX,0.08797971886641202,-0.27402978823195806,0.1562999958446319,-0.10417106013483135,0.4426229508196721,61,61,61
2022,10,2022_10_JAX_KC,KC,0.27402978823195806,-0.08797971886641202,0.5727111813362821,-0.12804131787001657,0.5409836065573771,61,61,61
2022,10,2022_10_LAC_SF,LAC,-0.15106848550414048,-0.059783194870646296,-0.1994575703720671,-0.030095773334323894,0.2857142857142857,56,56,69
2022,10,2022_10_LAC_SF,SF,0.059783194870646296,0.15106848550414048,0.15604544567390477,-0.010006936961716117,0.5362318840579711,69,69,56
2022,10,2022_10_MIN_BUF,BUF,-0.05727955131136045,-0.06940630881828803,0.06137835749449319,-0.2550427326544498,0.5416666666666666,72,72,78
2022,10,2022_10_MIN_BUF,MIN,0.06940630881828803,0.05727955131136045,0.08994078248691226,0.023203743063883547,0.44871794871794873,78,78,72
2022,10,2022_10_NO_PIT,NO,-0.29061924255214294,-0.016728820420774025,-0.07213241401089666,-0.7275928996346355,0.26666666666666666,45,45,78
2022,10,2022_10_NO_PIT,PIT,0.016728820420774025,0.29061924255214294,-0.07299926018433084,0.0936386037965782,0.4358974358974359,78,78,45
2022,10,2022_10_SEA_TB,SEA,0.01026109257959047,-0.16604592297822918,0.10632835621554805,-0.2436309613154403,0.5294117647058824,51,51,68
2022,10,2022_10_SEA_TB,TB,0.16604592297822918,-0.01026109257959047,0.3527478629142495,0.018649654607686802,0.4852941176470588,68,68,51
2022,10,2022_10_WAS_PHI,PHI,-0.12423966735343825,-0.07644625488794463,-0.375527211163124,0.2149985167896375,0.5106382978723404,47,47,77
2022,10,2022_10_WAS_PHI,WAS,0.07644625488794463,0.12423966735343825,0.0938360125249095,0.0653464095877543,0.5324675324675324,77,77,47
2022,11,2022_11_CAR_BAL,BAL,-0.11812783847456057,0.4122960484719638,-0.15158765219660664,-0.07659151799202062,0.47692307692307695,65,65,54
2022,11,2022_11_CAR_BAL,CAR,-0.4122960484719638,0.11812783847456057,-0.4953061472325636,-0.23162700999301153,0.2962962962962963,54,54,65
2022,11,2022_11_CHI_ATL,ATL,-0.012924427887807233,-0.026334445149637547,0.08200246357673524,-0.06988056276653272,0.4791666666666667,48,48,66
2022,11,2022_11_CHI_ATL,CHI,0.026334445149637547,0.012924427887807233,0.05889277806591378,0.006481803127517891,0.4393939393939394,66,66,48
2022,11,2022_11_CIN_PIT,CIN,0.15575136364689496,0.03862462218363181,0.31015274821771666,-0.13199667123509087,0.47619047619047616,63,63,68
2022,11,2022_11_CIN_PIT,PIT,-0.03862462218363181,-0.15575136364689496,-0.05038912040544315,-0.017056375443644356,0.38235294117647056,68,68,63
2022,11,2022_11_CLE_BUF,BUF,0.11518620952106144,-0.0818928958298771,0.2398528015731825,0.005630719535864154,0.5,62,62,67
2022,11,2022_11_CLE_BUF,CLE,0.0818928958298771,-0.11518620952106144,0.42300533133061013,-0.49117599581135435,0.4925373134328358,67,67,62
2022,11,2022_11_DAL_MIN,DAL,0.2890419940818853,0.3696225346624321,0.6552504454605089,0.014385655547917514,0.4857142857142857,70,70,54
2022,11,2022_11_DAL_MIN,MIN,-0.3696225346624321,-0.2890419940818853,-0.4351308793597081,-0.22704554914483144,0.25925925925925924,54,54,70
2022,11,2022_11_DET_NYG,DET,0.11251965154239409,0.02195011375432719,0.10755973961351076,0.1163125253703637,0.45,60,60,73
2022,11,2022_11_DET_NYG,NYG,-0.02195011375432719,-0.11251965154239409,-0.04329404242038033,0.016633141911230408,0.4520547945205479,73,73,60
2022,11,2022_11_KC_LAC,KC,0.2521740818415319,-0.08532488544829056,0.39581592459441095,0.05881006275111777,0.5081967213114754,61,61,65
2022,11,2022_11_KC_LAC,LAC,0.08532488544829056,-0.2521740818415319,0.050213378713053966,0.12628830997273327,0.5384615384615384,65,65,61
2022,11,2022_11_LA_NO,LA,-0.0013812184898924155,-0.0892993124002261,0.0005219292357096487,-0.0033478044730145483,0.39344262295081966,61,61,54
2022,11,2022_11_LA_NO,NO,0.0892993124002261,0.0013812184898924155,0.28312018214615786,-0.1926219526847655,0.5,54,54,61
2022,11,2022_11_LV_DEN,DEN,-0.008018786378357208,-0.1041000490288671,0.04301647241720833,-0.06999017205868678,0.45161290322580644,62,62,62
2022,11,2022_11_LV_DEN,LV,0.1041000490288671,0.008018786378357208,0.18702916157392024,-0.027204379167467024,0.41935483870967744,62,62,62
2022,11,2022_11_NYJ_NE,NE,-0.13092339949110612,0.4199900633420282,-0.03901028637355324,-0.24758235075569246,0.4067796610169492,59,59,49
2022,11,2022_11_NYJ_NE,NYJ,-0.4199900633420282,0.13092339949110612,-0.47680391861090005,-0.35576570521199913,0.20408163265306123,49,49,59
2022,11,2022_11_PHI_IND,IND,-0.1458585367087147,0.1341589824802747,-0.09269867646164105,-0.2194644970508167,0.3548387096774194,62,62,59
2022,11,2022_11_PHI_IND,PHI,-0.1341589824802747,0.1458585367087147,-0.38904853958956664,0.09606384329585996,0.4915254237288136,59,59,62
2022,11,2022_11_SF_ARI,ARI,-0.16528359260710232,-0.3718208115551801,-0.14340795908586595,-0.20812337491952349,0.39436619718309857,71,71,55
2022,11,2022_11_SF_ARI,SF,0.3718208115551801,0.16528359260710232,0.5599508481187895,0.16198346308038497,0.5636363636363636,55,55,71
2022,11,2022_11_TEN_GB,GB,-0.02585577570260432,-0.24084030887251337,0.06609960167950531,-0.22428580057978825,0.35,60,60,61
2022,11,2022_11_TEN_GB,TEN,0.24084030887251337,0.02585577570260432,0.5416445744922385,-0.09108163939752809,0.4918032786885246,61,61,60
2022,11,2022_11_WAS_HOU,HOU,-0.4011764619947934,0.06384998658309063,-0.49045480613718734,-0.1750046568340622,0.2830188679245283,53,53,67
2022,11,2022_11_WAS_HOU,WAS,-0.06384998658309063,0.4011764619947934,0.042333025649908464,-0.13552351984036504,0.417910447761194,67,67,53
2022,12,2022_12_ATL_WAS,ATL,0.018130561716223556,-0.12345921490799572,-0.18154902927939334,0.19715364329850077,0.4727272727272727,55,55,59
2022,12,2022_12_ATL_WAS,WAS,0.12345921490799572,-0.018130561716223556,0.10288657124631272,0.13660284835851544,0.5254237288135594,59,59,55
2022,12,2022_12_BAL_JAX,BAL,0.1118688685352277,-0.04828160793351202,0.2367635911563699,-0.013025854085914461,0.4852941176470588,68,68,62
2022,12,2022_12_BAL_JAX,JAX,0.04828160793351202,-0.1118688685352277,0.3536794594339869,-0.5930538802174852,0.4032258064516129,62,62,68
2022,12,2022_12_BUF_DET,BUF,0.09993126165720789,-0.03504951813059959,-0.016408850170912478,0.2804590213904981,0.4864864864864865,74,74,68
2022,12,2022_12_BUF_DET,DET,0.03504951813059959,-0.09993126165720789,0.14515974584198515,-0.1130297536191948,0.45588235294117646,68,68,74
2022,12,2022_12_CHI_NYJ,CHI,-0.06323986060791324,-0.24551404088500736,-0.2610685146413936,0.12752348435294283,0.38181818181818183,55,55,60
2022,12,2022_12_CHI_NYJ,NYJ,0.24551404088500736,0.06323986060791324,0.4851421655667543,0.005885916203260422,0.5,60,60,55
2022,12,2022_12_CIN_TEN,CIN,0.1366037179941061,-0.06004013382602572,0.1505235290097828,0.11456401721928462,0.45161290322580644,62,62,56
2022,12,2022_12_CIN_TEN,TEN,0.06004013382602572,-0.1366037179941061,0.19023885337365562,-0.15695773208669075,0.4107142857142857,56,56,62
2022,12,2022_12_DEN_CAR,CAR,0.08300223560131129,0.2672756104846915,0.27487634041820774,0.001988724678621691,0.421875,64,64,57
2022,12,2022_12_DEN_CAR,DEN,-0.2672756104846915,-0.08300223560131129,-0.37345787202269626,-0.05491108740868197,0.3333333333333333,57,57,64
2022,12,2022_12_GB_PHI,GB,0.18933127505955982,-0.20015669162094024,0.2693936976766972,0.07724388339556754,0.5,48,48,78
2022,12,2022_12_GB_PHI,PHI,0.20015669162094024,-0.18933127505955982,-0.19068148190041806,0.44443055007178917,0.5128205128205128,78,78,48
2022,12,2022_12_HOU_MIA,HOU,-0.3880001673968428,0.10627241913286978,-0.48986772927148226,-0.08239748177292447,0.2833333333333333,60,60,68
2022,12,2022_12_HOU_MIA,MIA,-0.10627241913286978,0.3880001673968428,0.10326611570554131,-0.516239117729761,0.36764705882352944,68,68,60
2022,12,2022_12_LAC_ARI,ARI,0.058060248783089935,-0.0690964950208742,0.255875618640733,-0.11648272462071274,0.421875,64,64,64
2022,12,2022_12_LAC_ARI,LAC,0.0690964950208742,-0.058060248783089935,0.06080864860494628,0.10501049615656181,0.46875,64,64,64
2022,12,2022_12_LA_KC,KC,0.12804453136134555,0.22741238048246265,0.17703447315885068,0.05945861284483838,0.5138888888888888,72,72,54
2022,12,2022_12_LA_KC,LA,-0.22741238048246265,-0.12804453136134555,-0.3825682185297073,-0.07225654243521798,0.3148148148148148,54,54,72
2022,12,2022_12_LV_SEA,LV,0.20789613169605248,-0.03376537342355341,0.36834375855254914,0.0594820768537931,0.5064935064935064,77,77,62
2022,12,2022_12_LV_SEA,SEA,0.03376537342355341,-0.20789613169605248,0.2010669115867707,-0.27041924141865986,0.532258064516129,62,62,77
2022,12,2022_12_NE_MIN,MIN,0.06398856487414119,-0.07107765604902337,0.31465129813090836,-0.3120055350110096,0.46153846153846156,65,65,54
2022,12,2022_12_NE_MIN,NE,0.07107765604902337,-0.06398856487414119,0.14768733834752498,-0.1705374958154817,0.42592592592592593,54,54,65
2022,12,2022_12_NO_SF,NO,-0.26863676969473743,0.020612828697303846,-0.1775305486573357,-0.3970137175201671,0.3584905660377358,53,53,65
2022,12,2022_12_NO_SF,SF,-0.020612828697303846,0.26863676969473743,0.03416766263579442,-0.09771129798092362,0.4,65,65,53
2022,12,2022_12_NYG_DAL,DAL,0.14236666576014034,0.06909114040541846,0.3883867823809851,-0.05185974209842131,0.45588235294117646,68,68,56
2022,12,2022_12_NYG_DAL,NYG,-0.06909114040541846,-0.14236666576014034,-0.12332035657775803,0.021290886548480818,0.4107142857142857,56,56,68
2022,12,2022_12_PIT_IND,IND,-0.16187083324214444,-0.11786849541111666,-0.13700753568998464,-0.19866851361934096,0.41935483870967744,62,62,67
2022,12,2022_12_PIT_IND,PIT,0.11786849541111666,0.16187083324214444,-0.0001801334997825893,0.2257986704153674,0.5373134328358209,67,67,62
2022,12,2022_12_TB_CLE,CLE,0.024984683930894248,0.033332639370570266,-0.14095130167080042,0.225083960685879,0.37333333333333335,75,75,66
2022,12,2022_12_TB_CLE,TB,-0.033332639370570266,-0.024984683930894248,-0.03712192291947328,-0.02461728720809333,0.3787878787878788,66,66,75
2022,13,2022_13_BUF_NE,BUF,0.16978842768264704,0.025925594317993062,0.33575982296615603,-0.00624184004228675,0.45588235294117646,68,68,51
2022,13,2022_13_BUF_NE,NE,-0.025925594317993062,-0.16978842768264704,0.020793332784497527,-0.14939704451743246,0.39215686274509803,51,51,68
2022,13,2022_13_CLE_HOU,CLE,-0.23208451359295706,0.44357413923284655,-0.4713030029818644,-0.07488379199453224,0.3793103448275862,58,58,62
2022,13,2022_13_CLE_HOU,HOU,-0.44357413923284655,0.23208451359295706,-0.47946883169407783,-0.37831106203060777,0.4032258064516129,62,62,58
2022,13,2022_13_DEN_BAL,BAL,-0.1408562717046562,0.13513205603114192,-0.26616680661245484,0.038158778163627546,0.38235294117647056,68,68,52
2022,13,2022_13_DEN_BAL,DEN,-0.13513205603114192,0.1408562717046562,0.03323558650395947,-0.279447178204086,0.34615384615384615,52,52,68
2022,13,2022_13_GB_CHI,CHI,0.12366285811292474,-0.18376793015611367,-0.025531427417205457,0.27907357220681034,0.4489795918367347,49,49,62
2022,13,2022_13_GB_CHI,GB,0.18376793015611367,-0.12366285811292474,0.14331140020364158,0.22692156210541725,0.4838709677419355,62,62,49
2022,13,2022_13_IND_DAL,DAL,0.21357833752104535,0.2982592410802721,0.07675462229736149,0.3423535989080419,0.45454545454545453,66,66,69
2022,13,2022_13_IND_DAL,IND,-0.2982592410802721,-0.21357833752104535,-0.4255277534863149,-0.1119017764857095,0.37681159420289856,69,69,66
2022,13,2022_13_JAX_DET,DET,0.28648311036273855,0.08870010836805088,0.5027088708873947,-0.03412750007037234,0.5416666666666666,72,72,56
2022,13,2022_13_JAX_DET,JAX,-0.08870010836805088,-0.28648311036273855,-0.1466256116789132,0.02410218755310205,0.4107142857142857,56,56,72
2022,13,2022_13_KC_CIN,CIN,0.2608933370524459,-0.23900882778404528,0.6172942149031722,-0.09550754079828039,0.5625,64,64,54
2022,13,2022_13_KC_CIN,KC,0.23900882778404528,-0.2608933370524459,0.09419262129744876,0.4069956273084972,0.5370370370370371,54,54,64
2022,13,2022_13_LAC_LV,LAC,-0.10511492078293434,0.08892771629761528,-0.12427613395672059,-0.05766810720974934,0.3835616438356164,73,73,59
2022,13,2022_13_LAC_LV,LV,-0.08892771629761528,0.10511492078293434,-0.26300968062262364,0.09115707438342788,0.4067796610169492,59,59,73
2022,13,2022_13_MIA_SF,MIA,-0.3281746157674214,0.0022352908078724044,-0.3868142039246369,-0.056966520540299825,0.4222222222222222,45,45,76
2022,13,2022_13_MIA_SF,SF,-0.0022352908078724044,0.3281746157674214,0.05413230245125929,-0.08405921650661195,0.42105263157894735,76,76,45
2022,13,2022_13_NO_TB,NO,-0.029934836665240876,0.026504306741185927,0.16665058645288017,-0.27370076133171095,0.39285714285714285,56,56,74
2022,13,2022_13_NO_TB,TB,-0.026504306741185927,0.029934836665240876,-0.016980689729455503,-0.05407267177514242,0.4594594594594595,74,74,56
2022,13,2022_13_NYJ_MIN,MIN,0.012666814466847039,0.051180423043355086,-0.051008127569693584,0.09992506836877307,0.40625,64,64,83
2022,13,2022_13_NYJ_MIN,NYJ,-0.051180423043355086,-0.012666814466847039,-0.1448904611760551,0.1791900873661992,0.40963855421686746,83,83,64
2022,13,2022_13_PIT_ATL,ATL,-0.008778206210495215,-0.18008784618441503,-0.19961480245791297,0.16161161186755635,0.5094339622641509,53,53,64
2022,13,2022_13_PIT_ATL,PIT,0.18008784618441503,0.008778206210495215,0.3259609114068945,0.06663101767804215,0.546875,64,64,53
2022,13,2022_13_SEA_LA,LA,-0.04537545003228479,-0.1457132227223395,-0.2656951301165397,0.15491516822612877,0.4444444444444444,63,63,64
2022,13,2022_13_SEA_LA,SEA,0.1457132227223395,0.04537545003228479,0.24561576212903388,-0.05884911987232044,0.53125,64,64,63
2022,13,2022_13_TEN_PHI,PHI,0.3203631871716126,0.231891923738972,0.44408684980589896,0.09869162495184962,0.5223880597014925,67,67,53
2022,13,2022_13_TEN_PHI,TEN,-0.231891923738972,-0.3203631871716126,-0.3692093922837868,-0.022646257384968477,0.2830188679245283,53,53,67
2022,13,2022_13_WAS_NYG,NYG,-0.10025252306204607,-0.04276337495808707,-0.06885681266335071,-0.13597867627435462,0.45161290322580644,62,62,81
2022,13,2022_13_WAS_NYG,WAS,0.04276337495808707,0.10025252306204607,-0.0066665083117443125,0.10772836439843689,0.4444444444444444,81,81,62
2022,14,2022_14_BAL_PIT,BAL,0.050310720180246196,-0.018191662327214964,0.012682122122693899,0.06912501920902235,0.43859649122807015,57,57,53
2022,14,2022_14_BAL_PIT,PIT,0.018191662327214964,-0.050310720180246196,0.08149547214731974,-0.08625962387595791,0.4716981132075472,53,53,57
2022,14,2022_14_CAR_SEA,CAR,0.1674021187320643,0.07895279309414796,-0.1029351057646649,0.3235969595523967,0.5211267605633803,71,71,53
2022,14,2022_14_CAR_SEA,SEA,-0.07895279309414796,-0.1674021187320643,-0.011795387283425267,-0.2660341378525897,0.37735849056603776,53,53,71
2022,14,2022_14_CLE_CIN,CIN,0.03658071901818594,0.13943221586810112,-0.08841091334459317,0.22678537696154547,0.43103448275862066,58,58,69
2022,14,2022_14_CLE_CIN,CLE,-0.13943221586810112,-0.03658071901818594,-0.20571008949402525,-0.022783158286474644,0.43478260869565216,69,69,58
2022,14,2022_14_HOU_DAL,DAL,-0.02442233430621373,0.18641566477410693,-0.09159555011560835,0.06514195343964578,0.4714285714285714,70,70,63
2022,14,2022_14_HOU_DAL,HOU,-0.18641566477410693,0.02442233430621373,0.2828569468812204,-0.5161747972886612,0.3968253968253968,63,63,70
2022,14,2022_14_JAX_TEN,JAX,0.17135101895961918,0.13120148055433545,0.4223646034020676,-0.27838165316643426,0.47761194029850745,67,67,63
2022,14,2022_14_JAX_TEN,TEN,-0.13120148055433545,-0.17135101895961918,-0.19270208775408043,0.0010248249251162632,0.47619047619047616,63,63,67
2022,14,2022_14_KC_DEN,DEN,-0.09618350547616897,-0.10113150482661584,-0.17570082087244374,0.11307258767192252,0.3188405797101449,69,69,64
2022,14,2022_14_KC_DEN,KC,0.10113150482661584,0.09618350547616897,0.1310647195765325,0.035278432376799174,0.484375,64,64,69
2022,14,2022_14_LV_LA,LA,-0.11551624847582763,-0.024246282443279636,0.051941362752590904,-0.4185347830796326,0.3898305084745763,59,59,58
2022,14,2022_14_LV_LA,LV,0.024246282443279636,0.11551624847582763,-0.04162240706058749,0.058914013761104424,0.4482758620689655,58,58,59
2022,14,2022_14_MIA_LAC,LAC,0.027747382111204037,0.08261258421813408,0.030693325073373565,0.02003181721028384,0.39473684210526316,76,76,49
2022,14,2022_14_MIA_LAC,MIA,-0.08261258421813408,-0.027747382111204037,-0.26440576255101594,0.20442927630746885,0.32653061224489793,49,49,76
2022,14,2022_14_MIN_DET,DET,0.23169857977209327,-0.059388893940018145,0.3663933640879488,0.05659536016148105,0.4492753623188406,69,69,63
2022,14,2022_14_MIN_DET,MIN,0.059388893940018145,-0.23169857977209327,0.3154359844552889,-0.6334444098071853,0.42857142857142855,63,63,69
2022,14,2022_14_NE_ARI,ARI,-0.38201284525076185,-0.018245282481550655,-0.5849742670779852,0.0515865559255789,0.42028985507246375,69,69,54
2022,14,2022_14_NE_ARI,NE,0.018245282481550655,0.38201284525076185,-0.062084730545341055,0.17890530853533407,0.4074074074074074,54,54,69
2022,14,2022_14_NYJ_BUF,BUF,-0.10415163203138238,0.16866227625374683,-0.1594452814462936,-0.032029480620628596,0.33962264150943394,53,53,73
2022,14,2022_14_NYJ_BUF,NYJ,-0.16866227625374683,0.10415163203138238,-0.1050791897737927,-0.31605943127545866,0.3835616438356164,73,73,53
2022,14,2022_14_PHI_NYG,NYG,-0.05947608684732404,-0.39852165294488967,-0.19198922755712994,0.1613791476690191,0.484375,64,64,65
2022,14,2022_14_PHI_NYG,PHI,0.39852165294488967,0.05947608684732404,0.15675774993890906,0.6805795397852005,0.5076923076923077,65,65,64
2022,14,2022_14_TB_SF,SF,0.16657880232227837,0.1790245512448289,0.33562159050083923,0.05549354151922411,0.5172413793103449,58,58,73
2022,14,2022_14_TB_SF,TB,-0.1790245512448289,-0.16657880232227837,-0.17212256903883316,-0.20011394131870475,0.4383561643835616,73,73,58
2022,15,2022_15_ARI_DEN,ARI,-0.3045540370995941,0.04938370983903905,-0.43754047067522583,-0.0385811699483309,0.3,60,60,65
2022,15,2022_15_ARI_DEN,DEN,-0.04938370983903905,0.3045540370995941,-0.18194080045847996,0.08731578986225941,0.5076923076923077,65,65,60
2022,15,2022_15_ATL_NO,ATL,-0.004373359138077079,-0.052320513944357154,-0.36521100921930644,0.26625487842284495,0.45714285714285713,70,70,54
2022,15,2022_15_ATL_NO,NO,0.052320513944357154,0.004373359138077079,0.5653816455964088,-0.2741729334705848,0.5185185185185185,54,54,70
2022,15,2022_15_BAL_CLE,BAL,-0.22211701725475105,-0.03027423261207158,-0.5154059350903151,0.123544921622878,0.47540983606557374,61,61,61
2022,15,2022_15_BAL_CLE,CLE,0.03027423261207158,0.22211701725475105,-0.09173296597152339,0.15634833781511973,0.5081967213114754,61,61,61
2022,15,2022_15_CIN_TB,CIN,-0.017468014199383458,0.10564986884501247,0.05584922715715338,-0.17953770561909646,0.4918032786885246,61,61,71
2022,15,2022_15_CIN_TB,TB,-0.10564986884501247,0.017468014199383458,0.09828386420227486,-0.48088793765202115,0.43661971830985913,71,71,61
2022,15,2022_15_DAL_JAX,DAL,0.04509885212197209,-0.11629362891315408,0.1219213453666502,-0.01673388634325664,0.5540540540540541,74,74,70
2022,15,2022_15_DAL_JAX,JAX,0.11629362891315408,-0.04509885212197209,0.24809143084221025,-0.09360657415904657,0.5714285714285714,70,70,74
2022,15,2022_15_DET_NYJ,DET,0.034949241241095906,0.06659240446396639,0.3083944170652105,-0.3361549259487739,0.4090909090909091,66,66,61
2022,15,2022_15_DET_NYJ,NYJ,-0.06659240446396639,-0.034949241241095906,0.01857999534669056,-0.21757984049194914,0.39344262295081966,61,61,66
2022,15,2022_15_IND_MIN,IND,-0.18015564415810006,0.12836087008319888,-0.06033028881485799,-0.2828630915951647,0.41025641025641024,78,78,86
2022,15,2022_15_IND_MIN,MIN,-0.12836087008319888,0.18015564415810006,0.03775384365696957,-0.583370738154095,0.4418604651162791,86,86,78
2022,15,2022_15_KC_HOU,HOU,-0.1424967484458192,-0.13572257620597997,-0.020420323222824402,-0.2833541621646593,0.32142857142857145,56,56,77
2022,15,2022_15_KC_HOU,KC,0.13572257620597997,0.1424967484458192,0.2610839015264931,-0.03142585755470417,0.6103896103896104,77,77,56
2022,15,2022_15_LA_GB,GB,0.061386505437492675,0.1084979140922757,0.031033291088334043,0.09268825773506251,0.5076923076923077,65,65,43
2022,15,2022_15_LA_GB,LA,-0.1084979140922757,-0.061386505437492675,-0.13235318977120059,-0.07201337481862591,0.37209302325581395,43,43,65
2022,15,2022_15_MIA_BUF,BUF,0.19276536844976733,-0.159529170612672,0.30042502455693293,0.036844487191113676,0.5352112676056338,71,71,58
2022,15,2022_15_MIA_BUF,MIA,0.159529170612672,-0.19276536844976733,-0.05956103479301321,0.4487282417481765,0.4482758620689655,58,58,71
2022,15,2022_15_NE_LV,LV,-0.0654240735721034,0.11162330699419903,-0.09544273978241224,-0.01191253815372677,0.390625,64,64,63
2022,15,2022_15_NE_LV,NE,-0.11162330699419903,0.0654240735721034,-0.29404697708288474,0.0766849976134765,0.38095238095238093,63,63,64
2022,15,2022_15_NYG_WAS,NYG,0.0718189209323096,0.09581635156161121,0.0358635492511839,0.11443269477660671,0.4745762711864407,59,59,58
2022,15,2022_15_NYG_WAS,WAS,-0.09581635156161121,-0.0718189209323096,-0.3288041753011654,0.19093789304091702,0.43103448275862066,58,58,59
2022,15,2022_15_PHI_CHI,CHI,-0.12446351285325363,-0.014563429895679507,-0.16555167185184214,-0.08479218692358198,0.45614035087719296,57,57,70
2022,15,2022_15_PHI_CHI,PHI,0.014563429895679507,0.12446351285325363,-0.11439716611882075,0.16770413766289857,0.42857142857142855,70,70,57
2022,15,2022_15_PIT_CAR,CAR,0.03912898072345805,-0.22951254663483858,0.3906892128095061,-0.53215639641637,0.30952380952380953,42,42,67
2022,15,2022_15_PIT_CAR,PIT,0.22951254663483858,-0.03912898072345805,0.45058985184321343,0.11394940982136993,0.5223880597014925,67,67,42
2022,15,2022_15_SF_SEA,SEA,-0.24123157086718805,-0.20574411601811235,-0.32018616727362104,0.02383028849726543,0.39344262295081966,61,61,58
2022,15,2022_15_SF_SEA,SF,0.20574411601811235,0.24123157086718805,0.24827964490718393,0.16869704246956616,0.41379310344827586,58,58,61
2022,15,2022_15_TEN_LAC,LAC,-0.06504700084630433,0.053985220024048146,-0.17296274179706445,0.12830203502380755,0.5223880597014925,67,67,56
2022,15,2022_15_TEN_LAC,TEN,-0.053985220024048146,0.06504700084630433,-0.22590488691043156,0.14438362638331734,0.42857142857142855,56,56,67
2022,16,2022_16_ATL_BAL,ATL,-0.14873552513133734,-0.012529911795979272,-0.046352506179051685,-0.2573235755352767,0.36764705882352944,68,68,49
2022,16,2022_16_ATL_BAL,BAL,0.012529911795979272,0.14873552513133734,-0.04056508381898975,0.040736628216431564,0.4489795918367347,49,49,68
2022,16,2022_16_BUF_CHI,BUF,0.21708589818741003,0.4294691351666137,-0.09971669150503924,0.5032301727483319,0.5084745762711864,59,59,58
2022,16,2022_16_BUF_CHI,CHI,-0.4294691351666137,-0.21708589818741003,-0.3083698040867143,-0.5505684662465131,0.29310344827586204,58,58,59
2022,16,2022_16_CIN_NE,CIN,0.08046744913582302,0.08766027116647455,0.12905880774950151,-0.028863107744953598,0.5128205128205128,78,78,52
2022,16,2022_16_CIN_NE,NE,-0.08766027116647455,-0.08046744913582302,0.04272948221714437,-0.4092883295127346,0.36538461538461536,52,52,78
2022,16,2022_16_DEN_LA,DEN,-0.276816499075784,-0.2852962504037929,-0.4263395953338991,0.015109545999583564,0.4032258064516129,62,62,63
2022,16,2022_16_DEN_LA,LA,0.2852962504037929,0.276816499075784,0.4977925898893786,0.11529917881532446,0.5555555555555556,63,63,62
2022,16,2022_16_DET_CAR,CAR,0.4071262296369374,-0.06570456768536734,0.6502571991769539,0.2797719122588335,0.546875,64,64,62
2022,16,2022_16_DET_CAR,DET,0.06570456768536734,-0.4071262296369374,0.3118837740728061,-0.5360668257061495,0.3548387096774194,62,62,64
2022,16,2022_16_GB_MIA,GB,-0.00023088099354302345,0.024195465473683064,0.05288991429598834,-0.09681414515632732,0.41935483870967744,62,62,45
2022,16,2022_16_GB_MIA,MIA,-0.024195465473683064,0.00023088099354302345,0.035274251728995856,-0.11340004127770145,0.4444444444444444,45,45,62
2022,16,2022_16_HOU_TEN,HOU,-0.10389186927221677,0.2614980031583651,-0.009970559301691188,-0.21400650854800538,0.3968253968253968,63,63,58
2022,16,2022_16_HOU_TEN,TEN,-0.2614980031583651,0.10389186927221677,-0.6379444138513429,0.06637467712261563,0.41379310344827586,58,58,63
2022,16,2022_16_JAX_NYJ,JAX,0.07402798357693591,0.2882679330118018,0.06204316254094018,0.08468115783115435,0.4264705882352941,68,68,56
2022,16,2022_16_JAX_NYJ,NYJ,-0.2882679330118018,-0.07402798357693591,-0.33110821893812276,-0.2111554183444241,0.3392857142857143,56,56,68
2022,16,2022_16_LAC_IND,IND,-0.5723881567776543,0.05077207291172142,-0.6864175702754829,-0.2791696649260952,0.34,50,50,64
2022,16,2022_16_LAC_IND,LAC,-0.05077207291172142,0.5723881567776543,-0.08440802123718326,-0.010176962863750243,0.5,64,64,50
2022,16,2022_16_LV_PIT,LV,-0.17431268603524303,0.02033821099249603,-0.15920348256292163,-0.20055498680295913,0.36538461538461536,52,52,66
2022,16,2022_16_LV_PIT,PIT,-0.02033821099249603,0.17431268603524303,0.035166210383713606,-0.10051126409146552,0.4393939393939394,66,66,52
2022,16,2022_16_NO_CLE,CLE,-0.2542336623721943,0.11474032636255871,-0.4688644866135859,-0.04591550943202011,0.31343283582089554,67,67,53
2022,16,2022_16_NO_CLE,NO,-0.11474032636255871,0.2542336623721943,-0.3341695574965949,-0.028123524599123383,0.37735849056603776,53,53,67
2022,16,2022_16_NYG_MIN,MIN,-0.017624588448778403,-0.024351611119021187,-0.02284542305339029,-0.003610769246925453,0.45714285714285713,70,70,67
2022,16,2022_16_NYG_MIN,NYG,0.024351611119021187,0.017624588448778403,-0.07019187510041874,0.23144686664731817,0.5074626865671642,67,67,70
2022,16,2022_16_PHI_DAL,DAL,0.05850605118043011,-0.04171380488398199,0.1393034435646158,-0.05572474494893585,0.4714285714285714,70,70,68
2022,16,2022_16_PHI_DAL,PHI,0.04171380488398199,-0.05850605118043011,0.43986142978026904,-0.4937261044593006,0.4852941176470588,68,68,70
2022,16,2022_16_SEA_KC,KC,0.01490705304589277,0.22398312549118712,0.0753722405595366,-0.06479705776754682,0.43137254901960786,51,51,73
2022,16,2022_16_SEA_KC,SEA,-0.22398312549118712,-0.01490705304589277,-0.4326467972332358,0.05872249428836268,0.3287671232876712,73,73,51
2022,16,2022_16_TB_ARI,ARI,-0.235962948494429,0.09827332432668985,-0.2627968435708167,-0.19024594206799075,0.3013698630136986,73,73,77
2022,16,2022_16_TB_ARI,TB,-0.09827332432668985,0.235962948494429,-0.03866616211732931,-0.1969334548801142,0.4025974025974026,77,77,73
2022,16,2022_16_WAS_SF,SF,0.11875740836497613,0.13413234987383307,0.26906199935996633,-0.025766236822514478,0.35294117647058826,51,51,70
2022,16,2022_16_WAS_SF,WAS,-0.13413234987383307,-0.11875740836497613,0.18347436619405258,-0.49023684970752307,0.38571428571428573,70,70,51
2022,17,2022_17_ARI_ATL,ARI,0.01905227218737011,0.07777606811963392,0.041704409651479916,-0.01618438609013403,0.4492753623188406,69,69,60
2022,17,2022_17_ARI_ATL,ATL,-0.07777606811963392,-0.01905227218737011,-0.006746800476191497,-0.13589092346426862,0.4166666666666667,60,60,69
2022,17,2022_17_CAR_TB,CAR,-0.011225776340402031,-0.11955578994781182,0.20825464849759875,-0.3803519453861306,0.4576271186440678,59,59,75
2022,17,2022_17_CAR_TB,TB,0.11955578994781182,0.011225776340402031,0.24382533467315276,-0.12898329950287007,0.48,75,75,59
2022,17,2022_17_CHI_DET,CHI,-0.33719157792760546,-0.18656113723222065,-0.9641131124208503,0.46070855688197876,0.36,50,50,67
2022,17,2022_17_CHI_DET,DET,0.18656113723222065,0.33719157792760546,0.15650594952738595,0.21244199331138386,0.5223880597014925,67,67,50
2022,17,2022_17_CLE_WAS,CLE,0.17733330968724018,0.1767261793932792,0.34413185750758707,0.035245657840278,0.4,50,50,68
2022,17,2022_17_CLE_WAS,WAS,-0.1767261793932792,-0.17733330968724018,-0.2610732330805405,-0.10605702630395221,0.35294117647058826,68,68,50
2022,17,2022_17_DAL_TEN,DAL,0.0022969097941889084,0.16398711312247952,0.2499809121121196,-0.3227883432480951,0.43243243243243246,74,74,65
2022,17,2022_17_DAL_TEN,TEN,-0.16398711312247952,-0.0022969097941889084,-0.20511427398318235,-0.09372821331877883,0.2923076923076923,65,65,74
2022,17,2022_17_DEN_KC,DEN,-0.16420802877749066,-0.09311413527455051,-0.29763024759033524,0.06928085414498734,0.36363636363636365,66,66,58
2022,17,2022_17_DEN_KC,KC,0.09311413527455051,0.16420802877749066,0.2534326683030499,-0.3277220139252604,0.5172413793103449,58,58,66
2022,17,2022_17_IND_NYG,IND,-0.1686704988324334,-0.2080396064417058,-0.3037512517363766,-0.023583764231901755,0.32142857142857145,56,56,61
2022,17,2022_17_IND_NYG,NYG,0.2080396064417058,0.1686704988324334,0.27165249587250173,0.16677719167578411,0.5901639344262295,61,61,56
2022,17,2022_17_JAX_HOU,HOU,-0.5065519128731684,0.07604215855462614,-0.5713908835668522,-0.36452369135367046,0.26865671641791045,67,67,60
2022,17,2022_17_JAX_HOU,JAX,-0.07604215855462614,0.5065519128731684,-0.18996874690515467,0.045741435889042274,0.43333333333333335,60,60,67
2022,17,2022_17_LA_LAC,LA,-0.10244303336038699,-0.28571385045289915,-0.525573208630056,0.2699115208769217,0.425531914893617,47,47,62
2022,17,2022_17_LA_LAC,LAC,0.28571385045289915,0.10244303336038699,0.373911244334586,0.19751645657121233,0.5645161290322581,62,62,47
2022,17,2022_17_MIA_NE,MIA,-0.036489389491863006,0.1286718104201228,-0.021891339371770707,-0.05919746745645103,0.391304347826087,69,69,55
2022,17,2022_17_MIA_NE,NE,-0.1286718104201228,0.036489389491863006,-0.08865558402247177,-0.2044920288577774,0.2727272727272727,55,55,69
2022,17,2022_17_MIN_GB,GB,0.11145209083807166,0.19168529924087901,0.04883906231003089,0.16428183365860605,0.4915254237288136,59,59,57
2022,17,2022_17_MIN_GB,MIN,-0.19168529924087901,-0.11145209083807166,-0.31075137520349605,0.028586941289962597,0.45614035087719296,57,57,59
2022,17,2022_17_NO_PHI,NO,-0.06437376843808473,0.27182653694041314,-0.14611343944401986,0.012411983112945231,0.4375,64,64,53
2022,17,2022_17_NO_PHI,PHI,-0.27182653694041314,0.06437376843808473,-0.29861819735980977,-0.20395433054460835,0.32075471698113206,53,53,64
2022,17,2022_17_NYJ_SEA,NYJ,-0.32298622872729177,0.030148764161399305,-0.37806061398876034,-0.16100274266414893,0.34328358208955223,67,67,71
2022,17,2022_17_NYJ_SEA,SEA,-0.030148764161399305,0.32298622872729177,-0.07455275630878844,0.008412597440280736,0.39436619718309857,71,71,67
2022,17,2022_17_PIT_BAL,BAL,0.0013348012406263284,-0.1534037895300573,0.22307065369620735,-0.16496708810105945,0.42857142857142855,49,49,68
2022,17,2022_17_PIT_BAL,PIT,0.1534037895300573,-0.0013348012406263284,0.14341833566296447,0.16082887061071607,0.5588235294117647,68,68,49
2022,17,2022_17_SF_LV,LV,0.06203526263878743,-0.3059131831622973,0.1833115253271257,-0.06682076646757196,0.5303030303030303,66,66,60
2022,17,2022_17_SF_LV,SF,0.3059131831622973,-0.06203526263878743,0.2241644740093998,0.42036137597635387,0.5833333333333334,60,60,66
2022,18,2022_18_ARI_SF,ARI,-0.36167640502716664,-0.051053187003507965,-0.5212328256263087,-0.10974521460746856,0.3877551020408163,49,49,61
2022,18,2022_18_ARI_SF,SF,0.051053187003507965,0.36167640502716664,0.24891432177886577,-0.07728917068861602,0.47540983606557374,61,61,49
2022,18,2022_18_BAL_CIN,BAL,-0.31929797612227473,0.19921847733637915,-0.42026296658752,-0.14728354792222725,0.3424657534246575,73,73,64
2022,18,2022_18_BAL_CIN,CIN,-0.19921847733637915,0.31929797612227473,-0.18156952934167453,-0.2380461629247293,0.328125,64,64,73
2022,18,2022_18_CAR_NO,CAR,-0.21616780785689232,0.1829290726066134,-0.7585688042454422,0.008730166255433228,0.41379310344827586,58,58,58
2022,18,2022_18_CAR_NO,NO,-0.1829290726066134,0.21616780785689232,-0.3131026961318147,-0.07716300349238736,0.4482758620689655,58,58,58
2022,18,2022_18_CLE_PIT,CLE,-0.014812979699120644,-0.07744559709689579,-0.10899927641065525,0.1350288559783208,0.42105263157894735,57,57,68
2022,18,2022_18_CLE_PIT,PIT,0.07744559709689579,0.014812979699120644,0.3278567940261431,-0.1323583787086898,0.39705882352941174,68,68,57
2022,18,2022_18_DAL_WAS,DAL,-0.48184338974092633,0.19370374138977525,-0.37188208419292307,-0.6406763866435978,0.2727272727272727,66,66,62
2022,18,2022_18_DAL_WAS,WAS,-0.19370374138977525,0.48184338974092633,-0.3391720244500942,-0.11369618570659985,0.3387096774193548,62,62,66
2022,18,2022_18_DET_GB,DET,0.15441976177239658,0.1538169655642127,0.21403013423015163,0.06748796860483708,0.5423728813559322,59,59,57
2022,18,2022_18_DET_GB,GB,-0.1538169655642127,-0.15441976177239658,-0.18636901973987857,-0.12010233802513019,0.45614035087719296,57,57,59
2022,18,2022_18_HOU_IND,HOU,-0.06713342122336428,0.08365992985109662,0.182210890652124,-0.522457816822082,0.35384615384615387,65,65,70
2022,18,2022_18_HOU_IND,IND,-0.08365992985109662,0.06713342122336428,-0.35157016927149853,0.21672427798389945,0.4142857142857143,70,70,65
2022,18,2022_18_KC_LV,KC,0.2610651970028452,0.15830484823909285,0.03609245050594518,0.5033435393841221,0.5555555555555556,54,54,67
2022,18,2022_18_KC_LV,LV,-0.15830484823909285,-0.2610651970028452,-0.22550218006587572,-0.045413330770097675,0.3880597014925373,67,67,54
2022,18,2022_18_LAC_DEN,DEN,0.1468593584552456,-0.052540836182359926,0.15587303586172452,0.14034948032834413,0.43548387096774194,62,62,67
2022,18,2022_18_LAC_DEN,LAC,0.052540836182359926,-0.1468593584552456,0.2751009370421417,-0.4349717657009716,0.44776119402985076,67,67,62
2022,18,2022_18_LA_SEA,LA,-0.1197697947497387,0.10295518274334513,-0.37018697299835374,0.16774622472089337,0.3448275862068966,58,58,69
2022,18,2022_18_LA_SEA,SEA,-0.10295518274334513,0.1197697947497387,-0.23531294344226097,0.018372764563994393,0.42028985507246375,69,69,58
2022,18,2022_18_MIN_CHI,CHI,-0.1568512125858391,-0.25174688058672673,-0.3153449984087673,0.07296477685740684,0.32653061224489793,49,49,71
2022,18,2022_18_MIN_CHI,MIN,0.25174688058672673,0.1568512125858391,0.6725246489988114,-0.11366539198166264,0.5492957746478874,71,71,49
2022,18,2022_18_NE_BUF,BUF,0.09968469035811722,0.03685553022143706,0.25601741213661927,-0.13481439230963588,0.4909090909090909,55,55,64
2022,18,2022_18_NE_BUF,NE,-0.03685553022143706,-0.09968469035811722,-0.04083630045594293,-0.029255877955562202,0.46875,64,64,55
2022,18,2022_18_NYG_PHI,NYG,-0.0017186217959183972,0.00029252048784370206,-0.16790714112922844,0.33857215588657363,0.375,64,64,68
2022,18,2022_18_NYG_PHI,PHI,-0.00029252048784370206,0.0017186217959183972,-0.1203301462651274,0.15175513883004896,0.4117647058823529,68,68,64
2022,18,2022_18_NYJ_MIA,MIA,-0.08906678413978783,0.14483493882409135,-0.22141109733763698,0.0432775290580613,0.34375,64,64,53
2022,18,2022_18_NYJ_MIA,NYJ,-0.14483493882409135,0.08906678413978783,0.0019299987490085488,-0.38699708581970615,0.3018867924528302,53,53,64
2022,18,2022_18_TB_ATL,ATL,0.05213676512492602,0.16879996341669054,0.20636854796730536,-0.08887515061667794,0.417910447761194,67,67,54
2022,18,2022_18_TB_ATL,TB,-0.16879996341669054,-0.05213676512492602,-0.1919019674515927,-0.12952655655735684,0.35185185185185186,54,54,67
2022,18,2022_18_TEN_JAX,JAX,-0.10635881234867216,0.09295700008742341,0.131745154173518,-0.7611447202846952,0.4,45,45,72
2022,18,2022_18_TEN_JAX,TEN,-0.09295700008742341,0.10635881234867216,-0.017119736530988736,-0.1571269923274835,0.4305555555555556,72,72,45
2023,1,2023_01_ARI_WAS,ARI,-0.3520510891186187,0.2941835299337889,-0.27998992625078994,-0.4471718241041526,0.3103448275862069,58,58,65
2023,1,2023_01_ARI_WAS,WAS,-0.2941835299337889,0.3520510891186187,-0.362515208942616,-0.20388809695783872,0.38461538461538464,65,65,58
2023,1,2023_01_BUF_NYJ,BUF,-0.06778166957460209,0.04741279796088383,-0.030506747557487997,-0.14402582824597182,0.4925373134328358,67,67,51
2023,1,2023_01_BUF_NYJ,NYJ,-0.04741279796088383,0.06778166957460209,-0.20885970107603286,0.10782460888060562,0.39215686274509803,51,51,67
2023,1,2023_01_CAR_ATL,ATL,-0.1073664108582692,0.2698056696144229,-0.2022931705221047,-0.02383086235409398,0.3829787234042553,47,47,72
2023,1,2023_01_CAR_ATL,CAR,-0.2698056696144229,0.1073664108582692,-0.26321408544545744,-0.2780451498256298,0.3888888888888889,72,72,47
2023,1,2023_01_CIN_CLE,CIN,-0.46536577856767436,0.13927836568026067,-0.5847839973116296,-0.2397980320513145,0.21153846153846154,52,52,73
2023,1,2023_01_CIN_CLE,CLE,-0.13927836568026067,0.46536577856767436,-0.33972830925044056,0.0171703707647578,0.410958904109589,73,73,52
2023,1,2023_01_DAL_NYG,DAL,0.05990976477124927,0.46106273078249926,0.0630732146692115,0.057273556522947425,0.43636363636363634,55,55,65
2023,1,2023_01_DAL_NYG,NYG,-0.46106273078249926,-0.05990976477124927,-0.7486840227329349,-0.08099173784799504,0.3230769230769231,65,65,55
2023,1,2023_01_DET_KC,DET,0.0468169509029284,0.14573448706096795,0.11120250594768939,-0.0258764176959953,0.4090909090909091,66,66,62
2023,1,2023_01_DET_KC,KC,-0.14573448706096795,-0.0468169509029284,-0.1654772554457017,-0.11225761893033252,0.4032258064516129,62,62,66
2023,1,2023_01_GB_CHI,CHI,-0.17680651572120346,-0.15570135692023807,-0.28442219236295796,-0.026144568422747157,0.4166666666666667,72,72,60
2023,1,2023_01_GB_CHI,GB,0.15570135692023807,0.17680651572120346,0.6355590539349505,-0.2641741279676353,0.36666666666666664,60,60,72
2023,1,2023_01_HOU_BAL,BAL,-0.05436458412580866,0.27491486882037375,-0.16983317560441386,0.03661066976642575,0.4067796610169492,59,59,71
2023,1,2023_01_HOU_BAL,HOU,-0.27491486882037375,0.05436458412580866,-0.2373726135746164,-0.35326392324630207,0.30985915492957744,71,71,59
2023,1,2023_01_JAX_IND,IND,-0.39872451556299854,0.23355282596063834,-0.33029443227488353,-0.5118973456164195,0.3333333333333333,69,69,68
2023,1,2023_01_JAX_IND,JAX,-0.23355282596063834,0.39872451556299854,-0.2647607890625402,-0.20234486285873649,0.5,68,68,69
2023,1,2023_01_LA_SEA,LA,0.27402946659745997,0.1075040976393188,0.5442100403349637,0.01735792154683139,0.5,78,78,46
2023,1,2023_01_LA_SEA,SEA,-0.1075040976393188,-0.27402946659745997,-0.15675324064301752,-0.03089431963356522,0.43478260869565216,46,46,78
2023,1,2023_01_LV_DEN,DEN,-0.001719002457807956,-0.16965524770417809,0.08993323400737957,-0.14752937865242446,0.45614035087719296,57,57,51
2023,1,2023_01_LV_DEN,LV,0.16965524770417809,0.001719002457807956,0.5033109608379033,-0.1773466939548962,0.37254901960784315,51,51,57
2023,1,2023_01_MIA_LAC,LAC,0.15262955264410286,-0.30758666365990955,-0.03447404031400841,0.321022786306403,0.5789473684210527,76,76,63
2023,1,2023_01_MIA_LAC,MIA,0.30758666365990955,-0.15262955264410286,0.6017406821476967,-0.4277983825595584,0.5079365079365079,63,63,76
2023,1,2023_01_PHI_NE,NE,-0.20382143947302328,0.14909418149877596,-0.22000799179122896,-0.16188355392130854,0.4050632911392405,79,79,60
2023,1,2023_01_PHI_NE,PHI,-0.14909418149877596,0.20382143947302328,-0.1349867375399086,-0.17025534743707696,0.35,60,60,79
2023,1,2023_01_SF_PIT,PIT,-0.3425858696156259,-0.15898401925340763,-0.39545475246151907,-0.07824145538615994,0.4,60,60,63
2023,1,2023_01_SF_PIT,SF,0.15898401925340763,0.3425858696156259,0.20399575085241864,0.11252029631249306,0.42857142857142855,63,63,60
2023,1,2023_01_TB_MIN,MIN,-0.13204396124554163,0.10446296796439637,0.007036734266919068,-0.5083799608674942,0.3968253968253968,63,63,65
2023,1,2023_01_TB_MIN,TB,-0.10446296796439637,0.13204396124554163,0.026027751501040423,-0.25670214067407265,0.3384615384615385,65,65,63
2023,1,2023_01_TEN_NO,NO,-0.09390476786717254,0.22254171175834087,0.09920228733343765,-0.3797032095640756,0.3548387096774194,62,62,59
2023,1,2023_01_TEN_NO,TEN,-0.22254171175834087,0.09390476786717254,-0.32548545656107836,-0.04940905004464598,0.288135593220339,59,59,62
2023,2,2023_02_BAL_CIN,BAL,0.2413778549753646,-0.06091693167326717,0.3755410110767301,0.11839496188244618,0.5797101449275363,69,69,57
2023,2,2023_02_BAL_CIN,CIN,0.06091693167326717,-0.2413778549753646,0.03743591240107113,0.12666378563541608,0.49122807017543857,57,57,69
2023,2,2023_02_CHI_TB,CHI,-0.16475395199217477,-0.2331477608696884,-0.24629508755236584,0.013617282045743195,0.4117647058823529,51,51,66
2023,2,2023_02_CHI_TB,TB,0.2331477608696884,0.16475395199217477,0.3899554498951256,0.0665395912801614,0.4393939393939394,66,66,51
2023,2,2023_02_CLE_PIT,CLE,-0.2082358624893218,0.3919658122247713,-0.391781864094554,0.019956463830696568,0.40963855421686746,83,83,51
2023,2,2023_02_CLE_PIT,PIT,-0.3919658122247713,0.2082358624893218,-0.4203947338345967,-0.344085523197697,0.27450980392156865,51,51,83
2023,2,2023_02_GB_ATL,ATL,0.11507423426202068,-0.051882758680097694,0.0945286194363872,0.13048344538124576,0.4935064935064935,77,77,46
2023,2,2023_02_GB_ATL,GB,0.051882758680097694,-0.11507423426202068,0.10119764665172926,-0.012226595683023334,0.4782608695652174,46,46,77
2023,2,2023_02_IND_HOU,HOU,-0.015504243827617684,-0.25658465562702865,0.14858467015049315,-0.35024562834296374,0.39473684210526316,76,76,56
2023,2,2023_02_IND_HOU,IND,0.25658465562702865,0.015504243827617684,0.32242622440868945,0.1621163178098631,0.5178571428571429,56,56,76
2023,2,2023_02_KC_JAX,JAX,-0.3351888229143565,-0.14477039254951432,-0.3014302598722298,-0.42146070624423576,0.375,64,64,61
2023,2,2023_02_KC_JAX,KC,0.14477039254951432,0.3351888229143565,0.10368049347811452,0.23560069575997708,0.39344262295081966,61,61,64
2023,2,2023_02_LAC_TEN,LAC,0.09223075477247258,-0.010639916480615023,0.2292876023532147,-0.2014624900434033,0.42424242424242425,66,66,63
2023,2,2023_02_LAC_TEN,TEN,0.010639916480615023,-0.09223075477247258,0.05023324342714003,-0.02313086238553866,0.42857142857142855,63,63,66
2023,2,2023_02_LV_BUF,BUF,0.3068545541948476,0.26116006681075166,0.33891301021466436,0.26896728798960956,0.5972222222222222,72,72,39
2023,2,2023_02_LV_BUF,LV,-0.26116006681075166,-0.3068545541948476,-0.08362910689379384,-0.5452096026778842,0.4358974358974359,39,39,72
2023,2,2023_02_MIA_NE,MIA,0.19834470460510653,0.07960492908783394,0.36343751875853497,0.021866179130752013,0.5333333333333333,60,60,70
2023,2,2023_02_MIA_NE,NE,-0.07960492908783394,-0.19834470460510653,-0.16317380989765168,0.08056875913098338,0.5285714285714286,70,70,60
2023,2,2023_02_MIN_PHI,MIN,0.08103735672140663,-0.14262076138895408,0.23973311057931784,-0.7300742741079174,0.45454545454545453,55,55,75
2023,2,2023_02_MIN_PHI,PHI,0.14262076138895408,-0.08103735672140663,0.04122854464825381,0.19965388330559797,0.5066666666666667,75,75,55
2023,2,2023_02_NO_CAR,CAR,-0.14652735352884408,-0.03964336510922279,-0.2966941521685098,0.15380624375048732,0.43859649122807015,57,57,71
2023,2,2023_02_NO_CAR,NO,0.03964336510922279,0.14652735352884408,-0.03923842010228841,0.14744847156495478,0.4788732394366197,71,71,57
2023,2,2023_02_NYG_ARI,ARI,0.1778705323474945,-0.2223894054768939,0.239705973688686,0.1139739096282633,0.4426229508196721,61,61,67
2023,2,2023_02_NYG_ARI,NYG,0.2223894054768939,-0.1778705323474945,0.20450870148051764,0.24887933732337722,0.5373134328358209,67,67,61
2023,2,2023_02_NYJ_DAL,DAL,0.05701604152446409,0.5825553219001613,0.25840697579965255,-0.13455094473730053,0.425,80,80,45
2023,2,2023_02_NYJ_DAL,NYJ,-0.5825553219001613,-0.05701604152446409,-0.6344563225604365,-0.48848475820341264,0.35555555555555557,45,45,80
2023,2,2023_02_SEA_DET,DET,-0.04237972341322588,-0.24343185507701826,0.16029887709635637,-0.32012447225969043,0.5,64,64,66
2023,2,2023_02_SEA_DET,SEA,0.24343185507701826,0.04237972341322588,0.35345654235321805,0.06299136794405058,0.5454545454545454,66,66,64
2023,2,2023_02_SF_LA,LA,-0.04406945278320925,-0.13897788692313762,-0.09875530341851987,0.09264517380506732,0.4675324675324675,77,77,54
2023,2,2023_02_SF_LA,SF,0.13897788692313762,0.04406945278320925,0.12538129096332576,0.15160329745724863,0.48148148148148145,54,54,77
2023,2,2023_02_WAS_DEN,DEN,0.13379707953209882,-0.20104891914814982,0.06170759746155223,0.25603576652128657,0.45161290322580644,62,62,67
2023,2,2023_02_WAS_DEN,WAS,0.20104891914814982,-0.13379707953209882,0.16859071331210357,0.25920320460439933,0.47761194029850745,67,67,62
2023,3,2023_03_ATL_DET,ATL,-0.3364149456640255,0.015512912315112945,-0.32646556462828535,-0.3588010529944409,0.3076923076923077,65,65,61
2023,3,2023_03_ATL_DET,DET,-0.015512912315112945,0.3364149456640255,0.0824451487562078,-0.13096348429202667,0.39344262295081966,61,61,65
2023,3,2023_03_BUF_WAS,BUF,0.21725666499612653,0.5987696191156288,0.1628450141308179,0.2734235304054774,0.4444444444444444,63,63,51
2023,3,2023_03_BUF_WAS,WAS,-0.5987696191156288,-0.21725666499612653,-0.8207501387465017,0.05009651518999957,0.39215686274509803,51,51,63
2023,3,2023_03_CAR_SEA,CAR,0.04581659013250206,-0.20921183329274842,0.07456278018405275,-0.0794346665206831,0.38666666666666666,75,75,68
2023,3,2023_03_CAR_SEA,SEA,0.20921183329274842,-0.04581659013250206,0.1622183397032725,0.2724099798441126,0.5441176470588235,68,68,75
2023,3,2023_03_CHI_KC,CHI,-0.3016755081315661,-0.23597103009636697,-0.6974667613836937,0.07889300461086422,0.37254901960784315,51,51,73
2023,3,2023_03_CHI_KC,KC,0.23597103009636697,0.3016755081315661,0.3739811893789351,0.08613142858957872,0.5205479452054794,73,73,51
2023,3,2023_03_DAL_ARI,ARI,0.21866413959703226,-0.0620664877643527,0.15056797525917415,0.27501958594560455,0.5471698113207547,53,53,75
2023,3,2023_03_DAL_ARI,DAL,0.0620664877643527,-0.21866413959703226,-0.08713368700112677,0.25195761928405386,0.48,75,75,53
2023,3,2023_03_DEN_MIA,DEN,-0.2650026304960414,-0.6579030373695007,-0.24706514438049318,-0.29998072842136025,0.3389830508474576,59,59,70
2023,3,2023_03_DEN_MIA,MIA,0.6579030373695007,0.2650026304960414,1.1093730861674496,0.3569230048375348,0.6285714285714286,70,70,59
2023,3,2023_03_HOU_JAX,HOU,0.22012880278433558,0.05072840892412007,0.47827834031527383,-0.0777360482129008,0.48214285714285715,56,56,69
2023,3,2023_03_HOU_JAX,JAX,-0.05072840892412007,-0.22012880278433558,-0.041697922292502035,-0.06477583257330367,0.463768115942029,69,69,56
2023,3,2023_03_IND_BAL,BAL,-0.1447947964237003,0.15425004682659932,-0.35787386694820256,0.056766486504882877,0.4861111111111111,72,72,84
2023,3,2023_03_IND_BAL,IND,-0.15425004682659932,0.1447947964237003,-0.17180296386101626,-0.12967596297841555,0.39285714285714285,84,84,72
2023,3,2023_03_LAC_MIN,LAC,0.19514771428429092,0.00012828547168427718,0.41851914753280406,-0.5866523020855051,0.5079365079365079,63,63,78
2023,3,2023_03_LAC_MIN,MIN,-0.00012828547168427718,-0.19514771428429092,-0.08326862362230249,0.1869374753672067,0.47435897435897434,78,78,63
2023,3,2023_03_LA_CIN,CIN,-0.09668759942135782,0.13044823441102577,-0.13106748912154523,-0.01073787517088931,0.32857142857142857,70,70,52
2023,3,2023_03_LA_CIN,LA,-0.13044823441102577,0.09668759942135782,-0.21550743618802423,0.12472937091996965,0.38461538461538464,52,52,70
2023,3,2023_03_NE_NYJ,NE,-0.006974152894966527,0.37319045179184107,0.18750507634953936,-0.14797159409723332,0.37681159420289856,69,69,60
2023,3,2023_03_NE_NYJ,NYJ,-0.37319045179184107,0.006974152894966527,-0.4010163677733803,-0.325127506005546,0.2833333333333333,60,60,69
2023,3,2023_03_NO_GB,GB,-0.00802148416709717,0.05516392313569516,-0.0415523648456304,0.06208853906983594,0.4117647058823529,68,68,60
2023,3,2023_03_NO_GB,NO,-0.05516392313569516,0.00802148416709717,-0.06434271834602058,-0.03930964049967853,0.43333333333333335,60,60,68
2023,3,2023_03_NYG_SF,NYG,-0.2318574866329739,-0.18594551487493277,-0.2717326562693528,-0.10135693145937032,0.3404255319148936,47,47,75
2023,3,2023_03_NYG_SF,SF,0.18594551487493277,0.2318574866329739,0.42211526764427715,-0.0699050506251903,0.4533333333333333,75,75,47
2023,3,2023_03_PHI_TB,PHI,0.0914633210467705,0.19908147269570628,0.046193722506809656,0.13446943965973332,0.5384615384615384,78,78,45
2023,3,2023_03_PHI_TB,TB,-0.19908147269570628,-0.0914633210467705,-0.03595876720888518,-0.46775416408576453,0.4,45,45,78
2023,3,2023_03_PIT_LV,LV,-0.14435077514740627,-0.01777267718703178,-0.14896885266515392,-0.13244099628584655,0.5,68,68,59
2023,3,2023_03_PIT_LV,PIT,0.01777267718703178,0.14435077514740627,0.2041929468291578,-0.16243358346702336,0.3728813559322034,59,59,68
2023,3,2023_03_TEN_CLE,CLE,0.02176471014507728,0.43798187266689165,0.21019169840089658,-0.19705372782942257,0.4626865671641791,67,67,45
2023,3,2023_03_TEN_CLE,TEN,-0.43798187266689165,-0.02176471014507728,-0.4675203918947458,-0.3789048342111831,0.26666666666666666,45,45,67
2023,4,2023_04_ARI_SF,ARI,0.12396832736913008,-0.5003909786590193,0.09281692864715922,0.17428981761231374,0.47058823529411764,68,68,51
2023,4,2023_04_ARI_SF,SF,0.5003909786590193,-0.12396832736913008,1.0383677656262245,0.0922706575114842,0.6470588235294118,51,51,68
2023,4,2023_04_ATL_JAX,ATL,-0.30040760985943243,-0.006607778374848085,-0.5519802467548288,0.09982158520142548,0.42105263157894735,57,57,61
2023,4,2023_04_ATL_JAX,JAX,0.006607778374848085,0.30040760985943243,0.13764113100120245,-0.13798074866112914,0.3770491803278688,61,61,57
2023,4,2023_04_BAL_CLE,BAL,0.034992652595974505,0.5140968351217508,0.3123860282939859,-0.14993626453603306,0.41818181818181815,55,55,64
2023,4,2023_04_BAL_CLE,CLE,-0.5140968351217508,-0.034992652595974505,-0.6840429625884368,-0.23085328934394056,0.328125,64,64,55
2023,4,2023_04_CIN_TEN,CIN,-0.22988560790352555,-0.20212646460574152,-0.2668382040697686,-0.15815409769846545,0.52,50,50,61
2023,4,2023_04_CIN_TEN,TEN,0.20212646460574152,0.22988560790352555,0.35406535763340424,0.06443184279942216,0.47540983606557374,61,61,50
2023,4,2023_04_DEN_CHI,CHI,0.09795688592047165,-0.34916502305484104,0.1831355153520305,-0.009203325299876592,0.4857142857142857,70,70,47
2023,4,2023_04_DEN_CHI,DEN,0.34916502305484104,-0.09795688592047165,0.49027802983321794,0.12181628991190034,0.5319148936170213,47,47,70
2023,4,2023_04_DET_GB,DET,0.13784743341768332,0.22116310497067032,0.08197077716574301,0.17775933074049785,0.4861111111111111,72,72,55
2023,4,2023_04_DET_GB,GB,-0.22116310497067032,-0.13784743341768332,-0.27714713919882544,-0.04029160977201536,0.38181818181818183,55,55,72
2023,4,2023_04_KC_NYJ,KC,0.16861990351686978,-0.02023138818271152,0.020408091412777465,0.3078491815540474,0.484375,64,64,58
2023,4,2023_04_KC_NYJ,NYJ,0.02023138818271152,-0.16861990351686978,0.0880223964069127,-0.14326457282859723,0.39655172413793105,58,58,64
2023,4,2023_04_LA_IND,IND,0.022947358358675077,-0.17524948031980214,0.2486867636646995,-0.19526740010381521,0.4067796610169492,59,59,78
2023,4,2023_04_LA_IND,LA,0.17524948031980214,-0.022947358358675077,0.2708178827784219,0.06375301078474577,0.46153846153846156,78,78,59
2023,4,2023_04_LV_LAC,LAC,-0.034290985750663534,0.16690575557672413,-0.14141066570708433,0.05010633785136496,0.3389830508474576,59,59,69
2023,4,2023_04_LV_LAC,LV,-0.16690575557672413,0.034290985750663534,-0.2557740095965756,0.010830752462978759,0.4492753623188406,69,69,59
2023,4,2023_04_MIA_BUF,BUF,0.4369712308554382,0.011877731256573699,0.8221227504496192,0.021007589693722562,0.5769230769230769,52,52,59
2023,4,2023_04_MIA_BUF,MIA,-0.011877731256573699,-0.4369712308554382,-0.110777654503542,0.19633263347388588,0.4745762711864407,59,59,52
2023,4,2023_04_MIN_CAR,CAR,-0.2563485436015448,0.154154807367542,-0.3519141577852414,-0.14228635893068126,0.38235294117647056,68,68,44
2023,4,2023_04_MIN_CAR,MIN,-0.154154807367542,0.2563485436015448,-0.5180029977927916,0.1780544099772511,0.5227272727272727,44,44,68
2023,4,2023_04_NE_DAL,DAL,0.11402779287118242,0.47803653429437815,0.16408072077500896,0.037023288403756974,0.48484848484848486,66,66,55
2023,4,2023_04_NE_DAL,NE,-0.47803653429437815,-0.11402779287118242,-0.4949065446258066,-0.4545652155723909,0.3090909090909091,55,55,66
2023,4,2023_04_PIT_HOU,HOU,0.1400425297929599,0.2820349630754044,0.3953080255458836,-0.05476534854479771,0.44776119402985076,67,67,56
2023,4,2023_04_PIT_HOU,PIT,-0.2820349630754044,-0.1400425297929599,-0.47600860380460314,-0.04150764857119792,0.3392857142857143,56,56,67
2023,4,2023_04_SEA_NYG,NYG,-0.4532766870056074,0.114886375461754,-0.678677282040758,-0.103517142985546,0.35135135135135137,74,74,51
2023,4,2023_04_SEA_NYG,SEA,-0.114886375461754,0.4532766870056074,-0.26170749665221105,0.06385238077010676,0.39215686274509803,51,51,74
2023,4,2023_04_TB_NO,NO,-0.36570659362559554,-0.04955982321021146,-0.3784217757470002,-0.336037835342318,0.2833333333333333,60,60,65
2023,4,2023_04_TB_NO,TB,0.04955982321021146,0.36570659362559554,0.20543495496926564,-0.13229449717535174,0.4307692307692308,65,65,60
2023,4,2023_04_WAS_PHI,PHI,0.17746666411460904,-0.20363694590479625,0.2641724803597786,0.05360121233579535,0.4852941176470588,68,68,74
2023,4,2023_04_WAS_PHI,WAS,0.20363694590479625,-0.17746666411460904,0.16792201242800983,0.2623114794738025,0.40540540540540543,74,74,68
2023,5,2023_05_BAL_PIT,BAL,-0.22795378536250974,0.02825304761758007,-0.42297809835624617,0.09968706046696753,0.417910447761194,67,67,61
2023,5,2023_05_BAL_PIT,PIT,-0.02825304761758007,0.22795378536250974,0.08615348718290744,-0.1929984577302821,0.3442622950819672,61,61,67
2023,5,2023_05_CAR_DET,CAR,-0.07971091644127982,-0.2528485923907475,-0.0002686221738310568,-0.22477945379922976,0.47692307692307695,65,65,57
2023,5,2023_05_CAR_DET,DET,0.2528485923907475,0.07971091644127982,0.19238993644248695,0.3200248767777036,0.543859649122807,57,57,65
2023,5,2023_05_CHI_WAS,CHI,0.308947133198785,0.10337574538745493,0.35965074984313433,0.25824351655443556,0.421875,64,64,68
2023,5,2023_05_CHI_WAS,WAS,-0.10337574538745493,-0.308947133198785,-0.04880427396916772,-0.3861551881913069,0.4117647058823529,68,68,64
2023,5,2023_05_CIN_ARI,ARI,-0.29481530804370876,-0.007757813892624546,-0.447186678757758,-0.05240630918044851,0.3333333333333333,57,57,78
2023,5,2023_05_CIN_ARI,CIN,0.007757813892624546,0.29481530804370876,0.19384585776593233,-0.30666681196227474,0.5256410256410257,78,78,57
2023,5,2023_05_DAL_SF,DAL,-0.4466797269752926,-0.20159002192844072,-0.45368310816508406,-0.43500742499230693,0.3541666666666667,48,48,66
2023,5,2023_05_DAL_SF,SF,0.20159002192844072,0.4466797269752926,0.6725550707543824,-0.10453725980842137,0.6060606060606061,66,66,48
2023,5,2023_05_GB_LV,GB,-0.1873611513266876,0.07997264405272235,-0.4614722739906918,0.16350108568323776,0.45614035087719296,57,57,61
2023,5,2023_05_GB_LV,LV,-0.07997264405272235,0.1873611513266876,-0.04402516082138829,-0.12523984515884673,0.47540983606557374,61,61,57
2023,5,2023_05_HOU_ATL,ATL,-0.01011290221431869,0.06645162105847083,0.2652518385794123,-0.3259724578306572,0.4794520547945205,73,73,58
2023,5,2023_05_HOU_ATL,HOU,-0.06645162105847083,0.01011290221431869,0.0940959129427646,-0.31076308584295953,0.3793103448275862,58,58,73
2023,5,2023_05_JAX_BUF,BUF,0.18866958356321428,-0.13415352075976572,0.2782384806512117,-0.09381693802200831,0.5185185185185185,54,54,82
2023,5,2023_05_JAX_BUF,JAX,0.13415352075976572,-0.18866958356321428,0.19898505421172427,0.06608041063520924,0.4634146341463415,82,82,54
2023,5,2023_05_KC_MIN,KC,0.17194154515935464,-0.00031191833593703584,0.35186760155865215,-0.18791056763924038,0.4444444444444444,63,63,67
2023,5,2023_05_KC_MIN,MIN,0.00031191833593703584,-0.17194154515935464,-0.06220402632975188,0.1704942121480902,0.43283582089552236,67,67,63
2023,5,2023_05_NO_NE,NE,-0.7828751057274276,-0.023541691813879922,-0.7952948405382254,-0.7601055919076316,0.19607843137254902,51,51,66
2023,5,2023_05_NO_NE,NO,0.023541691813879922,0.7828751057274276,0.12313478490218206,-0.04984269256697429,0.3787878787878788,66,66,51
2023,5,2023_05_NYG_MIA,MIA,0.09747356676850288,0.16425444445177884,-0.06776007788818485,0.32279217311853164,0.5961538461538461,52,52,68
2023,5,2023_05_NYG_MIA,NYG,-0.16425444445177884,-0.09747356676850288,-0.05524899248013843,-0.3108479833101918,0.38235294117647056,68,68,52
2023,5,2023_05_NYJ_DEN,DEN,-0.2195638008167636,-0.0026162901329110744,-0.30651638599580694,-0.0910251966390474,0.38596491228070173,57,57,62
2023,5,2023_05_NYJ_DEN,NYJ,0.0026162901329110744,0.2195638008167636,-0.2389643169714398,0.22909810929323998,0.45161290322580644,62,62,57
2023,5,2023_05_PHI_LA,LA,-0.002690572972113097,-0.1486553042913225,-0.06186002462239164,0.1705913925751312,0.4,55,55,78
2023,5,2023_05_PHI_LA,PHI,0.1486553042913225,0.002690572972113097,0.199600692883241,0.09770991569940403,0.48717948717948717,78,78,55
2023,5,2023_05_TEN_IND,IND,0.20651486377475872,-0.0997040036071275,0.35347769868589,0.08627254430201496,0.4166666666666667,60,60,56
2023,5,2023_05_TEN_IND,TEN,0.0997040036071275,-0.20651486377475872,0.2562945739983528,-0.16128028037824801,0.42857142857142855,56,56,60
2023,6,2023_06_ARI_LA,ARI,-0.26177127413163354,-0.13998909877402557,-0.4060968864848239,-0.04777122822862701,0.3611111111111111,72,72,53
2023,6,2023_06_ARI_LA,LA,0.13998909877402557,0.26177127413163354,0.13987235385706992,0.1400933353070217,0.49056603773584906,53,53,72
2023,6,2023_06_BAL_TEN,BAL,0.022584863119277692,0.19703886103086593,0.1886012277816438,-0.11284953963159994,0.4927536231884058,69,69,46
2023,6,2023_06_BAL_TEN,TEN,-0.19703886103086593,-0.022584863119277692,-0.3917159416618677,0.07960751670792601,0.391304347826087,46,46,69
2023,6,2023_06_CAR_MIA,CAR,-0.14276293217331334,-0.17893996180341235,-0.3001670281318861,0.12797211287543178,0.35294117647058826,68,68,62
2023,6,2023_06_CAR_MIA,MIA,0.17893996180341235,0.14276293217331334,0.2233700989127101,0.13154781555349473,0.46774193548387094,62,62,68
2023,6,2023_06_DAL_LAC,DAL,0.07469932552948622,0.10898622999978357,0.19366236286345384,-0.09878843724921656,0.4067796610169492,59,59,61
2023,6,2023_06_DAL_LAC,LAC,-0.10898622999978357,-0.07469932552948622,-0.00541906072493249,-0.2800972053234506,0.3442622950819672,61,61,59
2023,6,2023_06_DEN_KC,DEN,-0.32045556066353803,0.028222415461649348,-0.8379925128068023,0.2402094708249982,0.42,50,50,67
2023,6,2023_06_DEN_KC,KC,-0.028222415461649348,0.32045556066353803,0.09593183364498484,-0.2506654451110356,0.5074626865671642,67,67,50
2023,6,2023_06_DET_TB,DET,0.1483196718672661,0.24320047744047124,0.3814000699502769,-0.3733364571756629,0.47058823529411764,68,68,54
2023,6,2023_06_DET_TB,TB,-0.24320047744047124,-0.1483196718672661,-0.21842399558967893,-0.30204462183610303,0.35185185185185186,54,54,68
2023,6,2023_06_IND_JAX,IND,-0.20753887989147068,0.07553166952862088,-0.1993353953321103,-0.2355272389763473,0.36,75,75,58
2023,6,2023_06_IND_JAX,JAX,-0.07553166952862088,0.20753887989147068,-0.11124057145531786,-0.02839591898538087,0.41379310344827586,58,58,75
2023,6,2023_06_MIN_CHI,CHI,-0.36363377458544693,0.19431961715133717,-0.8688697802346989,0.054990344381076056,0.484375,64,64,54
2023,6,2023_06_MIN_CHI,MIN,-0.19431961715133717,0.36363377458544693,-0.18695928053617586,-0.2058858604037336,0.4074074074074074,54,54,64
2023,6,2023_06_NE_LV,LV,0.011701629039855355,0.005582914220440119,0.3088301642727919,-0.3052354752086103,0.3709677419354839,62,62,55
2023,6,2023_06_NE_LV,NE,-0.005582914220440119,-0.011701629039855355,-0.1208599667486395,0.2313754715319697,0.509090909090909,55,55,62
2023,6,2023_06_NO_HOU,HOU,-0.03522516465954403,-0.035522789749878575,-0.010887173251958931,-0.05875188968687629,0.423728813559322,59,59,78
2023,6,2023_06_NO_HOU,NO,0.035522789749878575,0.03522516465954403,0.10001343632058124,-0.10119738098001108,0.5,78,78,59
2023,6,2023_06_NYG_BUF,BUF,-0.017308061093822477,0.15634067549055033,-0.1266889576563698,0.0958445905226058,0.4915254237288136,59,59,71
2023,6,2023_06_NYG_BUF,NYG,-0.15634067549055033,0.017308061093822477,-0.048307031594693996,-0.2739066997301587,0.43661971830985913,71,71,59
2023,6,2023_06_PHI_NYJ,NYJ,-0.1375512331407508,0.121894527378927,-0.2264662427754846,0.04495852347791331,0.3793103448275862,58,58,69
2023,6,2023_06_PHI_NYJ,PHI,-0.121894527378927,0.1375512331407508,-0.233705412343778,0.11697418140961831,0.42028985507246375,69,69,58
2023,6,2023_06_SEA_CIN,CIN,-0.10075903137140155,0.06760867389978475,-0.0871692805383967,-0.13764549791812897,0.46153846153846156,52,52,70
2023,6,2023_06_SEA_CIN,SEA,-0.06760867389978475,0.10075903137140155,-0.08035665354774386,-0.044662310533458364,0.45714285714285713,70,70,52
2023,6,2023_06_SF_CLE,CLE,-0.1952681014465713,0.19412102598999276,-0.3962334172969475,0.023966788572020847,0.3333333333333333,69,69,53
2023,6,2023_06_SF_CLE,SF,-0.19412102598999276,0.1952681014465713,-0.3651326875571445,0.01251806507031559,0.3018867924528302,53,53,69
2023,6,2023_06_WAS_ATL,ATL,-0.17202877530060398,0.03237380377785007,-0.16267386186703117,-0.18730846724210617,0.379746835443038,79,79,48
2023,6,2023_06_WAS_ATL,WAS,-0.03237380377785007,0.17202877530060398,-0.007133521471849361,-0.06771019900625105,0.3541666666666667,48,48,79
2023,7,2023_07_ARI_SEA,ARI,-0.21504111562402864,-0.021397064206919697,-0.377331796183319,0.03164071882609278,0.3333333333333333,63,63,56
2023,7,2023_07_ARI_SEA,SEA,0.021397064206919697,0.21504111562402864,0.28006398348461375,-0.20278093250041518,0.4642857142857143,56,56,63
2023,7,2023_07_ATL_TB,ATL,-0.04735950969105728,0.13255855228051133,0.2715059179201131,-0.2655305917408054,0.4375,64,64,64
2023,7,2023_07_ATL_TB,TB,-0.13255855228051133,0.04735950969105728,-0.10316234447084653,-0.20218114972445428,0.34375,64,64,64
2023,7,2023_07_BUF_NE,BUF,0.158961412954623,-0.15693329340320744,0.2042729840157095,0.0796661635977216,0.5151515151515151,66,66,56
2023,7,2023_07_BUF_NE,NE,0.15693329340320744,-0.158961412954623,0.3026585012172481,-0.02376596428620299,0.5178571428571429,56,56,66
2023,7,2023_07_CLE_IND,CLE,-0.16354894575130144,0.05101485561307239,-0.23998933187767624,-0.0755266829391123,0.3380281690140845,71,71,67
2023,7,2023_07_CLE_IND,IND,-0.05101485561307239,0.16354894575130144,0.02719430513549223,-0.10380603911835351,0.40298507462686567,67,67,71
2023,7,2023_07_DET_BAL,BAL,0.47323000159624007,0.15742408825353119,0.869099333464484,0.04690918266120804,0.5185185185185185,54,54,73
2023,7,2023_07_DET_BAL,DET,-0.15742408825353119,-0.47323000159624007,-0.22587046107909467,0.13102848293991493,0.4246575342465753,73,73,54
2023,7,2023_07_GB_DEN,DEN,0.09175026847599346,-0.13404030894681157,0.13652378332101617,0.038022050661966206,0.43636363636363634,55,55,61
2023,7,2023_07_GB_DEN,GB,0.13404030894681157,-0.09175026847599346,0.2642425886468831,-0.009631172101543253,0.4426229508196721,61,61,55
2023,7,2023_07_JAX_NO,JAX,-0.04199915497215322,0.12696912491423315,0.04062406795024254,-0.14976857617527814,0.41509433962264153,53,53,88
2023,7,2023_07_JAX_NO,NO,-0.12696912491423315,0.04199915497215322,-0.2771528319236479,0.1491751105546907,0.375,88,88,53
2023,7,2023_07_LAC_KC,KC,0.2564195220897243,-0.047040637161635424,0.39645072284994703,-0.06049319542025363,0.5161290322580645,62,62,60
2023,7,2023_07_LAC_KC,LAC,0.047040637161635424,-0.2564195220897243,0.015435110390343202,0.09128837464144453,0.36666666666666664,60,60,62
2023,7,2023_07_LV_CHI,CHI,0.18971876236357835,0.2388653506357971,0.17465898626194085,0.20268690289554392,0.5223880597014925,67,67,61
2023,7,2023_07_LV_CHI,LV,-0.2388653506357971,-0.18971876236357835,-0.22314248251410482,-0.2916492650443355,0.3770491803278688,61,61,67
2023,7,2023_07_MIA_PHI,MIA,-0.15100841122546121,-0.10698444363418423,-0.14438089683209035,-0.1708909544055738,0.4375,48,48,65
2023,7,2023_07_MIA_PHI,PHI,0.10698444363418423,0.15100841122546121,0.06389925106058773,0.1542391709729675,0.46153846153846156,65,65,48
2023,7,2023_07_PIT_LA,LA,-0.04322662068990788,-0.060223924340925,-0.07930751575050288,-0.0059818257886485515,0.4126984126984127,63,63,52
2023,7,2023_07_PIT_LA,PIT,0.060223924340925,0.04322662068990788,0.023650037204645504,0.09972372244810686,0.5192307692307693,52,52,63
2023,7,2023_07_SF_MIN,MIN,0.1646827425659862,-0.07834105938196487,0.296721015751938,-0.12580145844310775,0.421875,64,64,51
2023,7,2023_07_SF_MIN,SF,0.07834105938196487,-0.1646827425659862,0.2817017644601579,-0.2121742335868822,0.5686274509803921,51,51,64
2023,7,2023_07_WAS_NYG,NYG,-0.051175535339214845,0.23017099172767588,0.1494162004302902,-0.2794350967320999,0.45161290322580644,62,62,67
2023,7,2023_07_WAS_NYG,WAS,-0.23017099172767588,0.051175535339214845,-0.3061926291930676,-0.038116328657212616,0.3582089552238806,67,67,62
2023,8,2023_08_ATL_TEN,ATL,-0.05012484104413301,-0.06637833869535825,-0.138821173372642,0.09178929068148137,0.4153846153846154,65,65,64
2023,8,2023_08_ATL_TEN,TEN,0.06637833869535825,0.05012484104413301,0.19150631684216582,-0.051166125624370055,0.421875,64,64,65
2023,8,2023_08_BAL_ARI,ARI,-0.1927366532222012,-0.03310078718347266,-0.24229298630634438,-0.13079123686702224,0.4722222222222222,72,72,59
2023,8,2023_08_BAL_ARI,BAL,0.03310078718347266,0.1927366532222012,-0.16078613636938321,0.24776130968842022,0.4576271186440678,59,59,72
2023,8,2023_08_CHI_LAC,CHI,-0.15339637039752016,0.021017976698852765,-0.24543345394694746,0.00266651040368268,0.43548387096774194,62,62,65
2023,8,2023_08_CHI_LAC,LAC,-0.021017976698852765,0.15339637039752016,0.3210326365487529,-0.5682989578950219,0.38461538461538464,65,65,62
2023,8,2023_08_CIN_SF,CIN,0.22802712961006277,0.031718588663059544,0.24191099939857438,0.20933730489475869,0.5573770491803278,61,61,56
2023,8,2023_08_CIN_SF,SF,-0.031718588663059544,-0.22802712961006277,-0.0864222539292479,0.04676927889277594,0.5357142857142857,56,56,61
2023,8,2023_08_CLE_SEA,CLE,-0.08579944052201051,-0.0691586181836274,-0.14267924833179846,-0.034753459154252105,0.4189189189189189,74,74,54
2023,8,2023_08_CLE_SEA,SEA,0.0691586181836274,0.08579944052201051,0.06906728275676265,0.06937553982243116,0.46296296296296297,54,54,74
2023,8,2023_08_HOU_CAR,CAR,-0.15516670663757487,0.03473908612182723,-0.009028898280369745,-0.38046249452159947,0.32786885245901637,61,61,57
2023,8,2023_08_HOU_CAR,HOU,-0.03473908612182723,0.15516670663757487,-0.15038239604984927,0.0693398928133926,0.40350877192982454,57,57,61
2023,8,2023_08_JAX_PIT,JAX,-0.091579910111118,0.24144628118685751,0.07098860590856881,-0.2751250088430225,0.48484848484848486,66,66,63
2023,8,2023_08_JAX_PIT,PIT,-0.24144628118685751,0.091579910111118,-0.3031799369918105,-0.08711214167447502,0.38095238095238093,63,63,66
2023,8,2023_08_KC_DEN,DEN,-0.06809205644140363,0.31730959146784127,-0.19379150348165033,0.010470097958750558,0.4,65,65,57
2023,8,2023_08_KC_DEN,KC,-0.31730959146784127,0.06809205644140363,-0.40297874871874917,-0.09778237601238973,0.38596491228070173,57,57,65
2023,8,2023_08_LA_DAL,DAL,0.1629830778515587,0.15677518819022376,0.2507108998751217,0.02185571198756604,0.5,60,60,60
2023,8,2023_08_LA_DAL,LA,-0.15677518819022376,-0.1629830778515587,-0.2778376502596842,0.02481850491396696,0.4166666666666667,60,60,60
2023,8,2023_08_LV_DET,DET,-0.13388248604209999,0.5233037008166623,-0.15557618888518823,-0.11377612730948164,0.4177215189873418,79,79,45
2023,8,2023_08_LV_DET,LV,-0.5233037008166623,0.13388248604209999,-0.8946854680716233,0.033768950065778985,0.4444444444444444,45,45,79
2023,8,2023_08_MIN_GB,GB,-0.24214661962891584,-0.18624051056582444,-0.17568850526844876,-0.41806515764191693,0.3709677419354839,62,62,67
2023,8,2023_08_MIN_GB,MIN,0.18624051056582444,0.24214661962891584,0.4452388935160395,-0.15313668088618151,0.417910447761194,67,67,62
2023,8,2023_08_NE_MIA,MIA,0.08246388541392898,0.18862504612721814,0.2676996858302521,-0.2960614458716009,0.42857142857142855,70,70,50
2023,8,2023_08_NE_MIA,NE,-0.18862504612721814,-0.08246388541392898,-0.2852291165756081,-0.01688447644119151,0.4,50,50,70
2023,8,2023_08_NO_IND,IND,0.04779414407877191,-0.3330238639129549,-0.04739469904301652,0.21834082133864285,0.373134328358209,67,67,65
2023,8,2023_08_NO_IND,NO,0.3330238639129549,-0.04779414407877191,0.5373571301674626,0.15788106426623405,0.5230769230769231,65,65,67
2023,8,2023_08_NYJ_NYG,NYG,-0.3725217989357318,0.4133525790997827,-0.960916707811563,-0.168846638171021,0.22857142857142856,70,70,61
2023,8,2023_08_NYJ_NYG,NYJ,-0.4133525790997827,0.3725217989357318,-0.3759789385620911,-0.47960585096205416,0.3114754098360656,61,61,70
2023,8,2023_08_PHI_WAS,PHI,0.18448765807045295,-0.06871562827955527,0.5902829629627728,-0.627102951714187,0.4166666666666667,60,60,69
2023,8,2023_08_PHI_WAS,WAS,0.06871562827955527,-0.18448765807045295,0.06759667257835456,0.0724221690397826,0.5072463768115942,69,69,60
2023,8,2023_08_TB_BUF,BUF,0.09943383593787673,0.0742080300387657,0.04333837049654948,0.19367421787930653,0.5373134328358209,67,67,62
2023,8,2023_08_TB_BUF,TB,-0.0742080300387657,-0.09943383593787673,-0.024003417408400236,-0.20710259288385072,0.3709677419354839,62,62,67
2023,9,2023_09_ARI_CLE,ARI,-0.8043486848982866,0.07796932140425704,-1.2136697365376339,-0.27807876136198284,0.14583333333333334,48,48,70
2023,9,2023_09_ARI_CLE,CLE,-0.07796932140425704,0.8043486848982866,0.033373803010274226,-0.16147666471515548,0.3,70,70,48
2023,9,2023_09_BUF_CIN,BUF,0.04206963807684415,-0.18691368331592084,-0.022058618955502117,0.2023902806577098,0.5535714285714286,56,56,64
2023,9,2023_09_BUF_CIN,CIN,0.18691368331592084,-0.04206963807684415,0.2813034104090131,-0.03664093348350817,0.46875,64,64,56
2023,9,2023_09_CHI_NO,CHI,-0.09571840076552021,0.0631943455718067,-0.3000097337004493,0.10857293216940889,0.4375,64,64,61
2023,9,2023_09_CHI_NO,NO,-0.0631943455718067,0.09571840076552021,0.10055757136413453,-0.28362961837018913,0.45901639344262296,61,61,64
2023,9,2023_09_DAL_PHI,DAL,0.1207983331152977,-0.1935425420435761,0.21213148496269674,-0.09231235452863344,0.4714285714285714,70,70,59
2023,9,2023_09_DAL_PHI,PHI,0.1935425420435761,-0.1207983331152977,0.3244236185273621,0.09042411814725985,0.4915254237288136,59,59,70
2023,9,2023_09_IND_CAR,CAR,-0.29856316736192623,0.10387839918708558,-0.57332157304524,0.12338724136602,0.36619718309859156,71,71,54
2023,9,2023_09_IND_CAR,IND,-0.10387839918708558,0.29856316736192623,-0.03887842917699072,-0.16887836919718044,0.37037037037037035,54,54,71
2023,9,2023_09_LAC_NYJ,LAC,-0.11896003367710611,0.37136718061122403,-0.1889024154912562,0.0034391344976565374,0.32727272727272727,55,55,77
2023,9,2023_09_LAC_NYJ,NYJ,-0.37136718061122403,0.11896003367710611,-0.42003375293064393,-0.23266744950087742,0.33766233766233766,77,77,55
2023,9,2023_09_LA_GB,GB,-0.011736006704625261,0.4489104537437687,0.09098792479642064,-0.09448584041380112,0.46153846153846156,65,65,55
2023,9,2023_09_LA_GB,LA,-0.4489104537437687,0.011736006704625261,-0.5033051752666563,-0.3882394181990094,0.2909090909090909,55,55,65
2023,9,2023_09_MIA_KC,KC,0.018320637941799778,0.1307589611066666,0.0425382085795718,-0.018582326839567117,0.4339622641509434,53,53,58
2023,9,2023_09_MIA_KC,MIA,-0.1307589611066666,-0.018320637941799778,-0.22028218559776055,0.02697243442526087,0.41379310344827586,58,58,53
2023,9,2023_09_MIN_ATL,ATL,-0.11742127976120362,0.03658112461908321,-0.03433471402337113,-0.23018161897683345,0.3484848484848485,66,66,73
2023,9,2023_09_MIN_ATL,MIN,-0.03658112461908321,0.11742127976120362,-0.013143046643477376,-0.06661116202532819,0.3972602739726027,73,73,66
2023,9,2023_09_NYG_LV,LV,0.0020437746367750207,0.39015385567691796,0.30412194558672456,-0.2200725275323055,0.4745762711864407,59,59,63
2023,9,2023_09_NYG_LV,NYG,-0.39015385567691796,-0.0020437746367750207,-0.525634806736838,-0.18422281006583943,0.38095238095238093,63,63,59
2023,9,2023_09_SEA_BAL,BAL,0.19018535696173633,0.4455855544696665,-0.04877117128612696,0.392379342402236,0.4861111111111111,72,72,46
2023,9,2023_09_SEA_BAL,SEA,-0.4455855544696665,-0.19018535696173633,-0.4581869262241034,-0.41678241903095375,0.2391304347826087,46,46,72
2023,9,2023_09_TB_HOU,HOU,0.2988334119607607,-0.15025631298896164,0.5455649592710969,-0.28553077903740404,0.453125,64,64,63
2023,9,2023_09_TB_HOU,TB,0.15025631298896164,-0.2988334119607607,0.32679134504323887,-0.03197339751867941,0.3968253968253968,63,63,64
2023,9,2023_09_TEN_PIT,PIT,0.12672774782180604,0.0025226740998953393,0.11179848456936221,0.14217181325536862,0.4915254237288136,59,59,67
2023,9,2023_09_TEN_PIT,TEN,-0.0025226740998953393,-0.12672774782180604,-0.08417574511859621,0.13465448521152212,0.40298507462686567,67,67,59
2023,9,2023_09_WAS_NE,NE,-0.08962030252802523,-0.03735452506989532,-0.1370491618496157,0.02631690914697376,0.3548387096774194,62,62,76
2023,9,2023_09_WAS_NE,WAS,0.03735452506989532,0.08962030252802523,0.10499436379416587,-0.07859948417171134,0.42105263157894735,76,76,62
2023,10,2023_10_ATL_ARI,ARI,-0.003437750067341927,0.03175243972505517,-0.18449439183817726,0.2500415484118275,0.5,60,60,65
2023,10,2023_10_ATL_ARI,ATL,-0.03175243972505517,0.003437750067341927,-0.2396674537395686,0.09819444403401575,0.4,65,65,60
2023,10,2023_10_CAR_CHI,CAR,-0.13794126291191885,0.05898953078957393,-0.20122947137462602,0.024234771273768274,0.2631578947368421,57,57,69
2023,10,2023_10_CAR_CHI,CHI,-0.05898953078957393,0.13794126291191885,-0.061200247887987724,-0.05696304011602796,0.43478260869565216,69,69,57
2023,10,2023_10_CLE_BAL,BAL,-0.16973024622484445,-0.08693490709910437,-0.22667092535444824,-0.10804451050110704,0.42,50,50,75
2023,10,2023_10_CLE_BAL,CLE,0.08693490709910437,0.16973024622484445,-0.012096768844067561,0.19421922270420733,0.4533333333333333,75,75,50
2023,10,2023_10_DEN_BUF,BUF,-0.06321615949937336,0.0028946404316210787,-0.3361279163881446,0.22019220342358145,0.5094339622641509,53,53,69
2023,10,2023_10_DEN_BUF,DEN,-0.0028946404316210787,0.06321615949937336,0.10081588552913466,-0.09796262256231385,0.391304347826087,69,69,53
2023,10,2023_10_DET_LAC,DET,0.4461961206014214,-0.2017408950984984,0.44929484422600857,0.4425440534724437,0.5573770491803278,61,61,68
2023,10,2023_10_DET_LAC,LAC,0.2017408950984984,-0.4461961206014214,0.36469951765634806,-0.031057137127001106,0.47058823529411764,68,68,61
2023,10,2023_10_GB_PIT,GB,0.0643857397681279,-0.0423890853112099,0.13282031069104597,-0.04967187843673552,0.375,64,64,60
2023,10,2023_10_GB_PIT,PIT,0.0423890853112099,-0.0643857397681279,-0.2369845289005507,0.22863816145238364,0.48333333333333334,60,60,64
2023,10,2023_10_HOU_CIN,CIN,0.0005702718301031583,-0.10137644285801448,0.07268766193207367,-0.21097407246901032,0.3728813559322034,59,59,74
2023,10,2023_10_HOU_CIN,HOU,0.10137644285801448,-0.0005702718301031583,0.12844709284451608,0.06952861934448318,0.44594594594594594,74,74,59
2023,10,2023_10_IND_NE,IND,-0.017891335278321232,-0.0007948684934435222,0.08634100578064664,-0.13463155726436526,0.4339622641509434,53,53,68
2023,10,2023_10_IND_NE,NE,0.0007948684934435222,0.017891335278321232,-0.13901518933191742,0.12507047544931993,0.5294117647058824,68,68,53
2023,10,2023_10_NO_MIN,MIN,0.09982912348415834,0.04904561506305364,0.23756074374768343,-0.04624986770442885,0.4411764705882353,68,68,63
2023,10,2023_10_NO_MIN,NO,-0.04904561506305364,-0.09982912348415834,-0.14942911231587278,0.22258031867986872,0.36507936507936506,63,63,68
2023,10,2023_10_NYG_DAL,DAL,0.30986557386284785,0.25041148977120076,0.3599517268303316,0.2409971135325577,0.5263157894736842,76,76,54
2023,10,2023_10_NYG_DAL,NYG,-0.25041148977120076,-0.30986557386284785,-0.3721217457982644,-0.07337839009547183,0.3148148148148148,54,54,76
2023,10,2023_10_NYJ_LV,LV,-0.1845924398452985,0.13154244095137763,-0.32691316609180093,-0.05116675898920248,0.43548387096774194,62,62,63
2023,10,2023_10_NYJ_LV,NYJ,-0.13154244095137763,0.1845924398452985,-0.10849187314162956,-0.1776435765708738,0.3968253968253968,63,63,62
2023,10,2023_10_SF_JAX,JAX,-0.4714810743005806,-0.32201751455031025,-0.628748041007597,-0.1291941467617803,0.2777777777777778,54,54,57
2023,10,2023_10_SF_JAX,SF,0.32201751455031025,0.4714810743005806,0.49001197263535456,0.1353570055669277,0.49122807017543857,57,57,54
2023,10,2023_10_TEN_TB,TB,0.05325110234052687,0.2696010521121985,0.24579493024947235,-0.16679898669826798,0.35,60,60,59
2023,10,2023_10_TEN_TB,TEN,-0.2696010521121985,-0.05325110234052687,-0.26891446306243477,-0.2714462601834384,0.3389830508474576,59,59,60
2023,10,2023_10_WAS_SEA,SEA,0.09782280678047373,-0.1091561289818323,0.1024942514580957,0.0893782721709263,0.4657534246575342,73,73,61
2023,10,2023_10_WAS_SEA,WAS,0.1091561289818323,-0.09782280678047373,0.2480514342164986,-0.35713525287740466,0.4098360655737705,61,61,73
2023,11,2023_11_ARI_HOU,ARI,-0.0569310708240043,0.05287954821213904,-0.2068699806646002,0.13337600705059818,0.423728813559322,59,59,66
2023,11,2023_11_ARI_HOU,HOU,-0.05287954821213904,0.0569310708240043,0.04918855120558789,-0.23149872219316117,0.45454545454545453,66,66,59
2023,11,2023_11_CHI_DET,CHI,0.018868297576275297,-0.07415806177201666,0.026726732652450524,0.014502500311733514,0.4714285714285714,70,70,59
2023,11,2023_11_CHI_DET,DET,0.07415806177201666,-0.018868297576275297,-0.02873827787889413,0.2603514382831885,0.559322033898305,59,59,70
2023,11,2023_11_CIN_BAL,BAL,0.17070736318432225,-0.05278226851470349,0.2842459023273533,0.06449389108277707,0.48333333333333334,60,60,59
2023,11,2023_11_CIN_BAL,CIN,0.05278226851470349,-0.17070736318432225,-0.06831844711879205,0.24233121472365304,0.4745762711864407,59,59,60
2023,11,2023_11_DAL_CAR,CAR,-0.2955619702480339,-0.18181384805329623,-0.520345302902308,0.07226530136805112,0.3620689655172414,58,58,65
2023,11,2023_11_DAL_CAR,DAL,0.18181384805329623,0.2955619702480339,0.15969436478022134,0.2196012986447992,0.4461538461538462,65,65,58
2023,11,2023_11_LAC_GB,GB,0.08529282894908743,-0.06530829421961061,0.25002209959331567,-0.17705378726209084,0.44285714285714284,70,70,61
2023,11,2023_11_LAC_GB,LAC,0.06530829421961061,-0.08529282894908743,0.13316086460301443,-0.046795952500795705,0.4098360655737705,61,61,70
2023,11,2023_11_LV_MIA,LV,-0.2539218316161956,0.10383089418579987,-0.22271240567375206,-0.3377971638365125,0.3559322033898305,59,59,67
2023,11,2023_11_LV_MIA,MIA,-0.10383089418579987,0.2539218316161956,0.01792821943195917,-0.28421476621210956,0.373134328358209,67,67,59
2023,11,2023_11_MIN_DEN,DEN,-0.04192191331935346,0.020245780253000063,0.040164818676130476,-0.24440251890821382,0.40384615384615385,52,52,70
2023,11,2023_11_MIN_DEN,MIN,-0.020245780253000063,0.04192191331935346,0.031219933986262178,-0.06885228814563663,0.4857142857142857,70,70,52
2023,11,2023_11_NYG_WAS,NYG,-0.022890550747692525,0.17081263140632713,0.10880627935153565,-0.2654899746146918,0.35185185185185186,54,54,77
2023,11,2023_11_NYG_WAS,WAS,-0.17081263140632713,0.022890550747692525,-0.29694692084857305,0.049922375117603224,0.45454545454545453,77,77,54
2023,11,2023_11_NYJ_BUF,BUF,0.09407515487065332,0.37760150382448493,0.3636630164087866,-0.1530470515393022,0.36231884057971014,69,69,55
2023,11,2023_11_NYJ_BUF,NYJ,-0.37760150382448493,-0.09407515487065332,-0.5018935319719761,-0.12211233485464214,0.2545454545454545,55,55,69
2023,11,2023_11_PHI_KC,KC,-0.13191461093781184,0.01973372377117402,-0.3022550696718268,0.11224004658094297,0.3424657534246575,73,73,51
2023,11,2023_11_PHI_KC,PHI,-0.01973372377117402,0.13191461093781184,-0.12647932389302663,0.10035507636591016,0.39215686274509803,51,51,73
2023,11,2023_11_PIT_CLE,CLE,-0.13850446899076643,0.10724966047796856,-0.2206540237009223,-0.019529251824333814,0.36619718309859156,71,71,56
2023,11,2023_11_PIT_CLE,PIT,-0.10724966047796856,0.13850446899076643,-0.38359836076344966,0.23542272787602797,0.35714285714285715,56,56,71
2023,11,2023_11_SEA_LA,LA,-0.16330574085450691,0.0083642200624476,-0.14296296693618335,-0.18834300106167434,0.39655172413793105,58,58,61
2023,11,2023_11_SEA_LA,SEA,-0.0083642200624476,0.16330574085450691,-0.008386002059759073,-0.008319566967959092,0.36065573770491804,61,61,58
2023,11,2023_11_TB_SF,SF,0.21202445266687114,0.11537704090358492,0.5472548173649876,-0.135178425056178,0.5263157894736842,57,57,66
2023,11,2023_11_TB_SF,TB,-0.11537704090358492,-0.21202445266687114,-0.1875251434210032,0.09257925458779723,0.4696969696969697,66,66,57
2023,11,2023_11_TEN_JAX,JAX,0.19394928561973585,-0.03798047847683645,0.5003200170999621,-0.08689055157047157,0.4057971014492754,69,69,36
2023,11,2023_11_TEN_JAX,TEN,0.03798047847683645,-0.19394928561973585,0.15594518684022324,-0.0938624308704782,0.4166666666666667,36,36,69
2023,12,2023_12_BAL_LAC,BAL,0.0266497987897133,0.30167102230636483,-0.1046600942862887,0.16193877953468505,0.4925373134328358,67,67,66
2023,12,2023_12_BAL_LAC,LAC,-0.30167102230636483,-0.0266497987897133,-0.41637308766116127,-0.017934334323447394,0.36363636363636365,66,66,67
2023,12,2023_12_BUF_PHI,BUF,0.16537280363350393,-0.03547633071424077,0.14731797539386973,0.18944590795301616,0.45054945054945056,91,91,64
2023,12,2023_12_BUF_PHI,PHI,0.03547633071424077,-0.16537280363350393,0.0026422891482459927,0.07042869754255779,0.453125,64,64,91
2023,12,2023_12_CAR_TEN,CAR,-0.13866227316256857,-0.04109319935467246,-0.13906453782054454,-0.13822229619290738,0.34328358208955223,67,67,49
2023,12,2023_12_CAR_TEN,TEN,0.04109319935467246,0.13866227316256857,-0.015581412792796203,0.11665934888463068,0.46938775510204084,49,49,67
2023,12,2023_12_CHI_MIN,CHI,-0.12092265004090065,0.5115122717537043,-0.139682298946054,-0.09090721179265529,0.36923076923076925,65,65,51
2023,12,2023_12_CHI_MIN,MIN,-0.5115122717537043,0.12092265004090065,-0.699721740065184,-0.135093335130745,0.29411764705882354,51,51,65
2023,12,2023_12_CLE_DEN,CLE,-0.282240643440032,0.02734540571490806,-0.26279410764027805,-0.32197921659605094,0.35714285714285715,70,70,58
2023,12,2023_12_CLE_DEN,DEN,-0.02734540571490806,0.282240643440032,0.1936626701625874,-0.17257928414869078,0.41379310344827586,58,58,70
2023,12,2023_12_GB_DET,DET,-0.13903085603853804,-0.14551286089665807,-0.09140610886151747,-0.21277240005456993,0.4177215189873418,79,79,54
2023,12,2023_12_GB_DET,GB,0.14551286089665807,0.13903085603853804,0.3579508668183671,-0.18831829126602748,0.46296296296296297,54,54,79
2023,12,2023_12_JAX_HOU,HOU,0.05715320009781359,-0.037399163118982684,0.018978523885583833,0.14198581390276863,0.4482758620689655,58,58,68
2023,12,2023_12_JAX_HOU,JAX,0.037399163118982684,-0.05715320009781359,0.3202623567714272,-0.3430030628274082,0.4411764705882353,68,68,58
2023,12,2023_12_KC_LV,KC,0.2643042237810524,0.026421417041649083,0.3596398817789075,0.10541146045129392,0.5178571428571429,56,56,58
2023,12,2023_12_KC_LV,LV,-0.026421417041649083,-0.2643042237810524,0.09997954629690338,-0.21877070907857674,0.3275862068965517,58,58,56
2023,12,2023_12_LA_ARI,ARI,-0.1384552957480188,-0.3348599183290731,-0.2852808174670553,0.3203744596239703,0.3787878787878788,66,66,66
2023,12,2023_12_LA_ARI,LA,0.3348599183290731,0.1384552957480188,0.40012822901437506,0.2695916076437711,0.5606060606060606,66,66,66
2023,12,2023_12_MIA_NYJ,MIA,0.041621721121713535,0.3845972326044417,0.14409863566834413,-0.0466222886267739,0.44776119402985076,67,67,55
2023,12,2023_12_MIA_NYJ,NYJ,-0.3845972326044417,-0.041621721121713535,-0.4148352204032967,-0.2485262875095941,0.34545454545454546,55,55,67
2023,12,2023_12_NE_NYG,NE,-0.163918993335001,0.24232583341528338,-0.44121807560362425,0.16705087905012997,0.4117647058823529,68,68,49
2023,12,2023_12_NE_NYG,NYG,-0.24232583341528338,0.163918993335001,-0.05883939246609297,-0.5583302594944447,0.30612244897959184,49,49,68
2023,12,2023_12_NO_ATL,ATL,0.05104963398402192,0.044506588660492695,-0.13077694005499194,0.1465085853545042,0.47540983606557374,61,61,66
2023,12,2023_12_NO_ATL,NO,-0.044506588660492695,-0.05104963398402192,-0.03252612391337798,-0.06181170440632505,0.4696969696969697,66,66,61
2023,12,2023_12_PIT_CIN,CIN,-0.15613913311285393,-0.07946452581377549,-0.0915970031158062,-0.3497655231039971,0.35,40,40,65
2023,12,2023_12_PIT_CIN,PIT,0.07946452581377549,0.15613913311285393,0.33648664678280893,-0.22039461531676352,0.46153846153846156,65,65,40
2023,12,2023_12_SF_SEA,SEA,-0.264911920756285,-0.10954378314662998,-0.3618402410634746,-0.112595988844987,0.4444444444444444,54,54,63
2023,12,2023_12_SF_SEA,SF,0.10954378314662998,0.264911920756285,0.009532529003832182,0.21278120677790516,0.47619047619047616,63,63,54
2023,12,2023_12_TB_IND,IND,0.08095579419225274,0.08423193042463568,-0.0022581421582384266,0.2185788427719112,0.4927536231884058,69,69,56
2023,12,2023_12_TB_IND,TB,-0.08423193042463568,-0.08095579419225274,-0.2537885131210846,0.24595720430002793,0.4642857142857143,56,56,69
2023,12,2023_12_WAS_DAL,DAL,0.4576479048020379,0.22685714284017877,0.5831890795871387,0.2274890843626862,0.5294117647058824,51,51,75
2023,12,2023_12_WAS_DAL,WAS,-0.22685714284017877,-0.4576479048020379,-0.2572676653505314,-0.17279399171066298,0.4666666666666667,75,75,51
2023,13,2023_13_ARI_PIT,ARI,0.03809573249114291,0.09221512000953318,0.045787626501381434,0.03260152248382967,0.35,60,60,57
2023,13,2023_13_ARI_PIT,PIT,-0.09221512000953318,-0.03809573249114291,0.2795761431897505,-0.42682725688888845,0.47368421052631576,57,57,60
2023,13,2023_13_ATL_NYJ,ATL,-0.22768282893642075,0.34924504313876686,-0.12596006540301757,-0.3201580685122418,0.30158730158730157,63,63,67
2023,13,2023_13_ATL_NYJ,NYJ,-0.34924504313876686,0.22768282893642075,-0.29146073372915166,-0.4463226829469204,0.2537313432835821,67,67,63
2023,13,2023_13_CAR_TB,CAR,-0.08558960970233236,0.045349389956494894,-0.14488479757315612,-0.026294421831508583,0.45714285714285713,70,70,56
2023,13,2023_13_CAR_TB,TB,-0.045349389956494894,0.08558960970233236,-0.12337114334998962,0.04467571011292211,0.30357142857142855,56,56,70
2023,13,2023_13_CIN_JAX,CIN,0.19447215601804066,-0.18604210767038096,0.26524734463756566,0.10086626139221731,0.5138888888888888,72,72,68
2023,13,2023_13_CIN_JAX,JAX,0.18604210767038096,-0.19447215601804066,0.2645897170708937,0.05094021950149909,0.4852941176470588,68,68,72
2023,13,2023_13_CLE_LA,CLE,-0.09596306305276736,-0.1179723458215971,-0.16938182457414933,0.05087445998999655,0.42028985507246375,69,69,61
2023,13,2023_13_CLE_LA,LA,0.1179723458215971,0.09596306305276736,0.1437601011485222,0.0782162230259209,0.4262295081967213,61,61,69
2023,13,2023_13_DEN_HOU,DEN,-0.21624920646151283,0.05417149325648754,-0.5161420339866001,0.08364362106357444,0.43103448275862066,58,58,63
2023,13,2023_13_DEN_HOU,HOU,-0.05417149325648754,0.21624920646151283,0.054253654528874866,-0.18129063203932622,0.3492063492063492,63,63,58
2023,13,2023_13_DET_NO,DET,0.1540256314176032,0.03622228647652788,0.27749770534715973,0.03496327441410228,0.38181818181818183,55,55,66
2023,13,2023_13_DET_NO,NO,-0.03622228647652788,-0.1540256314176032,0.1941592852667635,-0.24027453573487167,0.45454545454545453,66,66,55
2023,13,2023_13_IND_TEN,IND,-0.01090840195705578,-0.0308100599814912,0.04442960586943951,-0.1266151455942732,0.4264705882352941,68,68,80
2023,13,2023_13_IND_TEN,TEN,0.0308100599814912,0.01090840195705578,0.0037166560168082332,0.05658183448448232,0.4125,80,80,68
2023,13,2023_13_KC_GB,GB,0.30279747643761384,-0.1735720949910212,0.4050564106298633,0.14736389646539463,0.49206349206349204,63,63,61
2023,13,2023_13_KC_GB,KC,0.1735720949910212,-0.30279747643761384,0.10965929758256485,0.2656065232591983,0.4918032786885246,61,61,63
2023,13,2023_13_LAC_NE,LAC,-0.14786571430826026,0.27462989578658203,0.05426655824386937,-0.4878154454186601,0.4067796610169492,59,59,62
2023,13,2023_13_LAC_NE,NE,-0.27462989578658203,0.14786571430826026,-0.5239935272664298,-0.04085149127422483,0.3870967741935484,62,62,59
2023,13,2023_13_MIA_WAS,MIA,0.409192491588214,0.17663887556606941,0.7445564289532409,0.16260136117275312,0.5084745762711864,59,59,55
2023,13,2023_13_MIA_WAS,WAS,-0.17663887556606941,-0.409192491588214,-0.48226938730495095,0.11807626075356634,0.2909090909090909,55,55,59
2023,13,2023_13_SEA_DAL,DAL,0.17725046138628708,-0.1319885657045118,0.3222499474925651,-0.03118629989148758,0.5,78,78,63
2023,13,2023_13_SEA_DAL,SEA,0.1319885657045118,-0.17725046138628708,0.27408554132817675,-0.13282852523050018,0.4444444444444444,63,63,78
2023,13,2023_13_SF_PHI,PHI,0.06039534426383419,-0.529724167911419,0.17242180274677693,-0.26323664690911147,0.34285714285714286,70,70,56
2023,13,2023_13_SF_PHI,SF,0.529724167911419,-0.06039534426383419,0.7699900483210764,0.271660814878824,0.6071428571428571,56,56,70
2023,14,2023_14_BUF_KC,BUF,0.01806460304745864,0.05713788338026805,-0.044964640440776055,0.12472947664293274,0.4142857142857143,70,70,62
2023,14,2023_14_BUF_KC,KC,-0.05713788338026805,-0.01806460304745864,-0.16766022285349488,0.21302783533206415,0.5,62,62,70
2023,14,2023_14_CAR_NO,CAR,-0.32672463587772066,0.19093744698670215,-0.7822924305277013,0.1405243842761056,0.35443037974683544,79,79,50
2023,14,2023_14_CAR_NO,NO,-0.19093744698670215,0.32672463587772066,-0.35420873506771616,0.0007288477170969481,0.44,50,50,79
2023,14,2023_14_DEN_LAC,DEN,-0.049338054764946834,0.4709905661927508,-0.06330343997813315,-0.03188132324846395,0.4126984126984127,63,63,67
2023,14,2023_14_DEN_LAC,LAC,-0.4709905661927508,0.049338054764946834,-0.5566303460606529,-0.2546374381054193,0.373134328358209,67,67,63
2023,14,2023_14_DET_CHI,CHI,0.042477918178091385,0.1476562321250741,0.054022995048777195,0.027221923741827986,0.3230769230769231,65,65,63
2023,14,2023_14_DET_CHI,DET,-0.1476562321250741,-0.042477918178091385,-0.16245038456653652,-0.12361573440769764,0.4126984126984127,63,63,65
2023,14,2023_14_GB_NYG,GB,-0.0392457314717331,-0.00993595895967054,-0.005314961496214379,-0.09275194566389725,0.40298507462686567,67,67,54
2023,14,2023_14_GB_NYG,NYG,0.00993595895967054,0.0392457314717331,0.2467231155481124,-0.14074677705115612,0.5370370370370371,54,54,67
2023,14,2023_14_HOU_NYJ,HOU,-0.5272716430498314,0.006837021773824168,-0.7728082202127994,-0.10081337745099231,0.25,52,52,65
2023,14,2023_14_HOU_NYJ,NYJ,-0.006837021773824168,0.5272716430498314,0.1957455985571108,-0.3309692143033201,0.38461538461538464,65,65,52
2023,14,2023_14_IND_CIN,CIN,0.07264914657086599,0.04437234248803605,0.25145895360736176,-0.06704601517639633,0.40350877192982454,57,57,60
2023,14,2023_14_IND_CIN,IND,-0.04437234248803605,-0.07264914657086599,0.014384519211441281,-0.1929926397278905,0.4666666666666667,60,60,57
2023,14,2023_14_JAX_CLE,CLE,-0.11807995619019106,0.1883115441665412,-0.1595494120563928,-0.04177615739637986,0.4225352112676056,71,71,74
2023,14,2023_14_JAX_CLE,JAX,-0.1883115441665412,0.11807995619019106,-0.17775279736564153,-0.2188763375375665,0.35135135135135137,74,74,71
2023,14,2023_14_LA_BAL,BAL,0.1683850297674844,-0.10266544081521926,0.2741918674445509,-0.026299551558317962,0.43661971830985913,71,71,73
2023,14,2023_14_LA_BAL,LA,0.10266544081521926,-0.1683850297674844,0.12731204962076204,0.06527058607577507,0.4246575342465753,73,73,71
2023,14,2023_14_MIN_LV,LV,-0.4643485611491345,0.2031035270812026,-0.6601180150788019,-0.04977795282748582,0.22641509433962265,53,53,71
2023,14,2023_14_MIN_LV,MIN,-0.2031035270812026,0.4643485611491345,-0.2956436743759034,-0.07663199244511153,0.39436619718309857,71,71,53
2023,14,2023_14_NE_PIT,NE,-0.05932960258479315,0.3059086544382521,0.04329604896677968,-0.18248038444668055,0.32727272727272727,55,55,66
2023,14,2023_14_NE_PIT,PIT,-0.3059086544382521,0.05932960258479315,-0.40275267053284125,-0.1660228534127344,0.3939393939393939,66,66,55
2023,14,2023_14_PHI_DAL,DAL,0.03769751544824359,0.17774963431662213,-0.0013091500945092123,0.08889376397310662,0.4594594594594595,74,74,52
2023,14,2023_14_PHI_DAL,PHI,-0.17774963431662213,-0.03769751544824359,-0.13199848075585402,-0.23543587141498196,0.4423076923076923,52,52,74
2023,14,2023_14_SEA_SF,SEA,-0.12247094398922387,-0.2630194051262851,-0.03286979191478653,-0.2837530177232111,0.3392857142857143,56,56,52
2023,14,2023_14_SEA_SF,SF,0.2630194051262851,0.12247094398922387,0.26189622017554937,0.26455102096819744,0.4423076923076923,52,52,56
2023,14,2023_14_TB_ATL,ATL,-0.01568192891235079,0.03212770888048178,-0.0551871534690636,0.04965363477759732,0.43478260869565216,69,69,67
2023,14,2023_14_TB_ATL,TB,-0.03212770888048178,0.01568192891235079,0.08164135840979206,-0.1243728985752984,0.373134328358209,67,67,69
2023,14,2023_14_TEN_MIA,MIA,-0.03839909006668134,-0.06700255624870652,-0.19573797919465227,0.15446793531599273,0.4927536231884058,69,69,68
2023,14,2023_14_TEN_MIA,TEN,0.06700255624870652,0.03839909006668134,0.21912680867470602,-0.15031780435986417,0.45588235294117646,68,68,69
2023,15,2023_15_ATL_CAR,ATL,-0.30273039171239363,0.19567796324016454,0.15602785049559315,-0.6085692198510515,0.36,50,50,60
2023,15,2023_15_ATL_CAR,CAR,-0.19567796324016454,0.30273039171239363,-0.14384752846662557,-0.23808468260033283,0.36666666666666664,60,60,50
2023,15,2023_15_BAL_JAX,BAL,0.0261147803617203,0.22573760696844497,-0.13203868876801175,0.1277848676594052,0.5362318840579711,69,69,61
2023,15,2023_15_BAL_JAX,JAX,-0.22573760696844497,-0.0261147803617203,-0.2758241039571857,-0.09610196770346888,0.36065573770491804,61,61,69
2023,15,2023_15_CHI_CLE,CHI,-0.3111668758925698,0.3703540916182818,-0.3600004756231384,-0.23339484669203456,0.2714285714285714,70,70,67
2023,15,2023_15_CHI_CLE,CLE,-0.3703540916182818,0.3111668758925698,-0.31281508490716137,-0.5269880543318872,0.34328358208955223,67,67,70
2023,15,2023_15_DAL_BUF,BUF,0.18652302219143793,0.0941812861989965,-0.028812231138361594,0.2614222407409334,0.532258064516129,62,62,57
2023,15,2023_15_DAL_BUF,DAL,-0.0941812861989965,-0.18652302219143793,-0.33645954473639267,0.35403349209518636,0.43859649122807015,57,57,62
2023,15,2023_15_DEN_DET,DEN,-0.12823080004490606,-0.3300605802323844,-0.0703818066548967,-0.20107768061010306,0.4098360655737705,61,61,64
2023,15,2023_15_DEN_DET,DET,0.3300605802323844,0.12823080004490606,0.4231035444503909,0.21043391195209032,0.5,64,64,61
2023,15,2023_15_HOU_TEN,HOU,-0.1103435555862219,0.18189447900990144,-0.06792572343272849,-0.16336584577808866,0.4444444444444444,72,72,63
2023,15,2023_15_HOU_TEN,TEN,-0.18189447900990144,0.1103435555862219,-0.1736515929003486,-0.19096165373040955,0.2698412698412698,63,63,72
2023,15,2023_15_KC_NE,KC,-0.02035615687867682,0.3172560752046005,0.07840795055970244,-0.2585519454065327,0.3448275862068966,58,58,51
2023,15,2023_15_KC_NE,NE,-0.3172560752046005,0.02035615687867682,-0.36909416680950685,-0.20386024981886777,0.35294117647058826,51,51,58
2023,15,2023_15_LAC_LV,LAC,-0.3748612407103388,-0.2524649465977702,-0.29487149524502454,-0.47484842254198156,0.4126984126984127,63,63,63
2023,15,2023_15_LAC_LV,LV,0.2524649465977702,0.3748612407103388,0.33307783187656487,0.1377466098548701,0.49206349206349204,63,63,63
2023,15,2023_15_MIN_CIN,CIN,0.1479929611710682,-0.1409011299869616,0.16997260421904228,0.09634080000832909,0.5074626865671642,67,67,67
2023,15,2023_15_MIN_CIN,MIN,0.1409011299869616,-0.1479929611710682,0.3066711592421969,-0.06354857276116187,0.4925373134328358,67,67,67
2023,15,2023_15_NYG_NO,NO,0.08767844235863632,0.3010920882446756,0.311621118815779,-0.18105276938993484,0.43636363636363634,55,55,60
2023,15,2023_15_NYG_NO,NYG,-0.3010920882446756,-0.08767844235863632,-0.3305401560064638,-0.22010990189975815,0.25,60,60,55
2023,15,2023_15_NYJ_MIA,MIA,0.10797617186160802,0.5663793921909845,0.2528734047642933,-0.05363997252984868,0.36363636363636365,55,55,55
2023,15,2023_15_NYJ_MIA,NYJ,-0.5663793921909845,-0.10797617186160802,-0.5411773931463845,-0.6566865554341348,0.2,55,55,55
2023,15,2023_15_PHI_SEA,PHI,0.11432601304566495,-0.05764850232119893,0.05536620194588097,0.1624248063112782,0.5072463768115942,69,69,58
2023,15,2023_15_PHI_SEA,SEA,0.05764850232119893,-0.11432601304566495,0.09329850094898412,0.0033985044093519127,0.41379310344827586,58,58,69
2023,15,2023_15_PIT_IND,IND,0.05359909834825614,0.31995679991356424,-0.02247096135372564,0.12505885140163298,0.421875,64,64,54
2023,15,2023_15_PIT_IND,PIT,-0.31995679991356424,-0.05359909834825614,-0.2694541603520823,-0.3830850993654167,0.3333333333333333,54,54,64
2023,15,2023_15_SF_ARI,ARI,0.003787161366518756,-0.42628159982975244,-0.1710503502840268,0.2543875947323007,0.3972602739726027,73,73,51
2023,15,2023_15_SF_ARI,SF,0.42628159982975244,-0.003787161366518756,0.6768819542704981,0.14435620108391353,0.5294117647058824,51,51,73
2023,15,2023_15_TB_GB,GB,0.031642578386514006,-0.36449391053522145,0.09575903772097116,-0.13265584865803248,0.45614035087719296,57,57,58
2023,15,2023_15_TB_GB,TB,0.36449391053522145,-0.031642578386514006,0.7111091050687367,-0.09303814624901861,0.5172413793103449,58,58,57
2023,15,2023_15_WAS_LA,LA,-0.017858583663849254,0.14444259610097326,0.09004195752587714,-0.12008014900148478,0.43243243243243246,74,74,58
2023,15,2023_15_WAS_LA,WAS,-0.14444259610097326,0.017858583663849254,-0.08514181657134227,-0.24892492193889448,0.3793103448275862,58,58,74
2023,16,2023_16_ARI_CHI,ARI,-0.15749019734626238,-0.11651338674885472,-0.16493955543158206,-0.1425914811756229,0.31666666666666665,60,60,67
2023,16,2023_16_ARI_CHI,CHI,0.11651338674885472,0.15749019734626238,-0.12932161015251623,0.293010307601121,0.43283582089552236,67,67,60
2023,16,2023_16_BAL_SF,BAL,0.06304676072558904,0.22893375222702575,0.13298241084591822,-0.04045800145249814,0.45161290322580644,62,62,68
2023,16,2023_16_BAL_SF,SF,-0.22893375222702575,-0.06304676072558904,-0.37434551860468324,0.17498782104424512,0.4264705882352941,68,68,62
2023,16,2023_16_BUF_LAC,BUF,0.06887286251368133,0.09489866467715144,0.45605913216555066,-0.21506373523102287,0.40384615384615385,52,52,65
2023,16,2023_16_BUF_LAC,LAC,-0.09489866467715144,-0.06887286251368133,-0.02855042420994494,-0.18827766977914576,0.35384615384615387,65,65,52
2023,16,2023_16_CIN_PIT,CIN,-0.20901685340722587,-0.22046579698746552,-0.16491846871949714,-0.33579970938444603,0.41935483870967744,62,62,58
2023,16,2023_16_CIN_PIT,PIT,0.22046579698746552,0.20901685340722587,0.2976842840972897,0.14839520901829625,0.46551724137931033,58,58,62
2023,16,2023_16_CLE_HOU,CLE,0.11339988014695246,0.2678220143442398,0.34331294213220703,-0.22776143763761877,0.4155844155844156,77,77,68
2023,16,2023_16_CLE_HOU,HOU,-0.2678220143442398,-0.11339988014695246,-0.27855995882530876,-0.2329236947807658,0.3088235294117647,68,68,77
2023,16,2023_16_DAL_MIA,DAL,0.06010501517054035,-0.035878146083775035,0.23423551734907655,-0.20109073809726397,0.4666666666666667,60,60,62
2023,16,2023_16_DAL_MIA,MIA,0.035878146083775035,-0.06010501517054035,0.19195688283674536,-0.2112465204417613,0.5161290322580645,62,62,60
2023,16,2023_16_DET_MIN,DET,0.18086630287465374,-0.03220929555971675,0.34815376403065845,-0.020862694401704872,0.5066666666666667,75,75,50
2023,16,2023_16_DET_MIN,MIN,0.03220929555971675,-0.18086630287465374,0.15287020346239352,-0.39558846882250087,0.4,50,50,75
2023,16,2023_16_GB_CAR,CAR,0.18296155141212095,-0.26127758171272925,0.330490244881051,-0.0269831277552025,0.47619047619047616,63,63,63
2023,16,2023_16_GB_CAR,GB,0.26127758171272925,-0.18296155141212095,0.3890656186528798,0.15228190314613022,0.49206349206349204,63,63,63
2023,16,2023_16_IND_ATL,ATL,0.13086961448151932,0.2399623808193562,0.23309003853919197,0.01842714801807941,0.5079365079365079,63,63,67
2023,16,2023_16_IND_ATL,IND,-0.2399623808193562,-0.13086961448151932,-0.18803261367039376,-0.3330032136279139,0.34328358208955223,67,67,63
2023,16,2023_16_JAX_TB,JAX,-0.20385275782476445,-0.05241863031272672,-0.2346394596450338,-0.08544236620834383,0.4444444444444444,63,63,70
2023,16,2023_16_JAX_TB,TB,0.05241863031272672,0.20385275782476445,0.3498132488919956,-0.28102382082160504,0.4,70,70,63
2023,16,2023_16_LV_KC,KC,-0.2506189632056673,0.17964115090517144,-0.2426957956118816,-0.26614837168948724,0.40540540540540543,74,74,50
2023,16,2023_16_LV_KC,LV,-0.17964115090517144,0.2506189632056673,-0.5638668229429051,0.14766219934919433,0.34,50,50,74
2023,16,2023_16_NE_DEN,DEN,-0.0927063026174402,0.075355792689227,-0.08561283451515293,-0.10596800385215117,0.4696969696969697,66,66,55
2023,16,2023_16_NE_DEN,NE,-0.075355792689227,0.0927063026174402,0.08616078759368528,-0.3368588274329897,0.34545454545454546,55,55,66
2023,16,2023_16_NO_LA,LA,0.20810223541513537,0.052531268267241985,0.42955770272159527,-0.04192813089860964,0.48484848484848486,66,66,58
2023,16,2023_16_NO_LA,NO,-0.052531268267241985,-0.20810223541513537,0.04089941176671405,-0.3203658843645826,0.3793103448275862,58,58,66
2023,16,2023_16_NYG_PHI,NYG,-0.06430624724016024,-0.13014396851299717,-0.1927558458563177,0.08317292154135389,0.3275862068965517,58,58,74
2023,16,2023_16_NYG_PHI,PHI,0.13014396851299717,0.06430624724016024,0.18932835826802913,0.06419564850024734,0.5405405405405406,74,74,58
2023,16,2023_16_SEA_TEN,SEA,0.13119076369784954,-0.09455044940788755,0.283388846067617,-0.16559549692319706,0.423728813559322,59,59,63
2023,16,2023_16_SEA_TEN,TEN,0.09455044940788755,-0.13119076369784954,-0.021414804774394725,0.2142565182412112,0.5079365079365079,63,63,59
2023,16,2023_16_WAS_NYJ,NYJ,-0.23998283202580795,0.18274460097469775,-0.3259783633821694,-0.1229333587907604,0.43529411764705883,85,85,58
2023,16,2023_16_WAS_NYJ,WAS,-0.18274460097469775,0.23998283202580795,-0.459513239923884,0.27014953548760706,0.3620689655172414,58,58,85
2023,17,2023_17_ARI_PHI,ARI,0.2558193753436117,-0.22749688327204765,0.28488737703957545,0.23256497398684067,0.5833333333333334,72,72,47
2023,17,2023_17_ARI_PHI,PHI,0.22749688327204765,-0.2558193753436117,0.5326859036308459,-0.09096122492843753,0.5106382978723404,47,47,72
2023,17,2023_17_ATL_CHI,ATL,-0.07273240969459133,-0.1274256920188893,-0.2592485642366979,0.19927031567931408,0.3898305084745763,59,59,72
2023,17,2023_17_ATL_CHI,CHI,0.1274256920188893,0.07273240969459133,0.15337101826892266,0.10288281583642536,0.3888888888888889,72,72,59
2023,17,2023_17_CAR_JAX,CAR,-0.45515617516928547,-0.10604497942392903,-0.564872212410831,-0.1772088808240369,0.33962264150943394,53,53,58
2023,17,2023_17_CAR_JAX,JAX,0.10604497942392903,0.45515617516928547,0.19226210767485272,0.030952641915060006,0.3620689655172414,58,58,53
2023,17,2023_17_CIN_KC,CIN,-0.0759069002250588,-0.04761590506907518,0.0017244735707436871,-0.17052013703869306,0.3380281690140845,71,71,51
2023,17,2023_17_CIN_KC,KC,0.04761590506907518,0.0759069002250588,-0.0009754968071277862,0.12293257797718979,0.37254901960784315,51,51,71
2023,17,2023_17_DET_DAL,DAL,-0.04094774382396881,0.04500411851193409,0.09859710989656328,-0.3270146939510596,0.45901639344262296,61,61,65
2023,17,2023_17_DET_DAL,DET,-0.04500411851193409,0.04094774382396881,0.07553214319519924,-0.17720517973911257,0.4461538461538462,65,65,61
2023,17,2023_17_GB_MIN,GB,0.27340189109546204,0.33894254937089946,0.47520566614275533,0.08796058429524654,0.5352112676056338,71,71,51
2023,17,2023_17_GB_MIN,MIN,-0.33894254937089946,-0.27340189109546204,-0.5330110638400126,0.12682188535497213,0.37254901960784315,51,51,71
2023,17,2023_17_LAC_DEN,DEN,-0.04792571554313115,0.13745865296574925,0.13824212976722827,-0.25210980394804144,0.4153846153846154,65,65,62
2023,17,2023_17_LAC_DEN,LAC,-0.13745865296574925,0.04792571554313115,0.03191695902623973,-0.40563670528639845,0.3870967741935484,62,62,65
2023,17,2023_17_LA_NYG,LA,0.01830953916942235,0.06790670621118,-0.08040382055792418,0.18881443324393,0.48333333333333334,60,60,67
2023,17,2023_17_LA_NYG,NYG,-0.06790670621118,-0.01830953916942235,-0.059421093635268867,-0.08784789576457115,0.3880597014925373,67,67,60
2023,17,2023_17_LV_IND,IND,0.13870494837220365,-0.07599167379102315,0.47884249151684344,-0.15284151718034472,0.40384615384615385,52,52,74
2023,17,2023_17_LV_IND,LV,0.07599167379102315,-0.13870494837220365,0.1729981904362609,-0.1141410988336429,0.43243243243243246,74,74,52
2023,17,2023_17_MIA_BAL,BAL,0.6068663599951422,0.15177700449723658,1.4444291950380632,-0.035265146871097386,0.5660377358490566,53,53,67
2023,17,2023_17_MIA_BAL,MIA,-0.15177700449723658,-0.6068663599951422,-0.033069992092770076,-0.3512047853367403,0.3880597014925373,67,67,53
2023,17,2023_17_NE_BUF,BUF,-0.06537826248180913,0.2827885444635375,-0.15951929821875008,0.018003797742338585,0.4696969696969697,66,66,52
2023,17,2023_17_NE_BUF,NE,-0.2827885444635375,0.06537826248180913,-0.5623622842251504,0.06971747523588735,0.38461538461538464,52,52,66
2023,17,2023_17_NO_TB,NO,0.07343507179775974,0.1668639138262346,0.278239447899914,-0.1505697145639715,0.3582089552238806,67,67,50
2023,17,2023_17_NO_TB,TB,-0.1668639138262346,-0.07343507179775974,0.05055649178676928,-0.7259449568311018,0.36,50,50,67
2023,17,2023_17_NYJ_CLE,CLE,-0.05723404000296305,0.1770979685320207,0.05788764651321496,-0.1805787041274395,0.4482758620689655,58,58,68
2023,17,2023_17_NYJ_CLE,NYJ,-0.1770979685320207,0.05723404000296305,-0.22633971897463379,-0.06689024135093427,0.39705882352941174,68,68,58
2023,17,2023_17_PIT_SEA,PIT,0.2836888304695995,-0.12261408835964288,0.4439032166988519,0.19468083812001472,0.5142857142857142,70,70,49
2023,17,2023_17_PIT_SEA,SEA,0.12261408835964288,-0.2836888304695995,0.21246809947491035,-0.08105500350163007,0.46938775510204084,49,49,70
2023,17,2023_17_SF_WAS,SF,0.22816854806366318,0.1831749853356039,0.37042004811075446,0.11667412910783487,0.6363636363636364,66,66,43
2023,17,2023_17_SF_WAS,WAS,-0.1831749853356039,-0.22816854806366318,-0.33215744277557124,0.1254315336471856,0.4883720930232558,43,43,66
2023,17,2023_17_TEN_HOU,HOU,0.002530324493893906,0.4293156029871081,0.12381979498571076,-0.1404179800143188,0.47540983606557374,61,61,53
2023,17,2023_17_TEN_HOU,TEN,-0.4293156029871081,-0.002530324493893906,-0.3775660379985049,-0.5081720829697415,0.2830188679245283,53,53,61
2023,18,2023_18_ATL_NO,ATL,-0.30003483737296704,-0.2054833860913079,-0.09176586576939906,-0.5916113976179622,0.4166666666666667,60,60,66
2023,18,2023_18_ATL_NO,NO,0.2054833860913079,0.30003483737296704,0.4587656956515924,-0.0188523738049441,0.45454545454545453,66,66,60
2023,18,2023_18_BUF_MIA,BUF,0.07408543291036039,-0.038294135311540835,0.0959955575484101,0.04766440025859458,0.49333333333333335,75,75,48
2023,18,2023_18_BUF_MIA,MIA,0.038294135311540835,-0.07408543291036039,-0.006424559824933697,0.10090030850260519,0.4375,48,48,75
2023,18,2023_18_CHI_GB,CHI,-0.0955791452901083,-0.2359012119391375,-0.061582794728730905,-0.12413607976166531,0.41304347826086957,46,46,58
2023,18,2023_18_CHI_GB,GB,0.2359012119391375,0.0955791452901083,0.45678197532130865,-0.05566139572532847,0.5517241379310345,58,58,46
2023,18,2023_18_CLE_CIN,CIN,0.01078276348656342,0.25429601322461026,-0.03402313661474027,0.0570821935912439,0.47540983606557374,61,61,52
2023,18,2023_18_CLE_CIN,CLE,-0.25429601322461026,-0.01078276348656342,-0.37783476018651935,-0.09852976705524666,0.36538461538461536,52,52,61
2023,18,2023_18_DAL_WAS,DAL,0.36375239115700453,0.29947396023535133,0.5751411359839738,0.07218170863704691,0.6231884057971014,69,69,48
2023,18,2023_18_DAL_WAS,WAS,-0.29947396023535133,-0.36375239115700453,-0.22276649678710267,-0.4528888871318486,0.3541666666666667,48,48,69
2023,18,2023_18_DEN_LV,DEN,-0.04480246394463205,-0.1313363616128299,0.009056122664612932,-0.15535429961624017,0.41379310344827586,58,58,63
2023,18,2023_18_DEN_LV,LV,0.1313363616128299,0.04480246394463205,0.28029279670460494,-0.04330221746028561,0.4444444444444444,63,63,58
2023,18,2023_18_HOU_IND,HOU,0.119944729184188,0.010163362004777991,0.4308163341939316,-0.1909268758255556,0.48214285714285715,56,56,63
2023,18,2023_18_HOU_IND,IND,-0.010163362004777991,-0.119944729184188,-0.13510604324988443,0.07763419778908058,0.4126984126984127,63,63,56
2023,18,2023_18_JAX_TEN,JAX,-0.06277091192108594,-0.12612470230557776,0.03836885987927184,-0.2518583113739287,0.48484848484848486,66,66,52
2023,18,2023_18_JAX_TEN,TEN,0.12612470230557776,0.06277091192108594,0.01597274346317261,0.26501195475904515,0.46153846153846156,52,52,66
2023,18,2023_18_KC_LAC,KC,-0.1436860591524687,0.2332262514383238,-0.3044271518695386,0.04086852878194494,0.3448275862068966,58,58,80
2023,18,2023_18_KC_LAC,LAC,-0.2332262514383238,0.1436860591524687,-0.30372700491160776,-0.11572499564951715,0.45,80,80,58
2023,18,2023_18_LA_SF,LA,0.1005495372451316,-0.15728908329993582,0.3006612245264049,-0.05382233580042209,0.5161290322580645,62,62,57
2023,18,2023_18_LA_SF,SF,0.15728908329993582,-0.1005495372451316,0.2019346481670552,0.11418302066961368,0.543859649122807,57,57,62
2023,18,2023_18_MIN_DET,DET,0.14086830735451517,0.014632687797234593,0.32951813472730546,-0.12980318409340133,0.42857142857142855,56,56,70
2023,18,2023_18_MIN_DET,MIN,-0.014632687797234593,-0.14086830735451517,-0.054494840841988045,0.07233928248222748,0.38571428571428573,70,70,56
2023,18,2023_18_NYJ_NE,NE,-0.559477107302294,0.23079910381277147,-0.7499734854523499,-0.22384063151410027,0.1896551724137931,58,58,64
2023,18,2023_18_NYJ_NE,NYJ,-0.23079910381277147,0.559477107302294,-0.5241729805910516,-0.08752348957221609,0.328125,64,64,58
2023,18,2023_18_PHI_NYG,NYG,0.08833822686131428,0.28213642327148813,0.22506163695167064,-0.07572986524711335,0.5,66,66,65
2023,18,2023_18_PHI_NYG,PHI,-0.28213642327148813,-0.08833822686131428,-0.5332834349296076,0.1469063883111327,0.4153846153846154,65,65,66
2023,18,2023_18_PIT_BAL,BAL,-0.28679343830903914,0.06786419070346343,-0.1460711074902365,-0.47442321273410926,0.375,56,56,61
2023,18,2023_18_PIT_BAL,PIT,-0.06786419070346343,0.28679343830903914,-0.10461773604544325,-0.04561862378594933,0.4918032786885246,61,61,56
2023,18,2023_18_SEA_ARI,ARI,0.23259490097564622,-0.1125584719604875,0.4741138952966662,0.03556624771376147,0.43478260869565216,69,69,54
2023,18,2023_18_SEA_ARI,SEA,0.1125584719604875,-0.23259490097564622,0.23130506504683088,-0.025187576019670813,0.48148148148148145,54,54,69
2023,18,2023_18_TB_CAR,CAR,-0.3102939823857225,0.09411871407956807,-0.6232338181925661,-0.083682377146284,0.26,50,50,61
2023,18,2023_18_TB_CAR,TB,-0.09411871407956807,0.3102939823857225,-0.2283217218252996,0.08653918096276286,0.4098360655737705,61,61,50
2024,1,2024_01_ARI_BUF,ARI,0.06333499944819312,-0.2220843524679833,-0.033852849577489026,0.19939798808414813,0.38333333333333336,60,60,57
2024,1,2024_01_ARI_BUF,BUF,0.2220843524679833,-0.06333499944819312,0.3664439236440397,0.10930343748668922,0.5789473684210527,57,57,60
2024,1,2024_01_BAL_KC,BAL,0.08064930100139914,-0.2084062224455951,-0.05931332391826266,0.26435024620845526,0.5405405405405406,74,74,49
2024,1,2024_01_BAL_KC,KC,0.2084062224455951,-0.08064930100139914,0.3694802069068333,-0.045921121440570506,0.4489795918367347,49,49,74
2024,1,2024_01_CAR_NO,CAR,-0.4854165381306121,-0.2058199877417747,-0.5276369864518113,-0.4115307535685133,0.2909090909090909,55,55,62
2024,1,2024_01_CAR_NO,NO,0.2058199877417747,0.4854165381306121,0.31973963047804377,0.12884725616321455,0.46774193548387094,62,62,55
2024,1,2024_01_DAL_CLE,CLE,-0.2718643898194257,0.11094499589713286,-0.45324816625661163,0.21500785219617874,0.2571428571428571,70,70,59
2024,1,2024_01_DAL_CLE,DAL,-0.11094499589713286,0.2718643898194257,-0.1904953655874912,0.00506595990130639,0.3559322033898305,59,59,70
2024,1,2024_01_DEN_SEA,DEN,-0.31107731981348746,0.07988829853523001,-0.47405059112279313,-0.02424436230910942,0.2753623188405797,69,69,58
2024,1,2024_01_DEN_SEA,SEA,-0.07988829853523001,0.31107731981348746,-0.20498915078750463,0.0368724969002263,0.43103448275862066,58,58,69
2024,1,2024_01_GB_PHI,GB,0.1824472827095256,-0.05638343750656903,0.0641535480293977,0.3813958364897408,0.423728813559322,59,59,73
2024,1,2024_01_GB_PHI,PHI,0.05638343750656903,-0.1824472827095256,0.30577053409402394,-0.1733152040871394,0.4657534246575342,73,73,59
2024,1,2024_01_HOU_IND,HOU,0.14074478369634383,-0.05188760343398264,0.2085471387864692,0.07815799438238191,0.48,75,75,44
2024,1,2024_01_HOU_IND,IND,0.05188760343398264,-0.14074478369634383,-0.14443456169794358,0.23113827594574135,0.4318181818181818,44,44,75
2024,1,2024_01_JAX_MIA,JAX,-0.1479636490791349,-0.02407332035096745,0.07110627030405402,-0.35018203620207855,0.4,50,50,65
2024,1,2024_01_JAX_MIA,MIA,0.02407332035096745,0.1479636490791349,0.10808880596692232,-0.11035145663456035,0.4,65,65,50
2024,1,2024_01_LA_DET,DET,0.10577639370049975,-0.043882258343161014,-0.16028188027883508,0.3632521427127593,0.5081967213114754,61,61,74
2024,1,2024_01_LA_DET,LA,0.043882258343161014,-0.10577639370049975,0.08894942955929032,-0.05604929522303874,0.47297297297297297,74,74,61
2024,1,2024_01_LV_LAC,LAC,-0.08854648322839723,0.33483836367411784,-0.18058813901463322,0.01085850502073765,0.36538461538461536,52,52,59
2024,1,2024_01_LV_LAC,LV,-0.33483836367411784,0.08854648322839723,-0.03358661192194276,-0.8414890370755033,0.3220338983050847,59,59,52
2024,1,2024_01_MIN_NYG,MIN,0.15555473473854364,0.3572422129885817,0.27884533901233227,0.032264130464755,0.48,50,50,68
2024,1,2024_01_MIN_NYG,NYG,-0.3572422129885817,-0.15555473473854364,-0.48071995155232156,-0.08088727429830692,0.3088235294117647,68,68,50
2024,1,2024_01_NE_CIN,CIN,-0.17894963442784265,0.0068992799715534734,-0.33647226682616393,0.1360956303687999,0.4166666666666667,48,48,61
2024,1,2024_01_NE_CIN,NE,-0.0068992799715534734,0.17894963442784265,-0.07877518938360707,0.0430145460090393,0.4426229508196721,61,61,48
2024,1,2024_01_NYJ_SF,NYJ,-0.04936341815918684,-0.10059915338290573,0.018346859065673106,-0.1598380809997478,0.44,50,50,69
2024,1,2024_01_NYJ_SF,SF,0.10059915338290573,0.04936341815918684,0.13786148205258275,0.06837227453345533,0.4492753623188406,69,69,50
2024,1,2024_01_PIT_ATL,ATL,-0.35138503203369764,0.09979451265639395,-0.4071516138483662,-0.2829442270793317,0.42857142857142855,49,49,66
2024,1,2024_01_PIT_ATL,PIT,-0.09979451265639395,0.35138503203369764,-0.054091068539237085,-0.12766246638636766,0.3939393939393939,66,66,49
2024,1,2024_01_TEN_CHI,CHI,-0.24889682060395574,0.26414464840040225,-0.37958450589659476,-0.03979652413573328,0.38461538461538464,52,52,61
2024,1,2024_01_TEN_CHI,TEN,-0.26414464840040225,0.24889682060395574,-0.5191765545136091,0.07916753290583774,0.3770491803278688,61,61,52
2024,1,2024_01_WAS_TB,TB,0.26636196361922065,-0.12063032157171852,0.6642504855110603,-0.174157471332459,0.5254237288135594,59,59,56
2024,1,2024_01_WAS_TB,WAS,0.12063032157171852,-0.26636196361922065,-0.06440294377097305,0.29290267206319,0.48214285714285715,56,56,59
2024,2,2024_02_ATL_PHI,ATL,0.151705755301145,-0.11931952640829258,0.29300326902519525,-0.016764357215991864,0.47368421052631576,57,57,68
2024,2,2024_02_ATL_PHI,PHI,0.11931952640829258,-0.151705755301145,0.058187880131874876,0.17053793274799386,0.47058823529411764,68,68,57
2024,2,2024_02_BUF_MIA,BUF,0.23071621487760674,0.26672958425093596,0.5869164675423513,-0.0635361677584866,0.42857142857142855,42,42,75
2024,2,2024_02_BUF_MIA,MIA,-0.26672958425093596,-0.23071621487760674,-0.4000936537887816,-0.10590820627882802,0.44,75,75,42
2024,2,2024_02_CHI_HOU,CHI,-0.31363906648977563,0.1496798627033682,-0.4900310108150942,0.03914482216086154,0.3181818181818182,66,66,60
2024,2,2024_02_CHI_HOU,HOU,-0.1496798627033682,0.31363906648977563,0.04125272102735057,-0.504268946774703,0.35,60,60,66
2024,2,2024_02_CIN_KC,CIN,0.045869673695266226,0.08461721914130532,0.10053679283673084,-0.05104021932823922,0.5245901639344263,61,61,60
2024,2,2024_02_CIN_KC,KC,-0.08461721914130532,-0.045869673695266226,-0.3453020447754874,0.14348200328860397,0.4666666666666667,60,60,61
2024,2,2024_02_CLE_JAX,CLE,0.022338850429188945,0.033992861799752735,0.03460983649571514,0.007105902208673671,0.4,65,65,54
2024,2,2024_02_CLE_JAX,JAX,-0.033992861799752735,-0.022338850429188945,-0.18236975869798036,0.19917083332603353,0.4074074074074074,54,54,65
2024,2,2024_02_IND_GB,GB,-0.0020821109139091618,0.09569395278910905,0.6419138473180956,-0.17219425082425005,0.3582089552238806,67,67,52
2024,2,2024_02_IND_GB,IND,-0.09569395278910905,0.0020821109139091618,-0.23635160401510208,0.16999272174887775,0.4230769230769231,52,52,67
2024,2,2024_02_LAC_CAR,CAR,-0.49060622454402397,-0.11135080133706401,-0.7876018063772962,-0.028613097247822832,0.2391304347826087,46,46,62
2024,2,2024_02_LAC_CAR,LAC,0.11135080133706401,0.49060622454402397,0.0682691086894267,0.13341703415658557,0.532258064516129,62,62,46
2024,2,2024_02_LA_ARI,ARI,0.3468297459864201,0.26304207862079354,0.8227767541439736,0.08505889149976556,0.5483870967741935,62,62,52
2024,2,2024_02_LA_ARI,LA,-0.26304207862079354,-0.3468297459864201,-0.34873726973695585,-0.12592977283493384,0.4423076923076923,52,52,62
2024,2,2024_02_LV_BAL,BAL,-0.010843661948616447,0.16523290203071855,0.028652653974786186,-0.06057976348179013,0.4426229508196721,61,61,59
2024,2,2024_02_LV_BAL,LV,-0.16523290203071855,0.010843661948616447,-0.05618912852811128,-0.45828804331897566,0.4067796610169492,59,59,61
2024,2,2024_02_NO_DAL,DAL,-0.17185714665842478,-0.46125246332746656,-0.2413699233561461,-0.026211328815580123,0.38461538461538464,65,65,53
2024,2,2024_02_NO_DAL,NO,0.46125246332746656,0.17185714665842478,0.8250488079981605,0.28945974501075,0.5849056603773585,53,53,65
2024,2,2024_02_NYG_WAS,NYG,0.09884589799967998,-0.15648809882807774,0.22016013405312815,-0.07209688916654242,0.4339622641509434,53,53,67
2024,2,2024_02_NYG_WAS,WAS,0.15648809882807774,-0.09884589799967998,0.13846517576408637,0.1750571710758264,0.44776119402985076,67,67,53
2024,2,2024_02_NYJ_TEN,NYJ,0.03564904499543735,0.08954142496916567,0.0516802795929614,0.013344718598882142,0.41818181818181815,55,55,60
2024,2,2024_02_NYJ_TEN,TEN,-0.08954142496916567,-0.03564904499543735,-0.20141743584645155,0.03831687317630391,0.36666666666666664,60,60,55
2024,2,2024_02_PIT_DEN,DEN,-0.24311708793496725,0.12062742783946155,-0.23310338290080193,-0.26261746089623655,0.3392857142857143,56,56,58
2024,2,2024_02_PIT_DEN,PIT,-0.12062742783946155,0.24311708793496725,0.1004398165999774,-0.25572407721911866,0.29310344827586204,58,58,56
2024,2,2024_02_SEA_NE,NE,0.05643542399823568,-0.02222977426838338,-0.005670210983380342,0.10819011981624903,0.4393939393939394,66,66,64
2024,2,2024_02_SEA_NE,SEA,0.02222977426838338,-0.05643542399823568,0.1951220636648308,-0.4196060764114267,0.46875,64,64,66
2024,2,2024_02_SF_MIN,MIN,-0.04221357132373667,0.07448402445985963,-0.24397464318978845,0.22374420522696797,0.49019607843137253,51,51,67
2024,2,2024_02_SF_MIN,SF,-0.07448402445985963,0.04221357132373667,0.013442997505383877,-0.22220142136146873,0.4925373134328358,67,67,51
2024,2,2024_02_TB_DET,DET,-0.06947292027417651,0.09997592314016007,-0.18206430442731442,0.1598798992970303,0.4268292682926829,82,82,46
2024,2,2024_02_TB_DET,TB,-0.09997592314016007,0.06947292027417651,-0.1431741641778331,-0.052850569280880416,0.3695652173913043,46,46,82
2024,3,2024_03_BAL_DAL,BAL,0.37345552815082994,-0.0061805209034083465,0.7113905769850438,0.2555712087900576,0.5,58,58,72
2024,3,2024_03_BAL_DAL,DAL,0.0061805209034083465,-0.37345552815082994,0.023695091520376205,-0.055120476255979156,0.3611111111111111,72,72,58
2024,3,2024_03_CAR_LV,CAR,0.2018615480162518,0.0830609448607849,0.30886947041264723,0.054264413676396055,0.5072463768115942,69,69,60
2024,3,2024_03_CAR_LV,LV,-0.0830609448607849,-0.2018615480162518,0.028608622121413907,-0.3901522540618316,0.4666666666666667,60,60,69
2024,3,2024_03_CHI_IND,CHI,-0.2015746309292614,0.21308674622788185,-0.1305412942725883,-0.3436413042426076,0.35714285714285715,84,84,51
2024,3,2024_03_CHI_IND,IND,-0.21308674622788185,0.2015746309292614,-0.49014401982172523,-0.01914665471219147,0.35294117647058826,51,51,84
2024,3,2024_03_DEN_TB,DEN,0.08453726114317775,0.3762474080342924,0.05877375622067603,0.11888860103984673,0.5238095238095238,63,63,56
2024,3,2024_03_DEN_TB,TB,-0.3762474080342924,-0.08453726114317775,-0.5772586287486774,0.12628064375167014,0.44642857142857145,56,56,63
2024,3,2024_03_DET_ARI,ARI,-0.23840536020362937,-0.044779570458393377,-0.16091156353577482,-0.38908774261334655,0.41509433962264153,53,53,66
2024,3,2024_03_DET_ARI,DET,0.044779570458393377,0.23840536020362937,0.23476609189761802,-0.07106586944357288,0.5606060606060606,66,66,53
2024,3,2024_03_GB_TEN,GB,0.11607764740370291,0.36721780175400265,0.16003554626405955,0.08994051835159897,0.3898305084745763,59,59,53
2024,3,2024_03_GB_TEN,TEN,-0.36721780175400265,-0.11607764740370291,-0.4042823417597295,-0.22569864900486375,0.4339622641509434,53,53,59
2024,3,2024_03_HOU_MIN,HOU,-0.2187582247317415,-0.10881717221105347,-0.15245630955972875,-0.4460790767500709,0.3064516129032258,62,62,59
2024,3,2024_03_HOU_MIN,MIN,0.10881717221105347,0.2187582247317415,0.16414412292754282,0.04324448988039943,0.4745762711864407,59,59,62
2024,3,2024_03_JAX_BUF,BUF,0.446529584894625,0.24341390146074288,0.6897162579252606,0.17728719689642145,0.4915254237288136,59,59,68
2024,3,2024_03_JAX_BUF,JAX,-0.24341390146074288,-0.446529584894625,-0.5124674689484171,0.5637468010022798,0.36764705882352944,68,68,59
2024,3,2024_03_KC_ATL,ATL,-0.09951051042494855,-0.09948727250851187,0.09021707641217559,-0.3445753100895672,0.4,55,55,69
2024,3,2024_03_KC_ATL,KC,0.09948727250851187,0.09951051042494855,0.06186866305898601,0.1483914647928955,0.5942028985507246,69,69,55
2024,3,2024_03_LAC_PIT,LAC,-0.16468273679844483,-0.1316070126630572,-0.0819039231113096,-0.26815625390736386,0.3333333333333333,45,45,63
2024,3,2024_03_LAC_PIT,PIT,0.1316070126630572,0.16468273679844483,0.24133750199971374,0.002957473440770188,0.4603174603174603,63,63,45
2024,3,2024_03_MIA_SEA,MIA,-0.43057976839764395,0.004640908284680594,-0.4558532879754025,-0.37722456040015373,0.3392857142857143,56,56,58
2024,3,2024_03_MIA_SEA,SEA,-0.004640908284680594,0.43057976839764395,-0.02196481672674694,0.025882168494198204,0.4482758620689655,58,58,56
2024,3,2024_03_NE_NYJ,NE,-0.3996658685687069,-0.2564556206806314,-0.4962530497884283,-0.18717406988531973,0.3333333333333333,48,48,70
2024,3,2024_03_NE_NYJ,NYJ,0.2564556206806314,0.3996658685687069,0.4920212055623085,-0.007663368429127855,0.5714285714285714,70,70,48
2024,3,2024_03_NYG_CLE,CLE,-0.377381554168326,-0.04435736410041135,-0.4243267324727626,-0.2503534246386741,0.36507936507936506,63,63,66
2024,3,2024_03_NYG_CLE,NYG,0.04435736410041135,0.377381554168326,0.24010825452372758,-0.20539377195692318,0.4393939393939394,66,66,63
2024,3,2024_03_PHI_NO,NO,-0.20246732951659602,-0.03240860712731472,0.021649987938943637,-0.4185804570630093,0.2909090909090909,55,55,65
2024,3,2024_03_PHI_NO,PHI,0.03240860712731472,0.20246732951659602,-0.12020402011398137,0.31109253513315976,0.4307692307692308,65,65,55
2024,3,2024_03_SF_LA,LA,0.11957015910524203,-0.20031309955590618,0.09989722276863076,0.1415130496345392,0.43636363636363634,55,55,65
2024,3,2024_03_SF_LA,SF,0.20031309955590618,-0.11957015910524203,0.4620031760395279,-0.03828667606151363,0.47692307692307695,65,65,55
2024,3,2024_03_WAS_CIN,CIN,0.36884499768732204,-0.5153402799418085,0.39092592617110616,0.3235790942955646,0.5573770491803278,61,61,55
2024,3,2024_03_WAS_CIN,WAS,0.5153402799418085,-0.36884499768732204,0.8644778117352202,0.22439233678063222,0.6,55,55,61
2024,4,2024_04_BUF_BAL,BAL,0.29366926166619156,0.13561953114747205,0.38883763951889705,0.237687862929306,0.5,54,54,57
2024,4,2024_04_BUF_BAL,BUF,-0.13561953114747205,-0.29366926166619156,-0.24466561301503398,0.02557902465674987,0.3508771929824561,57,57,54
2024,4,2024_04_CIN_CAR,CAR,0.003686762715682796,-0.16715398730578387,0.0017191750394720648,0.006567873241562795,0.4782608695652174,69,69,62
2024,4,2024_04_CIN_CAR,CIN,0.16715398730578387,-0.003686762715682796,0.2899417783811523,0.044366196230415454,0.43548387096774194,62,62,69
2024,4,2024_04_CLE_LV,CLE,-0.11794547341168886,0.15934773658131007,-0.197781451991094,0.009066310691910247,0.3684210526315789,57,57,53
2024,4,2024_04_CLE_LV,LV,-0.15934773658131007,0.11794547341168886,-0.1451991624475791,-0.17297228945082882,0.39622641509433965,53,53,57
2024,4,2024_04_DAL_NYG,DAL,0.20791502489900995,0.04494051165357972,0.3911529102630214,-0.025296829200641004,0.54,50,50,64
2024,4,2024_04_DAL_NYG,NYG,-0.04494051165357972,-0.20791502489900995,0.10828370624603233,-0.3180793348659316,0.359375,64,64,50
2024,4,2024_04_DEN_NYJ,DEN,-0.2849217022748518,0.2848093851252036,-0.63211706264643,0.01438464287306043,0.3148148148148148,54,54,70
2024,4,2024_04_DEN_NYJ,NYJ,-0.2848093851252036,0.2849217022748518,-0.3179921256784248,-0.21700117616862133,0.3,70,70,54
2024,4,2024_04_JAX_HOU,HOU,0.15695022509361492,0.013452732502280854,0.3406092365441711,-0.13972971648036037,0.47058823529411764,68,68,57
2024,4,2024_04_JAX_HOU,JAX,-0.013452732502280854,-0.15695022509361492,-0.04060399761334824,0.026683920270601368,0.43859649122807015,57,57,68
2024,4,2024_04_KC_LAC,KC,-0.08798858658497692,0.2140258374320349,-0.05020288297955401,-0.14056000029686966,0.4727272727272727,55,55,53
2024,4,2024_04_KC_LAC,LAC,-0.2140258374320349,0.08798858658497692,-0.0706891307027064,-0.3872243580633068,0.2830188679245283,53,53,55
2024,4,2024_04_LA_CHI,CHI,0.0832592610471906,-0.03806562744287404,0.08013519962675669,0.0863833224676245,0.5,52,52,58
2024,4,2024_04_LA_CHI,LA,0.03806562744287404,-0.0832592610471906,-0.06932199080428952,0.17981728352912996,0.5172413793103449,58,58,52
2024,4,2024_04_MIN_GB,GB,-0.12407759683474419,-0.03344733430047343,-0.16105358689305163,-0.01509573139973279,0.4,75,75,61
2024,4,2024_04_MIN_GB,MIN,0.03344733430047343,0.12407759683474419,0.2708946097505873,-0.19634035161899163,0.5081967213114754,61,61,75
2024,4,2024_04_NE_SF,NE,-0.4761100484390704,-0.1335487611542041,-0.41495686148568806,-0.5729359277819259,0.3225806451612903,62,62,59
2024,4,2024_04_NE_SF,SF,0.1335487611542041,0.4761100484390704,0.24839412666822894,0.0298174632705688,0.4067796610169492,59,59,62
2024,4,2024_04_NO_ATL,ATL,0.019696935750721217,-0.060148734435872674,-0.02969990720533402,0.13824935884525377,0.4117647058823529,51,51,70
2024,4,2024_04_NO_ATL,NO,0.060148734435872674,-0.019696935750721217,-0.0029374668832430908,0.1308817480360934,0.5,70,70,51
2024,4,2024_04_PHI_TB,PHI,-0.06584126464493403,-0.2087540926194429,-0.2942323322576057,0.36689970556854906,0.43636363636363634,55,55,73
2024,4,2024_04_PHI_TB,TB,0.2087540926194429,0.06584126464493403,0.19088011528335067,0.24524679634729787,0.5068493150684932,73,73,55
2024,4,2024_04_PIT_IND,IND,0.11364081754727412,0.059012402899375656,0.3761204823018088,-0.15730593316708424,0.4126984126984127,63,63,67
2024,4,2024_04_PIT_IND,PIT,-0.059012402899375656,-0.11364081754727412,-0.0644158620302364,-0.05234813663798074,0.4626865671641791,67,67,63
2024,4,2024_04_SEA_DET,DET,0.4577093620609958,-0.08613013850663422,0.8919328863187481,0.0902894569198207,0.5625,48,48,79
2024,4,2024_04_SEA_DET,SEA,0.08613013850663422,-0.4577093620609958,-0.0005007247637856575,0.3597012856763812,0.5063291139240507,79,79,48
2024,4,2024_04_TEN_MIA,MIA,-0.44382242615654677,0.12303492048345122,-0.4705077137109208,-0.42158468652790165,0.2727272727272727,55,55,61
2024,4,2024_04_TEN_MIA,TEN,-0.12303492048345122,0.44382242615654677,-0.35330874044903327,-0.0021411650015206395,0.3442622950819672,61,61,55
2024,4,2024_04_WAS_ARI,ARI,-0.08621050947514394,-0.41568827038638456,-0.23208003568176466,0.03230848056773539,0.46551724137931033,58,58,68
2024,4,2024_04_WAS_ARI,WAS,0.41568827038638456,0.08621050947514394,0.4568147832332128,0.381230921784988,0.5882352941176471,68,68,58
2024,5,2024_05_ARI_SF,ARI,0.12357341654668454,0.04176984130080571,-0.058946726522257444,0.3498983939521726,0.44642857142857145,56,56,63
2024,5,2024_05_ARI_SF,SF,-0.04176984130080571,-0.12357341654668454,-0.024238894980202253,-0.06671772644935678,0.42857142857142855,63,63,56
2024,5,2024_05_BAL_CIN,BAL,0.2904486013039307,-0.26622877819415425,0.49414441551641963,0.025026782784626944,0.5526315789473685,76,76,66
2024,5,2024_05_BAL_CIN,CIN,0.26622877819415425,-0.2904486013039307,0.5621683237203841,-0.2516654264767479,0.45454545454545453,66,66,76
2024,5,2024_05_BUF_HOU,BUF,-0.0150581178917669,0.057969271695458124,-0.16554665151226894,0.15155418718807465,0.3050847457627119,59,59,67
2024,5,2024_05_BUF_HOU,HOU,-0.057969271695458124,0.0150581178917669,0.15964891808686357,-0.3610803217494062,0.3880597014925373,67,67,59
2024,5,2024_05_CAR_CHI,CAR,-0.25997198687286327,-0.2143630333396083,-0.4938627968865565,0.22011967578682265,0.3448275862068966,58,58,67
2024,5,2024_05_CAR_CHI,CHI,0.2143630333396083,0.25997198687286327,0.4562230382124288,0.006094695810235053,0.44776119402985076,67,67,58
2024,5,2024_05_CLE_WAS,CLE,-0.30568817992423686,-0.08449649525226172,-0.3962425995307877,-0.16395082749659196,0.3050847457627119,59,59,65
2024,5,2024_05_CLE_WAS,WAS,0.08449649525226172,0.30568817992423686,-0.029754274929157006,0.18866631512355525,0.35384615384615387,65,65,59
2024,5,2024_05_DAL_PIT,DAL,0.1131753628813,-0.04542422653076469,0.24266597792333736,-0.0706177681461078,0.48,75,75,57
2024,5,2024_05_DAL_PIT,PIT,0.04542422653076469,-0.1131753628813,-0.06376752578709725,0.17561439275590776,0.49122807017543857,57,57,75
2024,5,2024_05_GB_LA,GB,0.018795206468425585,0.09714081889496777,-0.02675348753697047,0.06434390047382164,0.42857142857142855,56,56,77
2024,5,2024_05_GB_LA,LA,-0.09714081889496777,-0.018795206468425585,-0.18657601421606765,0.050889849222714785,0.5324675324675324,77,77,56
2024,5,2024_05_IND_JAX,IND,0.25687316895732565,-0.27860417896024947,0.2622559121317085,0.24299135761286475,0.4411764705882353,68,68,57
2024,5,2024_05_IND_JAX,JAX,0.27860417896024947,-0.25687316895732565,0.396388897768167,0.10448763811376269,0.42105263157894735,57,57,68
2024,5,2024_05_LV_DEN,DEN,0.06907282755617089,0.19881104357030954,0.08618604571561815,0.04922149449121207,0.48148148148148145,54,54,66
2024,5,2024_05_LV_DEN,LV,-0.19881104357030954,-0.06907282755617089,-0.3925124009479378,0.09919104470296476,0.3787878787878788,66,66,54
2024,5,2024_05_MIA_NE,MIA,-0.07375416820565879,0.0816255004928116,-0.09986941155951637,-0.05146066778163403,0.3684210526315789,76,76,54
2024,5,2024_05_MIA_NE,NE,-0.0816255004928116,0.07375416820565879,-0.2513352451831515,0.230997713410446,0.42592592592592593,54,54,76
2024,5,2024_05_NO_KC,KC,0.1472931400180425,0.09970358937325906,0.07195394023489012,0.23309611754885495,0.5844155844155844,77,77,51
2024,5,2024_05_NO_KC,NO,-0.09970358937325906,-0.1472931400180425,-0.07378659907812511,-0.16190436608158051,0.35294117647058826,51,51,77
2024,5,2024_05_NYG_SEA,NYG,0.01300696217955271,0.09542315789686209,0.20514092734880282,-0.202415968464758,0.4857142857142857,70,70,58
2024,5,2024_05_NYG_SEA,SEA,-0.09542315789686209,-0.01300696217955271,-0.20476499378571147,0.3717646863554943,0.4827586206896552,58,58,70
2024,5,2024_05_NYJ_MIN,MIN,-0.2767257415217843,0.3355986670207865,-0.2621304739572834,-0.2954910855332855,0.359375,64,64,71
2024,5,2024_05_NYJ_MIN,NYJ,-0.3355986670207865,0.2767257415217843,-0.2834443638471645,-0.5479411870848188,0.352112676056338,71,71,64
2024,5,2024_05_TB_ATL,ATL,0.23220593246419632,-0.17322463147046066,0.3558926801370966,-0.18695471242729886,0.46835443037974683,79,79,50
2024,5,2024_05_TB_ATL,TB,0.17322463147046066,-0.23220593246419632,0.37550551960647255,-0.029056256665551245,0.5,50,50,79
2024,6,2024_06_ARI_GB,ARI,-0.12452218036849662,-0.2862532046806263,-0.053089071832887136,-0.22390737485282286,0.45454545454545453,55,55,68
2024,6,2024_06_ARI_GB,GB,0.2862532046806263,0.12452218036849662,0.464208034716917,0.12807113353725677,0.5294117647058824,68,68,55
2024,6,2024_06_ATL_CAR,ATL,0.27975168882516765,0.09854121783584546,0.23206611296188123,0.3206250395651275,0.5230769230769231,65,65,62
2024,6,2024_06_ATL_CAR,CAR,-0.09854121783584546,-0.27975168882516765,-0.12912617497914383,-0.0501150356922897,0.4032258064516129,62,62,65
2024,6,2024_06_BUF_NYJ,BUF,0.28208355403679286,-0.18870879239171717,0.4017731911254084,0.17436288065703895,0.543859649122807,57,57,59
2024,6,2024_06_BUF_NYJ,NYJ,0.18870879239171717,-0.28208355403679286,0.2936066210515911,-0.0011063261356736933,0.3728813559322034,59,59,57
2024,6,2024_06_CIN_NYG,CIN,0.03341397806081556,0.1374357061992767,-0.016021638751966993,0.12129951906131788,0.44,50,50,71
2024,6,2024_06_CIN_NYG,NYG,-0.1374357061992767,-0.03341397806081556,-0.33341146572011804,0.13039783181253975,0.4647887323943662,71,71,50
2024,6,2024_06_CLE_PHI,CLE,-0.02047589263765254,-0.1712757292793628,0.05414232401453172,-0.10404829528809892,0.3584905660377358,53,53,58
2024,6,2024_06_CLE_PHI,PHI,0.1712757292793628,0.02047589263765254,0.27475836370899653,0.0871960888052854,0.5,58,58,53
2024,6,2024_06_DET_DAL,DAL,-0.545867239277654,-0.3739155748950122,-0.681838382199671,-0.1619487180860768,0.2923076923076923,65,65,64
2024,6,2024_06_DET_DAL,DET,0.3739155748950122,0.545867239277654,0.54019432119892,0.22719903403862296,0.46875,64,64,65
2024,6,2024_06_HOU_NE,HOU,0.11557763043360846,0.30611791207994676,0.05458075646860852,0.19238850875990465,0.39344262295081966,61,61,63
2024,6,2024_06_HOU_NE,NE,-0.30611791207994676,-0.11557763043360846,-0.40629770522905717,-0.1635543602908281,0.38095238095238093,63,63,61
2024,6,2024_06_IND_TEN,IND,-0.09491334601256621,0.02593452022349258,0.041405079988008624,-0.2799169241562035,0.3333333333333333,66,66,55
2024,6,2024_06_IND_TEN,TEN,-0.02593452022349258,0.09491334601256621,-0.210550458361087,0.15208799155204492,0.38181818181818183,55,55,66
2024,6,2024_06_JAX_CHI,CHI,0.292747729056039,0.00654797974294398,0.446032625512089,0.10408939495628516,0.5,58,58,60
2024,6,2024_06_JAX_CHI,JAX,-0.00654797974294398,-0.292747729056039,0.01897983365414565,-0.0616343139156111,0.4,60,60,58
2024,6,2024_06_LAC_DEN,DEN,-0.061207421118328366,-0.0855428782859012,-0.09614658293988193,0.008670902524778768,0.42592592592592593,54,54,72
2024,6,2024_06_LAC_DEN,LAC,0.0855428782859012,0.061207421118328366,0.21934449459827646,-0.05590454467289549,0.4305555555555556,72,72,54
2024,6,2024_06_PIT_LV,LV,-0.24397137300249525,-0.09707485110831894,-0.09087240859246369,-0.582400662750986,0.4426229508196721,61,61,61
2024,6,2024_06_PIT_LV,PIT,0.09707485110831894,0.24397137300249525,-0.015452437054772141,0.19255255015579015,0.4098360655737705,61,61,61
2024,6,2024_06_SF_SEA,SEA,0.013638107798100731,-0.340497171146345,0.08544863770096157,-0.17306926994933747,0.4027777777777778,72,72,61
2024,6,2024_06_SF_SEA,SF,0.340497171146345,-0.013638107798100731,0.41878664403139404,0.2740697396075156,0.5245901639344263,61,61,72
2024,6,2024_06_TB_NO,NO,-0.4109091258823089,-0.22035999537670714,-0.5090587446791833,-0.20058851417472076,0.36363636363636365,66,66,73
2024,6,2024_06_TB_NO,TB,0.22035999537670714,0.4109091258823089,0.08445486391885809,0.3679141381023718,0.547945205479452,73,73,66
2024,6,2024_06_WAS_BAL,BAL,0.16918393421624747,-0.10231656484340847,0.39291540633873423,-0.00980124348174193,0.5079365079365079,63,63,56
2024,6,2024_06_WAS_BAL,WAS,0.10231656484340847,-0.16918393421624747,0.24981934649064894,-0.209078196411877,0.44642857142857145,56,56,63
2024,7,2024_07_BAL_TB,BAL,0.4721303591944569,-0.12291366223525951,1.0465434907668965,0.012599853936505194,0.5185185185185185,54,54,79
2024,7,2024_07_BAL_TB,TB,0.12291366223525951,-0.4721303591944569,0.24492095854409793,-0.08744374519377227,0.4936708860759494,79,79,54
2024,7,2024_07_CAR_WAS,CAR,-0.4739950681770487,-0.2692260682342439,-0.9163064385968027,-0.07189382234090855,0.42857142857142855,42,42,61
2024,7,2024_07_CAR_WAS,WAS,0.2692260682342439,0.4739950681770487,0.40738822367732486,0.1665913241908122,0.5573770491803278,61,61,42
2024,7,2024_07_CIN_CLE,CIN,-0.19461500147266186,0.15467243608536543,-0.06328084493205617,-0.36176756434252366,0.3,50,50,77
2024,7,2024_07_CIN_CLE,CLE,-0.15467243608536543,0.19461500147266186,-0.2098462350940691,0.0025728910894400993,0.37662337662337664,77,77,50
2024,7,2024_07_DEN_NO,DEN,0.12467548633453077,0.35659801101483213,0.04475939599573491,0.18763967872267295,0.559322033898305,59,59,65
2024,7,2024_07_DEN_NO,NO,-0.35659801101483213,-0.12467548633453077,-0.5414723923728795,0.059369347040774303,0.38461538461538464,65,65,59
2024,7,2024_07_DET_MIN,DET,0.1309338362954333,-0.05332395042410661,0.5144102324165629,-0.313898783205077,0.42592592592592593,54,54,53
2024,7,2024_07_DET_MIN,MIN,0.05332395042410661,-0.1309338362954333,-0.023968724122839565,0.1711032640194532,0.3584905660377358,53,53,54
2024,7,2024_07_HOU_GB,GB,-0.07821454234538197,0.17564451976398485,-0.017267164337172434,-0.18791982276015914,0.375,56,56,58
2024,7,2024_07_HOU_GB,HOU,-0.17564451976398485,0.07821454234538197,-0.45454062222222386,0.035640406340741636,0.3620689655172414,58,58,56
2024,7,2024_07_KC_SF,KC,0.02175656792347912,0.17998239998507917,-0.19735318508826133,0.19349123920295136,0.5,66,66,57
2024,7,2024_07_KC_SF,SF,-0.17998239998507917,-0.02175656792347912,-0.32410353439216844,0.018184159824668606,0.42105263157894735,57,57,66
2024,7,2024_07_LAC_ARI,ARI,0.03591196748696022,-0.04946805758481444,-0.013157096409346335,0.08316365864636653,0.49056603773584906,53,53,63
2024,7,2024_07_LAC_ARI,LAC,0.04946805758481444,-0.03591196748696022,0.13807661288472184,-0.11566606820137663,0.42857142857142855,63,63,53
2024,7,2024_07_LV_LA,LA,-0.28772169773148804,0.340506677532712,-0.3022037784497848,-0.27435362322229107,0.42,50,50,75
2024,7,2024_07_LV_LA,LV,-0.340506677532712,0.28772169773148804,-0.5281849606788738,-0.04281009047328302,0.3333333333333333,75,75,50
2024,7,2024_07_MIA_IND,IND,-0.19459945894577232,0.2572328068957096,-0.22205400743968418,-0.17629642661649778,0.35,60,60,67
2024,7,2024_07_MIA_IND,MIA,-0.2572328068957096,0.19459945894577232,-0.08334924725422622,-0.3746042096537109,0.43283582089552236,67,67,60
2024,7,2024_07_NE_JAX,JAX,0.24094059874717166,-0.07388121289045063,0.5328068891941043,0.08378182696805407,0.5333333333333333,60,60,55
2024,7,2024_07_NE_JAX,NE,0.07388121289045063,-0.24094059874717166,0.17159464153479465,-0.18668793016113341,0.32727272727272727,55,55,60
2024,7,2024_07_NYJ_PIT,NYJ,-0.023287783072662185,-0.15664224441246177,0.0020663716936399792,-0.09258913943388809,0.44642857142857145,56,56,66
2024,7,2024_07_NYJ_PIT,PIT,0.15664224441246177,0.023287783072662185,0.29204462228676686,0.043806929517207514,0.3787878787878788,66,66,56
2024,7,2024_07_PHI_NYG,NYG,-0.42661412718492403,-0.14653977094531,-0.6184900574282639,-0.042862266698244236,0.2962962962962963,54,54,64
2024,7,2024_07_PHI_NYG,PHI,0.14653977094531,0.42661412718492403,-0.18742703628959134,0.29834286514299246,0.40625,64,64,54
2024,7,2024_07_SEA_ATL,ATL,-0.09877075560005133,-0.1131318122023641,-0.20649802102104386,0.03675709444571346,0.5285714285714286,70,70,56
2024,7,2024_07_SEA_ATL,SEA,0.1131318122023641,0.09877075560005133,0.3124605780688315,-0.11686291764355981,0.39285714285714285,56,56,70
2024,7,2024_07_TEN_BUF,BUF,0.21962814052913,0.2237247071501999,0.3779984283592161,-0.04960134878201643,0.4444444444444444,54,54,66
2024,7,2024_07_TEN_BUF,TEN,-0.2237247071501999,-0.21962814052913,-0.08689562376622326,-0.463175603072159,0.36363636363636365,66,66,54
2024,8,2024_08_ARI_MIA,ARI,0.27863852290874985,-0.19287460964627995,0.5092649918348189,-0.04069043406580718,0.532258064516129,62,62,64
2024,8,2024_08_ARI_MIA,MIA,0.19287460964627995,-0.27863852290874985,0.22389683149692594,0.1444799435592722,0.5,64,64,62
2024,8,2024_08_ATL_TB,ATL,0.2599835265407362,-0.08780195819872409,0.488454160182887,0.0157562974749887,0.5333333333333333,60,60,70
2024,8,2024_08_ATL_TB,TB,0.08780195819872409,-0.2599835265407362,0.1806459640059123,-0.12883405535138168,0.5142857142857142,70,70,60
2024,8,2024_08_BAL_CLE,BAL,0.09718478239354364,-0.13171000165279875,0.1992008283952155,-0.0922735887524184,0.5,60,60,67
2024,8,2024_08_BAL_CLE,CLE,0.13171000165279875,-0.09718478239354364,0.270444555019655,-0.1336952308751001,0.47761194029850745,67,67,60
2024,8,2024_08_BUF_SEA,BUF,0.31383554172262085,0.21150003550330926,0.35701136515637194,0.26508864429741796,0.5454545454545454,66,66,46
2024,8,2024_08_BUF_SEA,SEA,-0.21150003550330926,-0.31383554172262085,0.03843715016850891,-0.6801322586379683,0.45652173913043476,46,46,66
2024,8,2024_08_CAR_DEN,CAR,-0.145657219136289,-0.035369763308217825,-0.13712057115772042,-0.16273051509342623,0.4,60,60,71
2024,8,2024_08_CAR_DEN,DEN,0.035369763308217825,0.145657219136289,0.095959483029707,-0.04743618697781737,0.43661971830985913,71,71,60
2024,8,2024_08_CHI_WAS,CHI,-0.12941421041781173,-0.07505590199857659,-0.2958829022791137,0.011831952373595965,0.4262295081967213,61,61,72
2024,8,2024_08_CHI_WAS,WAS,0.07505590199857659,0.12941421041781173,0.16095216757273337,-0.032314429969119374,0.4444444444444444,72,72,61
2024,8,2024_08_DAL_SF,DAL,-0.017973590718526295,-0.2514795341508654,0.02315451441457812,-0.10936937990320278,0.41379310344827586,58,58,63
2024,8,2024_08_DAL_SF,SF,0.2514795341508654,0.017973590718526295,0.2614991823985657,0.2434638155527052,0.5238095238095238,63,63,58
2024,8,2024_08_GB_JAX,GB,0.10961365258441055,-0.061244251585838065,0.2152984819207802,0.02741434087834528,0.453125,64,64,56
2024,8,2024_08_GB_JAX,JAX,0.061244251585838065,-0.10961365258441055,0.16269582375190453,-0.08431669978286596,0.48214285714285715,56,56,64
2024,8,2024_08_IND_HOU,HOU,-0.06942154143449633,0.09270544400182772,0.14112070443874747,-0.35256456174678974,0.4117647058823529,68,68,61
2024,8,2024_08_IND_HOU,IND,-0.09270544400182772,0.06942154143449633,-0.22432627033398134,0.09682854591647352,0.29508196721311475,61,61,68
2024,8,2024_08_KC_LV,KC,0.1751176219347705,0.05785218520122359,0.27865255933285854,0.023797328814488046,0.546875,64,64,53
2024,8,2024_08_KC_LV,LV,-0.05785218520122359,-0.1751176219347705,0.2074611164711042,-0.4956191329605645,0.49056603773584906,53,53,64
2024,8,2024_08_MIN_LA,LA,0.18649580019954887,-0.10798808156635095,0.4673611096034566,-0.14279456254986017,0.47619047619047616,63,63,49
2024,8,2024_08_MIN_LA,MIN,0.10798808156635095,-0.18649580019954887,0.30243719587932105,-0.1512774041842758,0.4489795918367347,49,49,63
2024,8,2024_08_NO_LAC,LAC,-0.0020965723623212447,0.19930524057083385,0.06141237015016621,-0.08148275050293055,0.31746031746031744,63,63,68
2024,8,2024_08_NO_LAC,NO,-0.19930524057083385,0.0020965723623212447,-0.23070223523226474,-0.12903577632858373,0.3235294117647059,68,68,63
2024,8,2024_08_NYG_PIT,NYG,0.043494613495584936,-0.08404874594364914,-0.027987066233642006,0.1664431026298553,0.4117647058823529,68,68,61
2024,8,2024_08_NYG_PIT,PIT,0.08404874594364914,-0.043494613495584936,0.12144466478073344,0.04540629647866202,0.45901639344262296,61,61,68
2024,8,2024_08_NYJ_NE,NE,0.03690225151983736,-0.10021236608975587,-0.0017610576395796571,0.07805996772179741,0.40625,64,64,58
2024,8,2024_08_NYJ_NE,NYJ,0.10021236608975587,-0.03690225151983736,0.14052463974490367,0.05702064431638324,0.4827586206896552,58,58,64
2024,8,2024_08_PHI_CIN,CIN,-0.0009322542729809077,-0.3379380400955622,0.06330880323597397,-0.12941436929089067,0.40350877192982454,57,57,59
2024,8,2024_08_PHI_CIN,PHI,0.3379380400955622,0.0009322542729809077,0.7202280184366048,0.141891897356566,0.4915254237288136,59,59,57
2024,8,2024_08_TEN_DET,DET,0.025190164359021265,0.2904079267824836,-0.1903400938321748,0.23173999512558416,0.44680851063829785,47,47,71
2024,8,2024_08_TEN_DET,TEN,-0.2904079267824836,-0.025190164359021265,-0.43914358470609816,-0.10913634368807834,0.4225352112676056,71,71,47
2024,9,2024_09_CHI_ARI,ARI,-0.06949403704706653,0.22807485400687943,-0.3174178347044611,0.09821912019175918,0.42105263157894735,57,57,69
2024,9,2024_09_CHI_ARI,CHI,-0.22807485400687943,0.06949403704706653,-0.23216913938456454,-0.21932797160909764,0.2898550724637681,69,69,57
2024,9,2024_09_DAL_ATL,ATL,0.10899376716433713,0.006381509031356178,0.27608637147124304,-0.05809883714256877,0.48148148148148145,54,54,74
2024,9,2024_09_DAL_ATL,DAL,-0.006381509031356178,-0.10899376716433713,-0.09411776174804974,0.21504808115839427,0.43243243243243246,74,74,54
2024,9,2024_09_DEN_BAL,BAL,0.415576015253066,0.1608216498616676,0.9669507807157022,0.08140949073025619,0.5283018867924528,53,53,67
2024,9,2024_09_DEN_BAL,DEN,-0.1608216498616676,-0.415576015253066,-0.1990087749111141,-0.11078334807273771,0.31343283582089554,67,67,53
2024,9,2024_09_DET_GB,DET,0.12663471486430303,0.01571017553452734,0.2583904581922335,0.022138780500771928,0.4423076923076923,52,52,63
2024,9,2024_09_DET_GB,GB,-0.01571017553452734,-0.12663471486430303,-0.07703190609317209,0.0909363123935505,0.4603174603174603,63,63,52
2024,9,2024_09_HOU_NYJ,HOU,-0.07531797704698848,-0.04756760713213158,-0.3631741843716717,0.24543608254337285,0.33783783783783783,74,74,54
2024,9,2024_09_HOU_NYJ,NYJ,0.04756760713213158,0.07531797704698848,0.2531040927946485,-0.3018444184941472,0.3888888888888889,54,54,74
2024,9,2024_09_IND_MIN,IND,-0.32621764285226873,0.04208867882670334,-0.29251243094746887,-0.3823929960269352,0.3541666666666667,48,48,70
2024,9,2024_09_IND_MIN,MIN,-0.04208867882670334,0.32621764285226873,-0.08036849942815141,0.006069805155763583,0.5,70,70,48
2024,9,2024_09_JAX_PHI,JAX,-0.17861123437054743,-0.01891751763994337,-0.2510076590946676,-0.029559771703241172,0.34615384615384615,52,52,73
2024,9,2024_09_JAX_PHI,PHI,0.01891751763994337,0.17861123437054743,0.14941756790797162,-0.062282513637940864,0.4383561643835616,73,73,52
2024,9,2024_09_LAC_CLE,CLE,-0.27078907886966,-0.031492660151150945,-0.40316004402924643,0.016014678976110492,0.3815789473684211,76,76,54
2024,9,2024_09_LAC_CLE,LAC,0.031492660151150945,0.27078907886966,0.040127294558331326,0.017923948939867495,0.2962962962962963,54,54,76
2024,9,2024_09_LA_SEA,LA,-0.027722658965730843,0.24853514300815582,0.0880322388072765,-0.23993997154957766,0.4117647058823529,68,68,73
2024,9,2024_09_LA_SEA,SEA,-0.24853514300815582,0.027722658965730843,-0.1332999100530997,-0.39618028523182147,0.3972602739726027,73,73,68
2024,9,2024_09_LV_CIN,CIN,0.08859871780297211,0.28455004935027317,0.17541682963425162,-0.03115040196430998,0.5362318840579711,69,69,59
2024,9,2024_09_LV_CIN,LV,-0.28455004935027317,-0.08859871780297211,-0.25230812509758643,-0.3428925789503729,0.3389830508474576,59,59,69
2024,9,2024_09_MIA_BUF,BUF,0.16632274530009294,-0.3055681748716005,0.22701502000200327,0.03854953540133436,0.5254237288135594,59,59,59
2024,9,2024_09_MIA_BUF,MIA,0.3055681748716005,-0.16632274530009294,0.604976831961867,0.016139806351009454,0.576271186440678,59,59,59
2024,9,2024_09_NE_TEN,NE,-0.08869032534496381,-0.011146080145846424,-0.25109894316651965,0.2686086338624591,0.4375,64,64,73
2024,9,2024_09_NE_TEN,TEN,0.011146080145846424,0.08869032534496381,0.15220145642866983,-0.11182527353661502,0.4246575342465753,73,73,64
2024,9,2024_09_NO_CAR,CAR,-0.007854261661332445,-0.12825395045611507,-0.01996439627390708,0.008292584488767065,0.3877551020408163,49,49,75
2024,9,2024_09_NO_CAR,NO,0.12825395045611507,0.007854261661332445,0.06649031298095624,0.17947257665502725,0.4533333333333333,75,75,49
2024,9,2024_09_TB_KC,KC,0.1403529048755421,-0.1895435593631987,0.258967751090271,-0.022318884218943173,0.4819277108433735,83,83,52
2024,9,2024_09_TB_KC,TB,0.1895435593631987,-0.1403529048755421,0.23148072236593892,0.11670532888475511,0.4230769230769231,52,52,83
2024,9,2024_09_WAS_NYG,NYG,0.10500855010039493,-0.3115800560732508,-0.06560041730698819,0.27011400243012057,0.45901639344262296,61,61,57
2024,9,2024_09_WAS_NYG,WAS,0.3115800560732508,-0.10500855010039493,0.4458963787444162,0.22715265325137546,0.543859649122807,57,57,61
2024,10,2024_10_ATL_NO,ATL,0.07373846124251972,-0.003852461072695219,-0.03037674363565702,0.20713606749268365,0.5205479452054794,73,73,51
2024,10,2024_10_ATL_NO,NO,0.003852461072695219,-0.07373846124251972,0.24891428065726806,-0.23178390391247097,0.37254901960784315,51,51,73
2024,10,2024_10_BUF_IND,BUF,0.019989930434927642,0.25126254354012095,-0.1657311100638369,0.2614272830833215,0.463768115942029,69,69,61
2024,10,2024_10_BUF_IND,IND,-0.25126254354012095,-0.019989930434927642,-0.31926054634112244,-0.13072062948380003,0.4098360655737705,61,61,69
2024,10,2024_10_CIN_BAL,BAL,0.32205032452450394,-0.09940526549843152,0.5957546156211968,-0.03923933972313069,0.5,58,58,76
2024,10,2024_10_CIN_BAL,CIN,0.09940526549843152,-0.32205032452450394,0.2039033052999022,-0.29246238375708344,0.4473684210526316,76,76,58
2024,10,2024_10_DEN_KC,DEN,0.0728355631619704,-0.0032262246740598377,0.24051089581924065,-0.16045185618727517,0.41818181818181815,55,55,65
2024,10,2024_10_DEN_KC,KC,0.0032262246740598377,-0.0728355631619704,0.08430397875183268,-0.19306728519844282,0.35384615384615387,65,65,55
2024,10,2024_10_DET_HOU,DET,-0.11832855089354422,0.22658274712509294,-0.062294043592264224,-0.169269012076526,0.3968253968253968,63,63,65
2024,10,2024_10_DET_HOU,HOU,-0.22658274712509294,0.11832855089354422,-0.15876915791220733,-0.3161935614421204,0.3230769230769231,65,65,63
2024,10,2024_10_MIA_LA,LA,-0.24376258026645936,0.12069886028009352,-0.15214623495091645,-0.49316263140321503,0.44776119402985076,67,67,52
2024,10,2024_10_MIA_LA,MIA,-0.12069886028009352,0.24376258026645936,-0.049395208359731296,-0.22595663216253298,0.38461538461538464,52,52,67
2024,10,2024_10_MIN_JAX,JAX,-0.3390633094064935,0.0035545111179894396,-0.35990938645321874,-0.310110424619375,0.3023255813953488,43,43,80
2024,10,2024_10_MIN_JAX,MIN,-0.0035545111179894396,0.3390633094064935,-0.06211173590483785,0.052146263679256614,0.475,80,80,43
2024,10,2024_10_NE_CHI,CHI,-0.4018640639909333,-0.004981852731434159,-0.5732682296444701,-0.06762594096653629,0.3220338983050847,59,59,60
2024,10,2024_10_NE_CHI,NE,0.004981852731434159,0.4018640639909333,-0.0513170796190814,0.048033977470063716,0.43333333333333335,60,60,59
2024,10,2024_10_NYG_CAR,CAR,-0.01719173711026695,0.12398125862417528,-0.263135331117905,0.182637433020939,0.43103448275862066,58,58,71
2024,10,2024_10_NYG_CAR,NYG,-0.12398125862417528,0.01719173711026695,-0.2728436604077873,0.04743605252059007,0.5070422535211268,71,71,58
2024,10,2024_10_NYJ_ARI,ARI,0.375025533842705,0.15724570151786854,0.7192222432637039,0.0974475423741575,0.5892857142857143,56,56,55
2024,10,2024_10_NYJ_ARI,NYJ,-0.15724570151786854,-0.375025533842705,-0.2866670541380744,0.13204908669200344,0.45454545454545453,55,55,56
2024,10,2024_10_PHI_DAL,DAL,-0.7085975825744606,0.05011665815093853,-0.8862331283187886,-0.47175018824868964,0.30357142857142855,56,56,64
2024,10,2024_10_PHI_DAL,PHI,-0.05011665815093853,0.7085975825744606,-0.22666388917385635,0.07871510502794744,0.46875,64,64,56
2024,10,2024_10_PIT_WAS,PIT,-0.022650367114692926,0.13645924922788852,0.14536485903408902,-0.1570625480337185,0.3611111111111111,72,72,59
2024,10,2024_10_PIT_WAS,WAS,-0.13645924922788852,0.022650367114692926,-0.25032379877605154,0.05504022046674932,0.423728813559322,59,59,72
2024,10,2024_10_SF_TB,SF,0.24011230348996715,0.0557267700768661,0.44277441325947625,-0.1266096094262875,0.5254237288135594,59,59,58
2024,10,2024_10_SF_TB,TB,-0.0557267700768661,-0.24011230348996715,-0.04905593437876745,-0.06338587773023863,0.39655172413793105,58,58,59
2024,10,2024_10_TEN_LAC,LAC,0.20210270739087094,-0.11689301344649819,0.5371613659389006,0.03910119782696457,0.4909090909090909,55,55,51
2024,10,2024_10_TEN_LAC,TEN,0.11689301344649819,-0.20210270739087094,0.04545059351020712,0.2189536133554854,0.45098039215686275,51,51,55
2024,11,2024_11_ATL_DEN,ATL,-0.27390878263394286,-0.37719540593009715,-0.1562955636815144,-0.46433018474739846,0.36363636363636365,55,55,60
2024,11,2024_11_ATL_DEN,DEN,0.37719540593009715,0.27390878263394286,0.6682767136963886,-0.003449381148899332,0.5333333333333333,60,60,55
2024,11,2024_11_BAL_PIT,BAL,-0.10600444784829538,0.2507253060152086,-0.17916123599508735,0.04030912844528858,0.4074074074074074,54,54,72
2024,11,2024_11_BAL_PIT,PIT,-0.2507253060152086,0.10600444784829538,-0.2897803085246341,-0.20190655287842674,0.3194444444444444,72,72,54
2024,11,2024_11_CIN_LAC,CIN,0.10320479573417679,-0.04700973538578244,0.12143685171549627,0.06455283705377951,0.3717948717948718,78,78,62
2024,11,2024_11_CIN_LAC,LAC,0.04700973538578244,-0.10320479573417679,0.06188857071752377,0.02498905909480527,0.41935483870967744,62,62,78
2024,11,2024_11_CLE_NO,CLE,0.03021658492135726,-0.3113062858423551,0.17663602201531298,-0.34315297966822983,0.38028169014084506,71,71,56
2024,11,2024_11_CLE_NO,NO,0.3113062858423551,-0.03021658492135726,0.17004696595443722,0.4742978087899526,0.5,56,56,71
2024,11,2024_11_GB_CHI,CHI,0.20041244266002994,-0.26649005350563676,0.0912384137722153,0.31279747239748623,0.5072463768115942,69,69,43
2024,11,2024_11_GB_CHI,GB,0.26649005350563676,-0.20041244266002994,0.7264303070874626,-0.06466692907327787,0.5116279069767442,43,43,69
2024,11,2024_11_HOU_DAL,DAL,-0.3053468709088249,-0.1938374301101505,-0.2686765994069349,-0.42961834655411874,0.35443037974683544,79,79,60
2024,11,2024_11_HOU_DAL,HOU,0.1938374301101505,0.3053468709088249,0.18337176992925103,0.2084893543634098,0.43333333333333335,60,60,79
2024,11,2024_11_IND_NYJ,IND,0.018339986137080325,0.1010115717027605,0.26335479336046386,-0.2062569204843546,0.391304347826087,69,69,52
2024,11,2024_11_IND_NYJ,NYJ,-0.1010115717027605,-0.018339986137080325,-0.014005576887994517,-0.24022116340638605,0.34615384615384615,52,52,69
2024,11,2024_11_JAX_DET,DET,0.5690215830365876,0.3716917931648659,1.1090835767252145,0.13433753933598538,0.6756756756756757,74,74,47
2024,11,2024_11_JAX_DET,JAX,-0.3716917931648659,-0.5690215830365876,-0.3956159703858456,-0.3294726568925489,0.2978723404255319,47,47,74
2024,11,2024_11_KC_BUF,BUF,0.10483378220066315,-0.11798019830278533,0.14904396717570853,0.04385421671784194,0.43478260869565216,69,69,52
2024,11,2024_11_KC_BUF,KC,0.11798019830278533,-0.10483378220066315,0.15999366730019185,0.0314818797787131,0.5192307692307693,52,52,69
2024,11,2024_11_LA_NE,LA,0.4036402737653398,-0.10206341777208411,0.5926589875097406,0.16061621323682457,0.5208333333333334,48,48,72
2024,11,2024_11_LA_NE,NE,0.10206341777208411,-0.4036402737653398,0.26414243435295465,-0.12484720544113467,0.5138888888888888,72,72,48
2024,11,2024_11_LV_MIA,LV,0.07929896471121518,-0.31449169864425214,0.1070157384260507,0.0043006358357779275,0.42857142857142855,63,63,63
2024,11,2024_11_LV_MIA,MIA,0.31449169864425214,-0.07929896471121518,0.6632111087575459,-0.18176284651697364,0.5079365079365079,63,63,63
2024,11,2024_11_MIN_TEN,MIN,-0.053563801073451045,0.14260744115284088,0.2190281380488041,-0.34319273639084713,0.3787878787878788,66,66,55
2024,11,2024_11_MIN_TEN,TEN,-0.14260744115284088,0.053563801073451045,0.05184833514165697,-0.5110499646582053,0.2727272727272727,55,55,66
2024,11,2024_11_SEA_SF,SEA,0.0034594915832335915,-0.1029588972261694,-0.020970306695957897,0.04169743671588114,0.4745762711864407,59,59,57
2024,11,2024_11_SEA_SF,SF,0.1029588972261694,-0.0034594915832335915,0.025567261466147163,0.1889496036261941,0.47368421052631576,57,57,59
2024,11,2024_11_WAS_PHI,PHI,0.20099255148930092,0.11744629858753615,0.02912437576201287,0.33319884051029175,0.463768115942029,69,69,64
2024,11,2024_11_WAS_PHI,WAS,-0.11744629858753615,-0.20099255148930092,0.03878737756289127,-0.31831816792379997,0.4375,64,64,69
2024,12,2024_12_ARI_SEA,ARI,-0.1847070503206257,0.06546132758983621,-0.12648666584471752,-0.35936820374835016,0.35714285714285715,56,56,59
2024,12,2024_12_ARI_SEA,SEA,-0.06546132758983621,0.1847070503206257,0.059185017896298736,-0.26055995530726483,0.3898305084745763,59,59,56
2024,12,2024_12_BAL_LAC,BAL,0.3251611416574621,-0.007558067130374887,0.3384748222823503,0.3160317606575388,0.4576271186440678,59,59,60
2024,12,2024_12_BAL_LAC,LAC,0.007558067130374887,-0.3251611416574621,-0.04598121418963441,0.11463662977039349,0.4166666666666667,60,60,59
2024,12,2024_12_DAL_WAS,DAL,-0.05523064933276668,0.029198595789597975,0.25877613115164677,-0.42531006918939684,0.45901639344262296,61,61,67
2024,12,2024_12_DAL_WAS,WAS,-0.029198595789597975,0.05523064933276668,-0.23604282735459595,0.2969788462936681,0.40298507462686567,67,67,61
2024,12,2024_12_DEN_LV,DEN,0.03901947515956488,0.21208234212914084,0.1938960308020187,-0.2636937926870494,0.4,65,65,73
2024,12,2024_12_DEN_LV,LV,-0.21208234212914084,-0.03901947515956488,-0.24780023484886862,-0.08483734931511053,0.3972602739726027,73,73,65
2024,12,2024_12_DET_IND,DET,0.1535755658409126,0.14250006489046096,0.23874796132575254,0.04977170884376392,0.5211267605633803,71,71,48
2024,12,2024_12_DET_IND,IND,-0.14250006489046096,-0.1535755658409126,-0.09255811106501385,-0.2124188002460869,0.3333333333333333,48,48,71
2024,12,2024_12_KC_CAR,CAR,0.19307642256124094,-0.28216850231015866,0.1715938189388516,0.22920625592616853,0.4745762711864407,59,59,68
2024,12,2024_12_KC_CAR,KC,0.28216850231015866,-0.19307642256124094,0.2183152305307792,0.38531609518454074,0.5588235294117647,68,68,59
2024,12,2024_12_MIN_CHI,CHI,0.06028022992501862,-0.07162828564785387,0.06653315635328784,0.04550058564001864,0.43243243243243246,74,74,65
2024,12,2024_12_MIN_CHI,MIN,0.07162828564785387,-0.06028022992501862,0.3276545829049626,-0.2887050216028917,0.46153846153846156,65,65,74
2024,12,2024_12_NE_MIA,MIA,0.0021696003086508517,0.19673141421842763,0.31099560891822786,-0.6154824169105032,0.4603174603174603,63,63,63
2024,12,2024_12_NE_MIA,NE,-0.19673141421842763,-0.0021696003086508517,-0.2946311100159317,0.013752931746206131,0.3968253968253968,63,63,63
2024,12,2024_12_PHI_LA,LA,-0.01803194593332742,-0.3400502677626876,0.09872947910300053,-0.2904752710180926,0.4666666666666667,60,60,66
2024,12,2024_12_PHI_LA,PHI,0.3400502677626876,0.01803194593332742,0.3248461656806361,0.34818269445773836,0.5,66,66,60
2024,12,2024_12_PIT_CLE,CLE,0.0052255449527385785,0.036713675725190686,-0.1936057146308711,0.2261491667123049,0.49122807017543857,57,57,68
2024,12,2024_12_PIT_CLE,PIT,-0.036713675725190686,-0.0052255449527385785,0.19680694244121497,-0.2702342938915963,0.36764705882352944,68,68,57
2024,12,2024_12_SF_GB,GB,0.12520204513291547,0.42066519900423355,0.2652505815712138,0.04183982106249979,0.47761194029850745,67,67,46
2024,12,2024_12_SF_GB,SF,-0.42066519900423355,-0.12520204513291547,-0.5092272382191764,-0.23763698462668495,0.30434782608695654,46,46,67
2024,12,2024_12_TB_NYG,NYG,-0.2526268650375476,-0.2624369768002441,-0.18198486084778173,-0.3864748729760514,0.38181818181818183,55,55,62
2024,12,2024_12_TB_NYG,TB,0.2624369768002441,0.2526268650375476,0.5571952111504894,-0.0138988679031109,0.5,62,62,55
2024,12,2024_12_TEN_HOU,HOU,-0.22699336670625098,0.0963698010642001,-0.1720383217216148,-0.34660140579045917,0.3333333333333333,54,54,64
2024,12,2024_12_TEN_HOU,TEN,-0.0963698010642001,0.22699336670625098,-0.07299957423500467,-0.12124778446302104,0.375,64,64,54
2024,13,2024_13_ARI_MIN,ARI,0.036537850582664774,0.0658263997318538,0.016586235873118818,0.06549987193523149,0.47368421052631576,76,76,50
2024,13,2024_13_ARI_MIN,MIN,-0.0658263997318538,-0.036537850582664774,-0.12385019138446829,0.08337763594629775,0.52,50,50,76
2024,13,2024_13_CHI_DET,CHI,-0.009250351456455667,-0.07395306239548231,-0.02874060885270063,0.04792107023919622,0.3898305084745763,59,59,69
2024,13,2024_13_CHI_DET,DET,0.07395306239548231,0.009250351456455667,0.027888730014787103,0.12420506135624071,0.463768115942029,69,69,59
2024,13,2024_13_CLE_DEN,CLE,-0.06116876458693555,-0.06892106307396875,-0.0377303363477336,-0.12435061462304514,0.4,85,85,59
2024,13,2024_13_CLE_DEN,DEN,0.06892106307396875,0.06116876458693555,0.0942248388008061,0.03201972347233095,0.423728813559322,59,59,85
2024,13,2024_13_HOU_JAX,HOU,0.07334556317890449,-0.08401990862355314,0.07861650575096915,0.06472038442461688,0.39655172413793105,58,58,69
2024,13,2024_13_HOU_JAX,JAX,0.08401990862355314,-0.07334556317890449,0.20961147674599498,-0.1370212512719445,0.4057971014492754,69,69,58
2024,13,2024_13_IND_NE,IND,0.0904319327184597,-0.1848482830773117,-0.059275635885582156,0.19610786349778336,0.5344827586206896,58,58,66
2024,13,2024_13_IND_NE,NE,0.1848482830773117,-0.0904319327184597,0.22268437215655265,0.14213011798784608,0.5303030303030303,66,66,58
2024,13,2024_13_LAC_ATL,ATL,-0.23777067035088434,0.28624597088101467,-0.2908388371657258,-0.18039967919970434,0.4155844155844156,77,77,44
2024,13,2024_13_LAC_ATL,LAC,-0.28624597088101467,0.23777067035088434,-0.26349436819640265,-0.3349994052051833,0.3181818181818182,44,44,77
2024,13,2024_13_LA_NO,LA,0.12678270610510636,0.05673674651888109,0.011499581361511866,0.23779608548782696,0.49056603773584906,53,53,69
2024,13,2024_13_LA_NO,NO,-0.05673674651888109,-0.12678270610510636,-0.0422139142506413,-0.07453892800898149,0.391304347826087,69,69,53
2024,13,2024_13_LV_KC,KC,-0.043106169296476086,-0.07842760025558447,0.024127596875893564,-0.26721872320437495,0.3384615384615385,65,65,62
2024,13,2024_13_LV_KC,LV,0.07842760025558447,0.043106169296476086,0.25044564458354546,-0.17615910534979776,0.43548387096774194,62,62,65
2024,13,2024_13_MIA_GB,GB,0.21100411182236392,-0.08498009549140285,0.4524056870810148,-0.0593656524673251,0.4716981132075472,53,53,67
2024,13,2024_13_MIA_GB,MIA,0.08498009549140285,-0.21100411182236392,0.2253418201983382,-0.4463892908991381,0.5074626865671642,67,67,53
2024,13,2024_13_NYG_DAL,DAL,-0.14145098609861034,0.22846491891259044,-0.07553897258516334,-0.22054540231474676,0.3484848484848485,66,66,59
2024,13,2024_13_NYG_DAL,NYG,-0.22846491891259044,0.14145098609861034,-0.5466031453666216,0.34721377657565644,0.3898305084745763,59,59,66
2024,13,2024_13_PHI_BAL,BAL,-0.0017640556218816033,-0.04506097750205439,-0.024940734024743217,0.02648252118160599,0.39436619718309857,71,71,52
2024,13,2024_13_PHI_BAL,PHI,0.04506097750205439,0.0017640556218816033,-0.07463600247311183,0.12614602845297346,0.4423076923076923,52,52,71
2024,13,2024_13_PIT_CIN,CIN,-0.0004929456742833562,-0.27613297432982464,-0.028439289084113722,0.07775681587324167,0.5263157894736842,57,57,64
2024,13,2024_13_PIT_CIN,PIT,0.27613297432982464,0.0004929456742833562,0.3878916192836389,0.08986856607346756,0.578125,64,64,57
2024,13,2024_13_SEA_NYJ,NYJ,-0.27016031154503506,0.01596439009645791,-0.3424153825006925,-0.1290908872982753,0.3709677419354839,62,62,56
2024,13,2024_13_SEA_NYJ,SEA,-0.01596439009645791,0.27016031154503506,-0.04584456871996386,0.030214067776233113,0.3392857142857143,56,56,62
2024,13,2024_13_SF_BUF,BUF,0.3458036979428207,0.24711014303322767,0.406607398454475,0.3145332233939699,0.5283018867924528,53,53,46
2024,13,2024_13_SF_BUF,SF,-0.24711014303322767,-0.3458036979428207,-0.34096156904950137,-0.18106654694770175,0.32608695652173914,46,46,53
2024,13,2024_13_TB_CAR,CAR,0.002090434313836036,0.030901692524250738,0.09613474670138392,-0.20838969341067584,0.4852941176470588,68,68,76
2024,13,2024_13_TB_CAR,TB,-0.030901692524250738,-0.002090434313836036,-0.21371338379129123,0.15190999874278976,0.4473684210526316,76,76,68
2024,13,2024_13_TEN_WAS,TEN,-0.10154991066288353,-0.29231445376932497,0.048080426776781225,-0.6456602286253008,0.29411764705882354,51,51,76
2024,13,2024_13_TEN_WAS,WAS,0.29231445376932497,0.10154991066288353,0.3164970361420528,0.27472712113461384,0.5921052631578947,76,76,51
2024,14,2024_14_ATL_MIN,ATL,0.09990188977755841,-0.4576278262207319,0.018836221506906493,0.1932502350589152,0.5492957746478874,71,71,53
2024,14,2024_14_ATL_MIN,MIN,0.4576278262207319,-0.09990188977755841,0.7376514303938426,0.030925191290277456,0.5094339622641509,53,53,71
2024,14,2024_14_BUF_LA,BUF,0.44754335454598293,-0.2856349099443072,0.4546931064907914,0.4319821297249291,0.5,54,54,72
2024,14,2024_14_BUF_LA,LA,0.2856349099443072,-0.44754335454598293,0.8188030307944298,-0.0951994620914948,0.5138888888888888,72,72,54
2024,14,2024_14_CAR_PHI,CAR,0.0190429469009689,-0.14238011264706238,0.07952389682842685,-0.045103515143304684,0.38235294117647056,68,68,56
2024,14,2024_14_CAR_PHI,PHI,0.14238011264706238,-0.0190429469009689,-0.07179056456239874,0.31509840071920847,0.48214285714285715,56,56,68
2024,14,2024_14_CHI_SF,CHI,-0.1547104220890598,-0.4070073706351582,-0.222854736068708,-0.05087146745340544,0.39622641509433965,53,53,60
2024,14,2024_14_CHI_SF,SF,0.4070073706351582,0.1547104220890598,0.7812664494321561,0.10079539707397807,0.5,60,60,53
2024,14,2024_14_CIN_DAL,CIN,0.15660042494561535,0.01648346478238886,0.22989755335001008,-0.04173298132509979,0.5238095238095238,63,63,59
2024,14,2024_14_CIN_DAL,DAL,-0.01648346478238886,-0.15660042494561535,-0.17539899930175154,0.19964166216394438,0.4406779661016949,59,59,63
2024,14,2024_14_CLE_PIT,CLE,-0.16220861044955417,0.10542690436555908,-0.22812257140636893,-0.046200039165560154,0.391304347826087,69,69,60
2024,14,2024_14_CLE_PIT,PIT,-0.10542690436555908,0.16220861044955417,-0.02077077699200622,-0.17469100858028414,0.36666666666666664,60,60,69
2024,14,2024_14_GB_DET,DET,0.06129416761706128,-0.13187831354704074,0.2821094690735457,-0.21147767535859593,0.4868421052631579,76,76,44
2024,14,2024_14_GB_DET,GB,0.13187831354704074,-0.06129416761706128,0.08248798069377829,0.17697383484784562,0.45454545454545453,44,44,76
2024,14,2024_14_JAX_TEN,JAX,0.030804982399609836,0.15862419363598335,0.16700864864455253,-0.14353571039391683,0.42105263157894735,57,57,62
2024,14,2024_14_JAX_TEN,TEN,-0.15862419363598335,-0.030804982399609836,-0.31640371081106333,0.03296522007661381,0.3709677419354839,62,62,57
2024,14,2024_14_LAC_KC,KC,0.016504888172233778,-0.08677343292069407,0.015757778446740246,0.01780420943396166,0.5238095238095238,63,63,57
2024,14,2024_14_LAC_KC,LAC,0.08677343292069407,-0.016504888172233778,0.24714263778878376,-0.13373422377292923,0.40350877192982454,57,57,63
2024,14,2024_14_LV_TB,LV,-0.1482394077658885,-0.12407973330365336,-0.16896336858042987,-0.11456297144225876,0.4126984126984127,63,63,59
2024,14,2024_14_LV_TB,TB,0.12407973330365336,0.1482394077658885,0.14341659792769473,0.09953678974237007,0.5084745762711864,59,59,63
2024,14,2024_14_NO_NYG,NO,-0.08197251833949344,0.13311092229646188,0.08863276004715417,-0.2579092116757238,0.4153846153846154,65,65,74
2024,14,2024_14_NO_NYG,NYG,-0.13311092229646188,0.08197251833949344,-0.21311877941776136,0.0442978043638109,0.35135135135135137,74,74,65
2024,14,2024_14_NYJ_MIA,MIA,0.23211588304366929,-0.2324546813383165,0.44426008108860415,-0.2926618700148538,0.5757575757575758,66,66,63
2024,14,2024_14_NYJ_MIA,NYJ,0.2324546813383165,-0.23211588304366929,0.3523737448126874,-0.007383445610425302,0.5238095238095238,63,63,66
2024,14,2024_14_SEA_ARI,ARI,-0.06725611021829739,-0.15525940599889404,-0.11077961766187101,0.0084369462053089,0.4603174603174603,63,63,61
2024,14,2024_14_SEA_ARI,SEA,0.15525940599889404,0.06725611021829739,0.23870308544868307,0.07450745814425952,0.4918032786885246,61,61,63
2024,15,2024_15_ATL_LV,ATL,-0.20984076669696722,0.26475047003767,-0.37559989432751045,-0.12024123824802493,0.3333333333333333,57,57,64
2024,15,2024_15_ATL_LV,LV,-0.26475047003767,0.20984076669696722,-0.21451073928145714,-0.360662683299531,0.40625,64,64,57
2024,15,2024_15_BAL_NYG,BAL,0.44326374318615275,0.22819634245647416,0.8373826373572228,0.07541944195982068,0.603448275862069,58,58,59
2024,15,2024_15_BAL_NYG,NYG,-0.22819634245647416,-0.44326374318615275,-0.22794233989407076,-0.22873108469311296,0.3220338983050847,59,59,58
2024,15,2024_15_BUF_DET,BUF,0.4799142187384701,-0.257717255373629,0.5848777784556042,0.37176994509051386,0.5671641791044776,67,67,75
2024,15,2024_15_BUF_DET,DET,0.257717255373629,-0.4799142187384701,0.3600406546993424,-0.15157634192922462,0.49333333333333335,75,75,67
2024,15,2024_15_CHI_MIN,CHI,-0.2101805232369646,-0.032160901704518824,-0.12629585442873423,-0.3150363592472526,0.38095238095238093,63,63,71
2024,15,2024_15_CHI_MIN,MIN,0.032160901704518824,0.2101805232369646,0.06872500031105325,-0.020793999725634484,0.5070422535211268,71,71,63
2024,15,2024_15_CIN_TEN,CIN,0.1949040566409111,0.11534370897061308,0.21201088384239367,0.17055972562341665,0.47619047619047616,63,63,64
2024,15,2024_15_CIN_TEN,TEN,-0.11534370897061308,-0.1949040566409111,-0.06953906124659912,-0.18228896333647965,0.53125,64,64,63
2024,15,2024_15_DAL_CAR,CAR,-0.32890248268144207,-0.20379833957529075,-0.3025032682960634,-0.3850008132503717,0.36,50,50,68
2024,15,2024_15_DAL_CAR,DAL,0.20379833957529075,0.32890248268144207,0.38906275476420066,0.06603762058866544,0.5588235294117647,68,68,50
2024,15,2024_15_GB_SEA,GB,0.06743098281807638,0.33940678994108925,0.3993446915637886,-0.19614755059763625,0.4918032786885246,61,61,56
2024,15,2024_15_GB_SEA,SEA,-0.33940678994108925,-0.06743098281807638,-0.5194613463937416,0.11072960119054187,0.32142857142857145,56,56,61
2024,15,2024_15_IND_DEN,DEN,-0.3143748995556868,0.45204005983084017,-0.4360473589053875,-0.1420055821436108,0.3275862068965517,58,58,72
2024,15,2024_15_IND_DEN,IND,-0.45204005983084017,0.3143748995556868,-0.5187677788462876,-0.36863041106153105,0.2916666666666667,72,72,58
2024,15,2024_15_KC_CLE,CLE,-0.5222386951110389,0.07742544998265263,-0.7094531517269878,-0.15717050470993854,0.3728813559322034,59,59,73
2024,15,2024_15_KC_CLE,KC,-0.07742544998265263,0.5222386951110389,-0.0615532717332826,-0.09666445392128298,0.410958904109589,73,73,59
2024,15,2024_15_LA_SF,LA,-0.09558920203368648,0.28493972091683123,-0.21839004441919485,-0.008335971917667358,0.4,65,65,53
2024,15,2024_15_LA_SF,SF,-0.28493972091683123,0.09558920203368648,-0.31078073101473425,-0.23869791337321536,0.3018867924528302,53,53,65
2024,15,2024_15_MIA_HOU,HOU,-0.3150112851587115,0.21669346186923588,-0.2229409960069028,-0.4876430773183529,0.391304347826087,46,46,62
2024,15,2024_15_MIA_HOU,MIA,-0.21669346186923588,0.3150112851587115,-0.20592293660694783,-0.2410688611470457,0.43548387096774194,62,62,46
2024,15,2024_15_NE_ARI,ARI,0.18360129757292515,-0.044622635037075156,0.32508337075491683,0.03755528654635307,0.42857142857142855,63,63,49
2024,15,2024_15_NE_ARI,NE,0.044622635037075156,-0.18360129757292515,0.13747578014976805,-0.052099391121979956,0.5510204081632653,49,49,63
2024,15,2024_15_NYJ_JAX,JAX,0.11953011604670073,-0.39749838499044116,0.09306915198411349,0.16424002084210676,0.5384615384615384,78,78,54
2024,15,2024_15_NYJ_JAX,NYJ,0.39749838499044116,-0.11953011604670073,0.43044755931314393,0.349572313248328,0.4074074074074074,54,54,78
2024,15,2024_15_PIT_PHI,PHI,0.19869709359830184,0.2778170759312048,0.6089010993887153,-0.16943470647001788,0.47297297297297297,74,74,41
2024,15,2024_15_PIT_PHI,PIT,-0.2778170759312048,-0.19869709359830184,-0.24429913618892707,-0.3251365202732439,0.36585365853658536,41,41,74
2024,15,2024_15_TB_LAC,LAC,-0.3698403134963222,-0.22441281418351666,-0.40495602513594253,-0.2517238288903266,0.375,48,48,67
2024,15,2024_15_TB_LAC,TB,0.22441281418351666,0.3698403134963222,0.6379263043625969,-0.07246866594505377,0.5223880597014925,67,67,48
2024,15,2024_15_WAS_NO,NO,-0.08749075938621849,-0.07163261401595818,-0.031605683709938374,-0.20973936242808122,0.35294117647058826,51,51,74
2024,15,2024_15_WAS_NO,WAS,0.07163261401595818,0.08749075938621849,0.028373040854706807,0.11983613839563827,0.5,74,74,51
2024,16,2024_16_ARI_CAR,ARI,0.16333864765339806,-0.2464324704972173,0.03828093676570875,0.3142703676902645,0.515625,64,64,64
2024,16,2024_16_ARI_CAR,CAR,0.2464324704972173,-0.16333864765339806,0.03758128427004478,0.41948059622830314,0.453125,64,64,64
2024,16,2024_16_CLE_CIN,CIN,0.11405103122944937,0.2803599524232263,0.08981401927684123,0.15329190772414827,0.5454545454545454,55,55,63
2024,16,2024_16_CLE_CIN,CLE,-0.2803599524232263,-0.11405103122944937,-0.4575905261504559,0.007639729883521795,0.3492063492063492,63,63,55
2024,16,2024_16_DEN_LAC,DEN,0.19349572844943194,-0.21883563000886758,0.1697127777397258,0.24106162986884425,0.4444444444444444,63,63,60
2024,16,2024_16_DEN_LAC,LAC,0.21883563000886758,-0.19349572844943194,0.3623032842001823,0.03122408222022523,0.5166666666666667,60,60,63
2024,16,2024_16_DET_CHI,CHI,0.014175742925806253,-0.32327141022115463,0.26478557610867676,-0.6049779625848151,0.423728813559322,59,59,64
2024,16,2024_16_DET_CHI,DET,0.32327141022115463,-0.014175742925806253,0.4694146457692749,0.16769957883122016,0.5625,64,64,59
2024,16,2024_16_HOU_KC,HOU,0.09238814503059829,-0.14929714872905306,0.14721820528904309,-0.039849059122121507,0.3793103448275862,58,58,68
2024,16,2024_16_HOU_KC,KC,0.14929714872905306,-0.09238814503059829,0.2259583772507058,0.02545977957869092,0.47058823529411764,68,68,58
2024,16,2024_16_JAX_LV,JAX,-0.21165921295264004,0.0724789299116734,-0.18471139869943726,-0.26298838295874055,0.29508196721311475,61,61,65
2024,16,2024_16_JAX_LV,LV,-0.0724789299116734,0.21165921295264004,-0.005880357676488757,-0.18625149081344716,0.4,65,65,61
2024,16,2024_16_LA_NYJ,LA,0.10739188274605899,0.032647591238935354,0.16772524371300737,0.06645138780420114,0.5106382978723404,47,47,63
2024,16,2024_16_LA_NYJ,NYJ,-0.032647591238935354,-0.10739188274605899,0.06414054278334441,-0.24074207938683684,0.4603174603174603,63,63,47
2024,16,2024_16_MIN_SEA,MIN,0.09505266635780972,-0.03819092147175594,0.2198799003556465,-0.1308251856382759,0.4576271186440678,59,59,60
2024,16,2024_16_MIN_SEA,SEA,0.03819092147175594,-0.09505266635780972,0.006741950386813109,0.13253783472658445,0.5,60,60,59
2024,16,2024_16_NE_BUF,BUF,0.034190916288598425,0.02519604440578191,0.050958732808386184,0.016225398588825816,0.46551724137931033,58,58,68
2024,16,2024_16_NE_BUF,NE,-0.02519604440578191,-0.034190916288598425,0.11011274710701975,-0.19658718032199735,0.45588235294117646,68,68,58
2024,16,2024_16_NO_GB,GB,0.2639358431554921,0.3494658540365427,0.2030353429193036,0.3133146271307802,0.5074626865671642,67,67,53
2024,16,2024_16_NO_GB,NO,-0.3494658540365427,-0.2639358431554921,-0.5279769850012874,-0.05492248794471379,0.32075471698113206,53,53,67
2024,16,2024_16_NYG_ATL,ATL,0.0798530071311659,0.42913856733780864,0.2425088812470641,-0.04213889845575775,0.5079365079365079,63,63,55
2024,16,2024_16_NYG_ATL,NYG,-0.42913856733780864,-0.0798530071311659,-0.5108322306962995,-0.16520519341037682,0.45454545454545453,55,55,63
2024,16,2024_16_PHI_WAS,PHI,0.02624405681024844,0.066384402216725,-0.1358085269517918,0.15921027938423019,0.36619718309859156,71,71,64
2024,16,2024_16_PHI_WAS,WAS,-0.066384402216725,-0.02624405681024844,0.0418837541484465,-0.23528272614639253,0.40625,64,64,71
2024,16,2024_16_PIT_BAL,BAL,0.17810179664736042,0.17896074560762903,0.2950945613255573,0.09787818658231114,0.5254237288135594,59,59,59
2024,16,2024_16_PIT_BAL,PIT,-0.17896074560762903,-0.17810179664736042,-0.18763547350785562,-0.16631010075313193,0.3728813559322034,59,59,59
2024,16,2024_16_SF_MIA,MIA,0.1649426839929953,-0.060020812798913595,0.16624582384276126,0.16341486485878698,0.5079365079365079,63,63,59
2024,16,2024_16_SF_MIA,SF,0.060020812798913595,-0.1649426839929953,0.13905511493788744,-0.12000176429541574,0.4915254237288136,59,59,63
2024,16,2024_16_TB_DAL,DAL,0.01339712979400351,-0.08336109182054098,0.25707071079460087,-0.5026175123249085,0.37735849056603776,53,53,70
2024,16,2024_16_TB_DAL,TB,0.08336109182054098,-0.01339712979400351,-0.02999094881733919,0.3149935226892526,0.5428571428571428,70,70,53
2024,16,2024_16_TEN_IND,IND,0.21821909411644827,-0.07221309393267743,0.2020320331066614,0.2221039887587971,0.5,62,62,58
2024,16,2024_16_TEN_IND,TEN,0.07221309393267743,-0.21821909411644827,0.10052159947630253,0.025890084861290893,0.4827586206896552,58,58,62
2024,17,2024_17_ARI_LA,ARI,-0.00913665684852672,0.03091085615455659,0.04275951002153337,-0.1318003239959415,0.527027027027027,74,74,53
2024,17,2024_17_ARI_LA,LA,-0.03091085615455659,0.00913665684852672,-0.015070534856637723,-0.05504848860852819,0.4528301886792453,53,53,74
2024,17,2024_17_ATL_WAS,ATL,0.06587515463216208,-0.2215034776568865,-0.017377091833026943,0.19980268155442268,0.5166666666666667,60,60,76
2024,17,2024_17_ATL_WAS,WAS,0.2215034776568865,-0.06587515463216208,0.12126471994933764,0.3389260224000152,0.5263157894736842,76,76,60
2024,17,2024_17_BAL_HOU,BAL,0.31108718914939026,0.41480403844616376,0.5115494413417508,0.22717275799909975,0.5901639344262295,61,61,54
2024,17,2024_17_BAL_HOU,HOU,-0.41480403844616376,-0.31108718914939026,-0.49461628868389323,-0.24109502322287024,0.3148148148148148,54,54,61
2024,17,2024_17_CAR_TB,CAR,-0.10282477504936936,-0.45438960213542484,-0.07582221531780155,-0.17136973436796465,0.34782608695652173,46,46,71
2024,17,2024_17_CAR_TB,TB,0.45438960213542484,0.10282477504936936,0.7413309815083028,0.19071374000899644,0.6056338028169014,71,71,46
2024,17,2024_17_DAL_PHI,DAL,-0.30404382732854834,-0.27142536211391144,-0.46499000071669905,-0.1430976539403976,0.4,60,60,59
2024,17,2024_17_DAL_PHI,PHI,0.27142536211391144,0.30404382732854834,0.7474529261083731,0.045312269216542175,0.4745762711864407,59,59,60
2024,17,2024_17_DEN_CIN,CIN,0.14198116660070267,-0.17167536599955877,0.25147024048500904,-0.08510728293711792,0.5421686746987951,83,83,60
2024,17,2024_17_DEN_CIN,DEN,0.17167536599955877,-0.14198116660070267,0.28777228777738595,0.02977912827110332,0.45,60,60,83
2024,17,2024_17_DET_SF,DET,0.38570429935289924,-0.34407548521447723,0.5924623879797156,0.13070265671315914,0.5671641791044776,67,67,59
2024,17,2024_17_DET_SF,SF,0.34407548521447723,-0.38570429935289924,0.38151816945522554,0.25878937111055067,0.6101694915254238,59,59,67
2024,17,2024_17_GB_MIN,GB,-0.029515180964256083,-0.09248545610827213,0.022190431859370995,-0.10276479913106111,0.4827586206896552,58,58,67
2024,17,2024_17_GB_MIN,MIN,0.09248545610827213,0.029515180964256083,0.2770751496286144,-0.26064265323499136,0.5223880597014925,67,67,58
2024,17,2024_17_IND_NYG,IND,0.04343917667707428,-0.37680355320979003,0.17652974255104786,-0.12191576880271111,0.47297297297297297,74,74,49
2024,17,2024_17_IND_NYG,NYG,0.37680355320979003,-0.04343917667707428,1.2013492165196626,-0.35260222587202034,0.40816326530612246,49,49,74
2024,17,2024_17_KC_PIT,KC,0.31503068699678116,0.11093377590989567,0.49106306369928443,-0.028232447573100217,0.5084745762711864,59,59,73
2024,17,2024_17_KC_PIT,PIT,-0.11093377590989567,-0.31503068699678116,-0.43132915143741274,0.32315028125641776,0.4383561643835616,73,73,59
2024,17,2024_17_LAC_NE,LAC,0.2911025041405697,0.5518501636239913,0.439216232728256,0.13097955431604397,0.5194805194805194,77,77,48
2024,17,2024_17_LAC_NE,NE,-0.5518501636239913,-0.2911025041405697,-0.6150536619950019,-0.4633652659045765,0.3333333333333333,48,48,77
2024,17,2024_17_LV_NO,LV,0.10238876612595055,0.2802494880366669,0.2682210433463578,-0.06344351109445674,0.4305555555555556,72,72,53
2024,17,2024_17_LV_NO,NO,-0.2802494880366669,-0.10238876612595055,-0.41317543454163275,0.12875342428630504,0.39622641509433965,53,53,72
2024,17,2024_17_MIA_CLE,CLE,-0.36496926899427645,0.09800092579572847,-0.5242008012852845,-0.09200092792397686,0.34210526315789475,76,76,55
2024,17,2024_17_MIA_CLE,MIA,-0.09800092579572847,0.36496926899427645,0.15985120582028428,-0.3856052264443581,0.36363636363636365,55,55,76
2024,17,2024_17_NYJ_BUF,BUF,0.16659985220992338,0.20912926959246397,0.6022869707114566,-0.21462637647891825,0.4666666666666667,60,60,59
2024,17,2024_17_NYJ_BUF,NYJ,-0.20912926959246397,-0.16659985220992338,-0.3043190838461129,-0.03688103427633732,0.4745762711864407,59,59,60
2024,17,2024_17_SEA_CHI,CHI,-0.20850898979649193,0.17081621145457898,-0.29216418915348374,-0.08120759947063483,0.3448275862068966,58,58,50
2024,17,2024_17_SEA_CHI,SEA,-0.17081621145457898,0.20850898979649193,-0.3268055610864841,-0.0018277493533484328,0.42,50,50,58
2024,17,2024_17_TEN_JAX,JAX,0.15334083067712087,-0.03728812583230865,0.3170030363969624,0.030594176387239713,0.48214285714285715,56,56,64
2024,17,2024_17_TEN_JAX,TEN,0.03728812583230865,-0.15334083067712087,0.006887362823802841,0.07174232390861524,0.5,64,64,56
2024,18,2024_18_BUF_NE,BUF,-0.06714681854610154,-0.033465403571571295,-0.08164137245757522,-0.05309149354103614,0.4153846153846154,65,65,58
2024,18,2024_18_BUF_NE,NE,0.033465403571571295,0.06714681854610154,0.29281224666650824,-0.2643031940559488,0.43103448275862066,58,58,65
2024,18,2024_18_CAR_ATL,ATL,0.29230843032309944,-0.41231425398478677,0.14017638675078156,0.4484439487262678,0.6233766233766234,77,77,64
2024,18,2024_18_CAR_ATL,CAR,0.41231425398478677,-0.29230843032309944,0.6099945158075009,0.17373462764702835,0.5,64,64,77
2024,18,2024_18_CHI_GB,CHI,-0.17034980808239197,0.10587411005574261,-0.17672049260775868,-0.16299901824543037,0.375,56,56,62
2024,18,2024_18_CHI_GB,GB,-0.10587411005574261,0.17034980808239197,-0.19173573368936747,-0.030419955953466218,0.43548387096774194,62,62,56
2024,18,2024_18_CIN_PIT,CIN,-0.028872098026185216,0.1747617132745999,-0.0285248999472522,-0.029740093223517762,0.4857142857142857,70,70,58
2024,18,2024_18_CIN_PIT,PIT,-0.1747617132745999,0.028872098026185216,-0.15441873633602415,-0.20571841731156304,0.3448275862068966,58,58,70
2024,18,2024_18_CLE_BAL,BAL,0.15761476364842206,0.4532905818637893,0.17011135869430408,0.146546350893498,0.4393939393939394,66,66,54
2024,18,2024_18_CLE_BAL,CLE,-0.4532905818637893,-0.15761476364842206,-0.4921223571080897,-0.3756270313751884,0.25925925925925924,54,54,66
2024,18,2024_18_HOU_TEN,HOU,0.0626337290576773,0.18464127046662468,-0.12624776164262458,0.25826098728299,0.49122807017543857,57,57,61
2024,18,2024_18_HOU_TEN,TEN,-0.18464127046662468,-0.0626337290576773,0.18117949953206477,-0.5161663432779371,0.36065573770491804,61,61,57
2024,18,2024_18_JAX_IND,IND,0.011510927859925225,-0.03034178943241788,-0.08593023329450951,0.13474533755523974,0.4805194805194805,77,77,66
2024,18,2024_18_JAX_IND,JAX,0.03034178943241788,-0.011510927859925225,0.0802462389504161,-0.02268168818045524,0.42424242424242425,66,66,77
2024,18,2024_18_KC_DEN,DEN,0.4105987242105508,0.4489145424365575,0.8950941322071766,0.07606618059383306,0.5774647887323944,71,71,33
2024,18,2024_18_KC_DEN,KC,-0.4489145424365575,-0.4105987242105508,-0.46248592031829666,-0.4217717866730792,0.12121212121212122,33,33,71
2024,18,2024_18_LAC_LV,LAC,0.28720594113842624,0.10243118794101591,0.4978952343442808,0.057926416179113906,0.5492957746478874,71,71,47
2024,18,2024_18_LAC_LV,LV,-0.10243118794101591,-0.28720594113842624,-0.09929067391826776,-0.11270923383364623,0.425531914893617,47,47,71
2024,18,2024_18_MIA_NYJ,MIA,-0.12810101581761324,-0.060140069045257545,-0.23615133172097658,0.083301776167228,0.4264705882352941,68,68,63
2024,18,2024_18_MIA_NYJ,NYJ,0.060140069045257545,0.12810101581761324,0.025430594802085982,0.12050437207686027,0.42857142857142855,63,63,68
2024,18,2024_18_MIN_DET,DET,0.014813956991596667,0.33818842733508814,0.045375916142382816,-0.01969148075929092,0.48484848484848486,66,66,61
2024,18,2024_18_MIN_DET,MIN,-0.33818842733508814,-0.014813956991596667,-0.5770291567094171,0.2323755372813644,0.29508196721311475,61,61,66
2024,18,2024_18_NO_TB,NO,0.0020943582978157744,-0.22456962449190762,-0.024374757585681014,0.06339125823854518,0.4126984126984127,63,63,63
2024,18,2024_18_NO_TB,TB,0.22456962449190762,-0.0020943582978157744,0.2852115319898399,0.15786352624418215,0.47619047619047616,63,63,63
2024,18,2024_18_NYG_PHI,NYG,-0.1187441121208244,0.04040916824392345,-0.2991492793877713,0.09052588190883398,0.3888888888888889,54,54,67
2024,18,2024_18_NYG_PHI,PHI,-0.04040916824392345,0.1187441121208244,0.17480759213414485,-0.4260058639212958,0.40298507462686567,67,67,54
2024,18,2024_18_SEA_LA,LA,0.02409587900480262,-0.24005317011635172,0.046169604091511926,-0.023204960466717325,0.4393939393939394,66,66,53
2024,18,2024_18_SEA_LA,SEA,0.24005317011635172,-0.02409587900480262,0.3279620413039448,0.1253894250890564,0.5283018867924528,53,53,66
2024,18,2024_18_SF_ARI,ARI,0.24859288199629878,-0.009232503674161303,0.22888136289281732,0.2732322808756506,0.5079365079365079,63,63,71
2024,18,2024_18_SF_ARI,SF,0.009232503674161303,-0.24859288199629878,0.07522041778133773,-0.09830335635234844,0.4788732394366197,71,71,63
2024,18,2024_18_WAS_DAL,DAL,-0.04375298736429032,-0.08709049513575884,-0.07107367962926829,-0.01853388681200297,0.41333333333333333,75,75,54
2024,18,2024_18_WAS_DAL,WAS,0.08709049513575884,0.04375298736429032,-0.029471749649831867,0.3407847926102798,0.48148148148148145,54,54,75
2025,1,2025_01_ARI_NO,ARI,0.043989166043527976,0.04165398697715263,0.04484703899588642,0.04290888158500254,0.4098360655737705,61,61,67
2025,1,2025_01_ARI_NO,NO,-0.04165398697715263,-0.043989166043527976,-0.07984859336851573,0.03647134427790826,0.43283582089552236,67,67,61
2025,1,2025_01_BAL_BUF,BAL,0.3856986985481338,-0.2349865763823882,0.4189724084660335,0.3616039430903444,0.5,50,50,77
2025,1,2025_01_BAL_BUF,BUF,0.2349865763823882,-0.3856986985481338,0.29191143439752415,0.13536807485590024,0.4935064935064935,77,77,50
2025,1,2025_01_CAR_JAX,CAR,-0.2563797084211179,-0.15245799652321068,-0.4278524880928261,0.0008294610864444015,0.35,60,60,60
2025,1,2025_01_CAR_JAX,JAX,0.15245799652321068,0.2563797084211179,0.04852573403405384,0.25639025901236756,0.48333333333333334,60,60,60
2025,1,2025_01_CIN_CLE,CIN,-0.10886814770917332,0.051202136508424784,-0.012753566816483541,-0.21751941306612696,0.40816326530612246,49,49,71
2025,1,2025_01_CIN_CLE,CLE,-0.051202136508424784,0.10886814770917332,-0.0391942024729802,-0.07471767399450376,0.39436619718309857,71,71,49
2025,1,2025_01_DAL_PHI,DAL,0.035278117869239026,-0.1604501459603092,0.035861040830335714,0.034403733427593994,0.45454545454545453,55,55,59
2025,1,2025_01_DAL_PHI,PHI,0.1604501459603092,-0.035278117869239026,0.06628133483405026,0.22502304501831533,0.5084745762711864,59,59,55
2025,1,2025_01_DET_GB,DET,-0.0622777864609656,-0.19962787307459212,0.031962275764993685,-0.25524553292364416,0.421875,64,64,46
2025,1,2025_01_DET_GB,GB,0.19962787307459212,0.0622777864609656,0.45751337509230317,-0.03676717044164298,0.43478260869565216,46,46,64
2025,1,2025_01_HOU_LA,HOU,-0.13239190355484282,0.03839154758130793,-0.286607832490679,0.03895912859608623,0.3684210526315789,57,57,55
2025,1,2025_01_HOU_LA,LA,-0.03839154758130793,0.13239190355484282,0.06178695518792665,-0.1777703340428517,0.41818181818181815,55,55,57
2025,1,2025_01_KC_LAC,KC,0.21523830751852047,-0.3200720840759058,0.08725319262866171,0.5239082904881798,0.46551724137931033,58,58,59
2025,1,2025_01_KC_LAC,LAC,0.3200720840759058,-0.21523830751852047,0.47479086920147634,0.05986321818290074,0.576271186440678,59,59,58
2025,1,2025_01_LV_NE,LV,0.11466681462113602,0.06607576636094871,0.3850758529911169,-0.320339029713181,0.43333333333333335,60,60,68
2025,1,2025_01_LV_NE,NE,-0.06607576636094871,-0.11466681462113602,-0.006512648858278949,-0.23152887053503138,0.4117647058823529,68,68,60
2025,1,2025_01_MIA_IND,IND,0.2645682559748231,0.25682406793280127,0.4332571117027661,0.13805161417886577,0.5285714285714286,70,70,47
2025,1,2025_01_MIA_IND,MIA,-0.25682406793280127,-0.2645682559748231,-0.46121626345348943,0.3393198356692058,0.425531914893617,47,47,70
2025,1,2025_01_MIN_CHI,CHI,-0.07139121302123265,0.17688631513317526,-0.18996852200493547,0.09735341899403675,0.38095238095238093,63,63,51
2025,1,2025_01_MIN_CHI,MIN,-0.17688631513317526,0.07139121302123265,-0.39265163595978003,0.030580339507790856,0.4117647058823529,51,51,63
2025,1,2025_01_NYG_WAS,NYG,-0.24112420517436706,-0.18565548716146768,-0.2921496548917946,-0.1546027904361203,0.3387096774193548,62,62,62
2025,1,2025_01_NYG_WAS,WAS,0.18565548716146768,0.24112420517436706,0.041356290792905245,0.3498580209601767,0.532258064516129,62,62,62
2025,1,2025_01_PIT_NYJ,NYJ,0.21197511287386875,-0.17033562458164134,0.41891409265190793,0.08781172500704526,0.5,64,64,53
2025,1,2025_01_PIT_NYJ,PIT,0.17033562458164134,-0.21197511287386875,0.30013986028333556,-0.06194563930560099,0.41509433962264153,53,53,64
2025,1,2025_01_SF_SEA,SEA,-0.265391186094444,-0.11244347842868568,-0.43611874971171355,-0.11436295674070562,0.46938775510204084,49,49,70
2025,1,2025_01_SF_SEA,SF,0.11244347842868568,0.265391186094444,0.3702745599243923,-0.1605541372726507,0.5,70,70,49
2025,1,2025_01_TB_ATL,ATL,0.0551085821851325,-0.11404061733898174,0.2238161676118511,-0.21357386867964157,0.44285714285714284,70,70,55
2025,1,2025_01_TB_ATL,TB,0.11404061733898174,-0.0551085821851325,0.17473437586652327,0.022999979547669434,0.36363636363636365,55,55,70
2025,1,2025_01_TEN_DEN,DEN,-0.14790463857146785,0.4102946305332314,-0.186726018072547,-0.09105904715917339,0.391304347826087,69,69,55
2025,1,2025_01_TEN_DEN,TEN,-0.4102946305332314,0.14790463857146785,-0.39380760055258246,-0.4369879171685676,0.23636363636363636,55,55,69
2025,2,2025_02_ATL_MIN,ATL,-0.02861152864905705,0.45022468701221624,-0.3957658054988698,0.2032753830455615,0.43548387096774194,62,62,46
2025,2,2025_02_ATL_MIN,MIN,-0.45022468701221624,0.02861152864905705,-0.6654280477944005,-0.1444093848480598,0.41304347826086957,46,46,62
2025,2,2025_02_BUF_NYJ,BUF,0.19778235719753628,0.2953253710950093,0.009723984190551887,0.3327986249974225,0.4626865671641791,67,67,47
2025,2,2025_02_BUF_NYJ,NYJ,-0.2953253710950093,-0.19778235719753628,-0.15875413327683838,-0.4644135702984589,0.3404255319148936,47,47,67
2025,2,2025_02_CAR_ARI,ARI,0.12701131969957394,0.018261211651571223,0.23614491379286703,-0.008106463463550817,0.44680851063829785,47,47,78
2025,2,2025_02_CAR_ARI,CAR,-0.018261211651571223,-0.12701131969957394,0.05576263636677824,-0.23293037090478466,0.46153846153846156,78,78,47
2025,2,2025_02_CHI_DET,CHI,-0.16596288634355005,-0.4094902379067139,-0.0018706160599076364,-0.39083007154706,0.359375,64,64,58
2025,2,2025_02_CHI_DET,DET,0.4094902379067139,0.16596288634355005,0.8608364394316423,-0.011766216849886066,0.5517241379310345,58,58,64
2025,2,2025_02_CLE_BAL,BAL,0.12490885511974023,0.26294704133987706,0.2919594726954843,-0.17207002057047147,0.4,50,50,72
2025,2,2025_02_CLE_BAL,CLE,-0.26294704133987706,-0.12490885511974023,-0.4663303780902675,0.1992878149110104,0.375,72,72,50
2025,2,2025_02_DEN_IND,DEN,0.1918209873637272,-0.1501247065006962,0.27817811633061645,0.08387457615511569,0.46296296296296297,54,54,67
2025,2,2025_02_DEN_IND,IND,0.1501247065006962,-0.1918209873637272,0.31295389315991,-0.02796971640781895,0.4925373134328358,67,67,54
2025,2,2025_02_JAX_CIN,CIN,-0.0071659925196110716,-0.09293807758550672,-0.038087872669989226,0.08014284555204487,0.4307692307692308,65,65,70
2025,2,2025_02_JAX_CIN,JAX,0.09293807758550672,0.0071659925196110716,0.11640671051295809,0.05556210662697302,0.5,70,70,65
2025,2,2025_02_LAC_LV,LAC,-0.020255894486862876,0.3918832617330055,0.3506250142169619,-0.46840365917065113,0.4339622641509434,53,53,65
2025,2,2025_02_LAC_LV,LV,-0.3918832617330055,0.020255894486862876,-0.5014766986995558,-0.12655178276135734,0.3076923076923077,65,65,53
2025,2,2025_02_LA_TEN,LA,0.3434016010603085,0.12371082812978232,0.28764619381255774,0.42582263786133134,0.49122807017543857,57,57,64
2025,2,2025_02_LA_TEN,TEN,-0.12371082812978232,-0.3434016010603085,-0.1772098467423015,-0.0455199547730235,0.390625,64,64,57
2025,2,2025_02_NE_MIA,MIA,0.16988271840078065,-0.34392312032291567,0.26843593250532444,-0.07321520972376068,0.4807692307692308,52,52,53
2025,2,2025_02_NE_MIA,NE,0.34392312032291567,-0.16988271840078065,0.5765576980054108,0.11990463811014261,0.5094339622641509,53,53,52
2025,2,2025_02_NYG_DAL,DAL,0.1336964227637165,-0.221682736722675,0.183608866592401,0.03565412238594338,0.4578313253012048,83,83,65
2025,2,2025_02_NYG_DAL,NYG,0.221682736722675,-0.1336964227637165,0.38803276395567216,-0.12686017747979522,0.46153846153846156,65,65,83
2025,2,2025_02_PHI_KC,KC,-0.13529401133630306,0.004139964306438791,-0.23076017455879047,-0.021468970571029606,0.40350877192982454,57,57,56
2025,2,2025_02_PHI_KC,PHI,-0.004139964306438791,0.13529401133630306,-0.2024994190064867,0.14462962671859714,0.42857142857142855,56,56,57
2025,2,2025_02_SEA_PIT,PIT,-0.17684637534611305,-0.07425628441474218,-0.16593493723711297,-0.19659088240049416,0.3389830508474576,59,59,64
2025,2,2025_02_SEA_PIT,SEA,0.07425628441474218,0.17684637534611305,0.08154463132618991,0.06546000365954663,0.4375,64,64,59
2025,2,2025_02_SF_NO,NO,-0.07787490714871895,-0.047801000334729976,-0.2020829266349166,0.07531498355092481,0.43283582089552236,67,67,64
2025,2,2025_02_SF_NO,SF,0.047801000334729976,0.07787490714871895,0.07006626097513828,0.008110753106176044,0.484375,64,64,67
2025,2,2025_02_TB_HOU,HOU,-0.06539168863077052,-0.13463576223110796,-0.1600529505902105,0.0818591633061361,0.391304347826087,46,46,73
2025,2,2025_02_TB_HOU,TB,0.13463576223110796,0.06539168863077052,-0.014962445907788745,0.34905986056352656,0.5205479452054794,73,73,46
2025,2,2025_02_WAS_GB,GB,0.16102400712476647,0.16230371515731917,0.20189030939241615,0.11286015088075074,0.5081967213114754,61,61,65
2025,2,2025_02_WAS_GB,WAS,-0.16230371515731917,-0.16102400712476647,-0.1724789965553566,-0.13766882335154437,0.36923076923076925,65,65,61
2025,3,2025_03_ARI_SF,ARI,-0.011040268516559676,0.05528022227968054,-0.017183698861281953,-0.0031415723590596046,0.390625,64,64,60
2025,3,2025_03_ARI_SF,SF,-0.05528022227968054,0.011040268516559676,0.03870397809767784,-0.258088233620296,0.5166666666666667,60,60,64
2025,3,2025_03_ATL_CAR,ATL,-0.3391001895957404,0.008956547344796546,-0.5080961368412348,-0.023151244745468317,0.36363636363636365,66,66,54
2025,3,2025_03_ATL_CAR,CAR,-0.008956547344796546,0.3391001895957404,-0.09935179794461231,0.06897039282745843,0.48148148148148145,54,54,66
2025,3,2025_03_CIN_MIN,CIN,-0.7874375241005505,-0.12105881499350823,-1.0907409747357537,-0.3397038588771552,0.28846153846153844,52,52,58
2025,3,2025_03_CIN_MIN,MIN,0.12105881499350823,0.7874375241005505,0.20816918927140218,0.04518848900953608,0.5172413793103449,58,58,52
2025,3,2025_03_DAL_CHI,CHI,0.3017187412359374,0.039522151250425616,0.642127668879403,-0.05129792446839727,0.4909090909090909,55,55,68
2025,3,2025_03_DAL_CHI,DAL,-0.039522151250425616,-0.3017187412359374,-0.054637200281498176,-0.0032460335758514704,0.4852941176470588,68,68,55
2025,3,2025_03_DEN_LAC,DEN,-0.04619461549997296,0.03864487916748578,-0.056501195362569805,-0.03228073268546723,0.2765957446808511,47,47,80
2025,3,2025_03_DEN_LAC,LAC,-0.03864487916748578,0.04619461549997296,-0.04605735568412293,-0.024878851350873928,0.4,80,80,47
2025,3,2025_03_DET_BAL,BAL,0.06822748655965248,-0.39179975683166285,0.29343784001868845,-0.3584868673627314,0.4727272727272727,55,55,65
2025,3,2025_03_DET_BAL,DET,0.39179975683166285,-0.06822748655965248,0.508923798444892,0.3031653469621921,0.5846153846153846,65,65,55
2025,3,2025_03_GB_CLE,CLE,-0.15162070701623168,0.07903598365834229,-0.24796223431322106,0.03599174087790552,0.2857142857142857,56,56,60
2025,3,2025_03_GB_CLE,GB,-0.07903598365834229,0.15162070701623168,-0.031409574032648165,-0.1266623932840364,0.36666666666666664,60,60,56
2025,3,2025_03_HOU_JAX,HOU,-0.20688742736184204,0.16326414124613386,-0.21564663900774766,-0.18790913546237992,0.3157894736842105,57,57,65
2025,3,2025_03_HOU_JAX,JAX,-0.16326414124613386,0.20688742736184204,-0.22729537592318533,-0.046337538792387736,0.36923076923076925,65,65,57
2025,3,2025_03_IND_TEN,IND,0.3936531533492063,0.1724556131271189,0.43274560588944694,0.3545607008089657,0.56,50,50,65
2025,3,2025_03_IND_TEN,TEN,-0.1724556131271189,-0.3936531533492063,-0.29820025919592485,0.0571650449115702,0.4461538461538462,65,65,50
2025,3,2025_03_KC_NYG,KC,0.15135256593116517,0.2496859000924146,0.21104633617177512,0.058230284355813636,0.5,64,64,61
2025,3,2025_03_KC_NYG,NYG,-0.2496859000924146,-0.15135256593116517,-0.4355392627921366,-0.015648332248320223,0.3770491803278688,61,61,64
2025,3,2025_03_LA_PHI,LA,-0.034832609048073275,-0.01663911148849579,-0.07291448547078606,0.006934610254256894,0.49230769230769234,65,65,63
2025,3,2025_03_LA_PHI,PHI,0.01663911148849579,0.034832609048073275,-0.0057188799872969235,0.048456253204046965,0.4126984126984127,63,63,65
2025,3,2025_03_LV_WAS,LV,0.0449941284564411,-0.2802268965676274,0.34973450475830054,-0.32279598087338923,0.359375,64,64,53
2025,3,2025_03_LV_WAS,WAS,0.2802268965676274,-0.0449941284564411,0.5162145312655599,0.12536001129710916,0.49056603773584906,53,53,64
2025,3,2025_03_MIA_BUF,BUF,0.2772775162637864,-0.05354211520170793,0.354984071982871,0.19093689879813683,0.543859649122807,57,57,59
2025,3,2025_03_MIA_BUF,MIA,0.05354211520170793,-0.2772775162637864,0.004336495231494636,0.120461758361198,0.4067796610169492,59,59,57
2025,3,2025_03_NO_SEA,NO,-0.11915033467639927,-0.1411826581750243,-0.007707015994217528,-0.29663413850357756,0.42857142857142855,70,70,53
2025,3,2025_03_NO_SEA,SEA,0.1411826581750243,0.11915033467639927,0.765429157115963,-0.2684791067549668,0.4528301886792453,53,53,70
2025,3,2025_03_NYJ_TB,NYJ,-0.1851099196315639,-0.017624620730731618,-0.19880277320460865,-0.16083622466116634,0.4426229508196721,61,61,63
2025,3,2025_03_NYJ_TB,TB,0.017624620730731618,0.1851099196315639,0.2756340785645021,-0.2169294318454234,0.3333333333333333,63,63,61
2025,3,2025_03_PIT_NE,NE,-0.15746352048861323,0.05209427356084748,0.033640928404998875,-0.43423548095522385,0.4647887323943662,71,71,46
2025,3,2025_03_PIT_NE,PIT,-0.05209427356084748,0.15746352048861323,0.008408910840365064,-0.11259745796206003,0.5,46,46,71
2025,4,2025_04_BAL_KC,BAL,-0.06252122664137569,-0.2306042405934028,-0.307471222468737,0.4561964115812717,0.4528301886792453,53,53,68
2025,4,2025_04_BAL_KC,KC,0.2306042405934028,0.06252122664137569,0.4260252202398136,-0.016929000292050963,0.4411764705882353,68,68,53
2025,4,2025_04_CAR_NE,CAR,-0.024340105037695424,-0.39204877451993525,0.026415213782523185,-0.09140963347869858,0.49230769230769234,65,65,45
2025,4,2025_04_CAR_NE,NE,0.39204877451993525,0.024340105037695424,0.9695265139345889,-0.029954188898465454,0.4222222222222222,45,45,65
2025,4,2025_04_CHI_LV,CHI,-0.12057133318733107,0.19576072275759035,-0.02874251326415245,-0.26382429226748977,0.421875,64,64,51
2025,4,2025_04_CHI_LV,LV,-0.19576072275759035,0.12057133318733107,-0.48010917618758936,-0.012310107641461988,0.5294117647058824,51,51,64
2025,4,2025_04_CIN_DEN,CIN,-0.25636486359050425,-0.22374861138304333,-0.36980991427859916,-0.02947476221431446,0.35714285714285715,42,42,77
2025,4,2025_04_CIN_DEN,DEN,0.22374861138304333,0.25636486359050425,0.3161856237635393,0.11282419652644811,0.5064935064935064,77,77,42
2025,4,2025_04_CLE_DET,CLE,-0.36304271292973606,0.12780117351946355,-0.5568501037649497,-0.07978575709365451,0.28125,64,64,54
2025,4,2025_04_CLE_DET,DET,-0.12780117351946355,0.36304271292973606,-0.03785590172371833,-0.21774644531520876,0.3888888888888889,54,54,64
2025,4,2025_04_GB_DAL,DAL,0.3580656074350035,-0.34132966512021595,0.5470947168474021,0.05998124259237487,0.5522388059701493,67,67,78
2025,4,2025_04_GB_DAL,GB,0.34132966512021595,-0.3580656074350035,0.4875221430701565,0.1521393995379399,0.5512820512820513,78,78,67
2025,4,2025_04_IND_LA,IND,-0.09276769388046624,-0.08156422649490969,-0.10325084947844665,-0.07442217158400055,0.45454545454545453,55,55,67
2025,4,2025_04_IND_LA,LA,0.08156422649490969,0.09276769388046624,0.3360535830933413,-0.374395870743947,0.5373134328358209,67,67,55
2025,4,2025_04_JAX_SF,JAX,0.07789484320528943,0.06949312499371713,0.17254206264343439,-0.02327977067686553,0.4666666666666667,60,60,64
2025,4,2025_04_JAX_SF,SF,-0.06949312499371713,-0.07789484320528943,-0.04515560328739658,-0.11005566117091803,0.4375,64,64,60
2025,4,2025_04_LAC_NYG,LAC,-0.16701637772560413,0.14530654333537846,-0.4912045703138268,0.8287044995096513,0.40350877192982454,57,57,70
2025,4,2025_04_LAC_NYG,NYG,-0.14530654333537846,0.16701637772560413,-0.24835286976674703,-0.08060303604126332,0.4142857142857143,70,70,57
2025,4,2025_04_MIN_PIT,MIN,0.04434651494090252,-0.19872039256120266,0.0625458668352943,-0.0029717999845161104,0.4444444444444444,72,72,51
2025,4,2025_04_MIN_PIT,PIT,0.19872039256120266,-0.04434651494090252,0.158322198326457,0.23462989854764332,0.5882352941176471,51,51,72
2025,4,2025_04_NO_BUF,BUF,0.19637072308012193,0.09360413658291644,0.19668739184163314,0.19609773276847434,0.48148148148148145,54,54,66
2025,4,2025_04_NO_BUF,NO,-0.09360413658291644,-0.19637072308012193,-0.38726039949692176,0.1664914105694882,0.42424242424242425,66,66,54
2025,4,2025_04_NYJ_MIA,MIA,0.1296868522222619,-0.1588386564310765,0.4151177559333394,-0.10049936044796184,0.39285714285714285,56,56,58
2025,4,2025_04_NYJ_MIA,NYJ,0.1588386564310765,-0.1296868522222619,0.19340443717413028,0.12427287568802271,0.6206896551724138,58,58,56
2025,4,2025_04_PHI_TB,PHI,-0.07388661178406931,0.14611229033813666,-0.04972554032708733,-0.09351748234286715,0.41379310344827586,58,58,67
2025,4,2025_04_PHI_TB,TB,-0.14611229033813666,0.07388661178406931,-0.1288779270640944,-0.17328955550104952,0.373134328358209,67,67,58
2025,4,2025_04_SEA_ARI,ARI,-0.08130371034049266,-0.05527675193449541,-0.07030637838786523,-0.11170809868010967,0.375,64,64,64
2025,4,2025_04_SEA_ARI,SEA,0.05527675193449541,0.08130371034049266,0.3421160452102158,-0.18239009106538723,0.421875,64,64,64
2025,4,2025_04_TEN_HOU,HOU,0.14997043720635106,0.33984141296230697,0.26488549782238296,0.048188526375008554,0.4090909090909091,66,66,45
2025,4,2025_04_TEN_HOU,TEN,-0.33984141296230697,-0.14997043720635106,-0.6093183999126695,0.0643740674632368,0.3333333333333333,45,45,66
2025,4,2025_04_WAS_ATL,ATL,0.2673250416999427,-0.1313126924813322,0.6773213444159644,-0.058260257515721524,0.5081967213114754,61,61,51
2025,4,2025_04_WAS_ATL,WAS,0.1313126924813322,-0.2673250416999427,0.06595649808764371,0.21746403963664884,0.49019607843137253,51,51,61
2025,5,2025_05_DAL_NYJ,DAL,0.3599104924790044,-0.011919381357202824,0.39495765954070855,0.3194714535616535,0.48214285714285715,56,56,73
2025,5,2025_05_DAL_NYJ,NYJ,0.011919381357202824,-0.3599104924790044,0.08393821070828121,-0.16641295798832462,0.4931506849315068,73,73,56
2025,5,2025_05_DEN_PHI,DEN,0.0715268067741425,-0.003161222405788644,0.10100159577762012,0.028839181320830087,0.49295774647887325,71,71,54
2025,5,2025_05_DEN_PHI,PHI,0.003161222405788644,-0.0715268067741425,0.011476762053340906,-0.03342715204344131,0.3888888888888889,54,54,71
2025,5,2025_05_DET_CIN,CIN,-0.1200700493598614,-0.226807719230715,-0.20871693920939058,0.11262803649515263,0.41379310344827586,58,58,59
2025,5,2025_05_DET_CIN,DET,0.226807719230715,0.1200700493598614,0.46474630837993963,0.01189544516044759,0.5254237288135594,59,59,58
2025,5,2025_05_HOU_BAL,BAL,-0.33574280385889443,-0.3914223138318197,-0.37595030913918603,-0.2913029296017301,0.375,40,40,64
2025,5,2025_05_HOU_BAL,HOU,0.3914223138318197,0.33574280385889443,0.5750551291915453,0.1959422200617892,0.609375,64,64,40
2025,5,2025_05_KC_JAX,JAX,0.02829413494960063,-0.1889954635324622,-0.0265683713444671,0.08737683403551973,0.48148148148148145,54,54,63
2025,5,2025_05_KC_JAX,KC,0.1889954635324622,-0.02829413494960063,0.06498334619852646,0.4201089549275242,0.6507936507936508,63,63,54
2025,5,2025_05_LV_IND,IND,0.2768333146737995,0.21280899116320012,0.3052170399539106,0.23862445371980384,0.5081967213114754,61,61,65
2025,5,2025_05_LV_IND,LV,-0.21280899116320012,-0.2768333146737995,-0.27258616969132177,-0.11716550551820547,0.49230769230769234,65,65,61
2025,5,2025_05_MIA_CAR,CAR,0.15926762393042973,-0.095273431587789,-0.03310080306524463,0.36446061272581576,0.46774193548387094,62,62,53
2025,5,2025_05_MIA_CAR,MIA,0.095273431587789,-0.15926762393042973,0.2944920844234508,-0.4596928155972689,0.3584905660377358,53,53,62
2025,5,2025_05_MIN_CLE,CLE,-0.011413968600349553,-0.03647955072198828,-0.06522903003497574,0.045764534173940774,0.3939393939393939,66,66,60
2025,5,2025_05_MIN_CLE,MIN,0.03647955072198828,0.011413968600349553,0.31472949954284535,-0.44413399724131025,0.48333333333333334,60,60,66
2025,5,2025_05_NE_BUF,BUF,0.03892745436064732,-0.061872875329927024,0.1986766430882292,-0.13734751251116717,0.5081967213114754,61,61,56
2025,5,2025_05_NE_BUF,NE,0.061872875329927024,-0.03892745436064732,0.1286817355885062,-0.04137718143333173,0.4642857142857143,56,56,61
2025,5,2025_05_NYG_NO,NO,0.048407695519188554,0.2907236500295635,0.2909286108808085,-0.21920159039708176,0.45901639344262296,61,61,69
2025,5,2025_05_NYG_NO,NYG,-0.2907236500295635,-0.048407695519188554,-0.4536104383179918,-0.06605221790759343,0.463768115942029,69,69,61
2025,5,2025_05_SF_LA,LA,0.07494362587992895,-0.12498951755959781,0.3272505818537808,-0.6662080572932609,0.5555555555555556,63,63,82
2025,5,2025_05_SF_LA,SF,0.12498951755959781,-0.07494362587992895,0.2857910573703416,-0.11377640518968843,0.5121951219512195,82,82,63
2025,5,2025_05_TB_SEA,SEA,0.40564259705959244,-0.39668352996929396,0.6886211766530251,-0.07542098824924323,0.6111111111111112,54,54,58
2025,5,2025_05_TB_SEA,TB,0.39668352996929396,-0.40564259705959244,0.7423054357730114,-0.12926284842766744,0.5172413793103449,58,58,54
2025,5,2025_05_TEN_ARI,ARI,-0.07426535388094635,0.040184388989610034,0.034282995175038064,-0.205271982051962,0.375,64,64,61
2025,5,2025_05_TEN_ARI,TEN,-0.040184388989610034,0.07426535388094635,0.03896874644261369,-0.20244831662566867,0.4426229508196721,61,61,64
2025,5,2025_05_WAS_LAC,LAC,-0.14044467658160198,-0.25499001840676383,-0.3577784077724523,0.1688379408823004,0.3968253968253968,63,63,54
2025,5,2025_05_WAS_LAC,WAS,0.25499001840676383,0.14044467658160198,0.5295791422708997,1.4403390066166008e-05,0.5740740740740741,54,54,63
2025,6,2025_06_ARI_IND,ARI,0.08987307613540867,-0.14932353989474517,0.13604552847505283,0.0013758758177573327,0.4714285714285714,70,70,56
2025,6,2025_06_ARI_IND,IND,0.14932353989474517,-0.08987307613540867,0.09187816215727401,0.22055580828920937,0.5357142857142857,56,56,70
2025,6,2025_06_BUF_ATL,ATL,0.06679594271918607,0.11888455337019102,-0.01233146561328261,0.15358084218060333,0.47692307692307695,65,65,54
2025,6,2025_06_BUF_ATL,BUF,-0.11888455337019102,-0.06679594271918607,-0.2389284125538931,0.031170270609436557,0.46296296296296297,54,54,65
2025,6,2025_06_CHI_WAS,CHI,0.16552726067451567,0.06369690371164834,0.09926709449659193,0.24962670236188045,0.5254237288135594,59,59,59
2025,6,2025_06_CHI_WAS,WAS,-0.06369690371164834,-0.16552726067451567,0.22190888058368946,-0.33978249519714154,0.4406779661016949,59,59,59
2025,6,2025_06_CIN_GB,CIN,0.09290518327846518,-0.20802989668066227,0.14457048032667455,-0.052403464669623645,0.4918032786885246,61,61,59
2025,6,2025_06_CIN_GB,GB,0.20802989668066227,-0.09290518327846518,0.27244859790722564,0.1536766175207494,0.576271186440678,59,59,61
2025,6,2025_06_CLE_PIT,CLE,-0.18536203440857055,-0.13015411187084536,-0.23926924503903255,-0.0014433157869943364,0.36,75,75,55
2025,6,2025_06_CLE_PIT,PIT,0.13015411187084536,0.18536203440857055,0.3199733245624314,-0.09762894335905792,0.41818181818181815,55,55,75
2025,6,2025_06_DAL_CAR,CAR,0.1593848109816331,-0.17961180428658052,0.08466832269793789,0.2133467191865241,0.5806451612903226,62,62,52
2025,6,2025_06_DAL_CAR,DAL,0.17961180428658052,-0.1593848109816331,0.5219220168028713,-0.4669741526886355,0.40384615384615385,52,52,62
2025,6,2025_06_DEN_NYJ,DEN,-0.08565105830495115,0.42066146779731944,0.00898227732083692,-0.20788578348826073,0.34545454545454546,55,55,57
2025,6,2025_06_DEN_NYJ,NYJ,-0.42066146779731944,0.08565105830495115,-0.7969791557923614,-0.10504018109180034,0.24561403508771928,57,57,55
2025,6,2025_06_DET_KC,DET,0.11232516020075155,-0.2675266565339692,0.22377171270394078,-0.03303990828166918,0.5283018867924528,53,53,58
2025,6,2025_06_DET_KC,KC,0.2675266565339692,-0.11232516020075155,0.47189648141840423,-0.0022415123134851456,0.5517241379310345,58,58,53
2025,6,2025_06_LAC_MIA,LAC,0.10399103724870683,-0.09100858336886261,0.17785412416792057,-0.0112353783452666,0.453125,64,64,56
2025,6,2025_06_LAC_MIA,MIA,0.09100858336886261,-0.10399103724870683,-0.017878668739825975,0.2724873368833436,0.44642857142857145,56,56,64
2025,6,2025_06_LA_BAL,BAL,-0.33207327289524907,0.0331867793169627,-0.4991643861307282,-0.1649821596597699,0.3918918918918919,74,74,49
2025,6,2025_06_LA_BAL,LA,-0.0331867793169627,0.33207327289524907,0.034265899066395225,-0.1231236838281066,0.46938775510204084,49,49,74
2025,6,2025_06_NE_NO,NE,0.1576491451476753,0.04114743442538712,0.6446902683953553,-0.295802935117406,0.5,56,56,51
2025,6,2025_06_NE_NO,NO,-0.04114743442538712,-0.1576491451476753,-0.05162226927174366,-0.028395461568953066,0.45098039215686275,51,51,56
2025,6,2025_06_PHI_NYG,NYG,0.25234636336153926,0.09667333842203421,0.2060840791008169,0.2883281400087678,0.484375,64,64,56
2025,6,2025_06_PHI_NYG,PHI,-0.09667333842203421,-0.25234636336153926,-0.08315560335513646,-0.12100526154245017,0.44642857142857145,56,56,64
2025,6,2025_06_SEA_JAX,JAX,-0.021846653996281398,-0.051627135239407373,-0.007894826990846034,-0.0578276815366147,0.38235294117647056,68,68,51
2025,6,2025_06_SEA_JAX,SEA,0.051627135239407373,0.021846653996281398,0.37587499025335286,-0.34310938390800455,0.39215686274509803,51,51,68
2025,6,2025_06_SF_TB,SF,-0.08532056090353136,-0.2943644298495219,-0.09837894309685621,-0.05861023368991234,0.44776119402985076,67,67,50
2025,6,2025_06_SF_TB,TB,0.2943644298495219,0.08532056090353136,0.5028120674047982,0.1019512259523438,0.54,50,50,67
2025,6,2025_06_TEN_LV,LV,-0.17984146129842535,0.30766865473885463,0.022773055117577313,-0.3545091478639449,0.4074074074074074,54,54,58
2025,6,2025_06_TEN_LV,TEN,-0.30766865473885463,0.17984146129842535,-0.34042668922771807,-0.2137622892041128,0.3793103448275862,58,58,54
2025,7,2025_07_ATL_SF,ATL,-0.11414267221860112,-0.03446365946299321,-0.16843392851102618,-0.005560159633751028,0.43333333333333335,60,60,64
2025,7,2025_07_ATL_SF,SF,0.03446365946299321,0.11414267221860112,0.07289727318646794,0.006417508908025165,0.5,64,64,60
2025,7,2025_07_CAR_NYJ,CAR,-0.06082142597444249,0.25576603516145946,-0.07665164133567696,-0.044991210613208,0.39705882352941174,68,68,60
2025,7,2025_07_CAR_NYJ,NYJ,-0.25576603516145946,0.06082142597444249,-0.3374841470571702,-0.09232981137003789,0.3,60,60,68
2025,7,2025_07_GB_ARI,ARI,-0.0522111322400125,-0.11762536637441785,0.02466269668264323,-0.1675218756239961,0.4142857142857143,70,70,52
2025,7,2025_07_GB_ARI,GB,0.11762536637441785,0.0522111322400125,0.20211871726534192,0.002407160614066842,0.5,52,52,70
2025,7,2025_07_HOU_SEA,HOU,-0.31004925549555545,0.2483187254177334,-0.2551774283915166,-0.48112024587873536,0.35714285714285715,70,70,65
2025,7,2025_07_HOU_SEA,SEA,-0.2483187254177334,0.31004925549555545,-0.4394483815410239,-0.03869265095993089,0.35384615384615387,65,65,70
2025,7,2025_07_IND_LAC,IND,0.43477880175474354,-0.08745231141202288,0.40995943567042376,0.47821269240230324,0.5272727272727272,55,55,74
2025,7,2025_07_IND_LAC,LAC,0.08745231141202288,-0.43477880175474354,0.10032977242209094,0.040771515250526136,0.47297297297297297,74,74,55
2025,7,2025_07_LA_JAX,JAX,-0.16017528308253737,-0.12091618987876152,-0.2533481455632865,0.10953563462489431,0.40540540540540543,74,74,58
2025,7,2025_07_LA_JAX,LA,0.12091618987876152,0.16017528308253737,0.266149124433992,-0.07079128373414278,0.4482758620689655,58,58,74
2025,7,2025_07_LV_KC,KC,0.22474235083627978,0.6687030068550182,0.5371993790870928,-0.07126957066449043,0.5135135135135135,74,74,30
2025,7,2025_07_LV_KC,LV,-0.6687030068550182,-0.22474235083627978,-0.5506992940913493,-0.8725276016286277,0.13333333333333333,30,30,74
2025,7,2025_07_MIA_CLE,CLE,-0.0790437820964866,0.558327655649518,0.04249005433298723,-0.15500242986490775,0.2692307692307692,52,52,57
2025,7,2025_07_MIA_CLE,MIA,-0.558327655649518,0.0790437820964866,-0.7579750774598581,-0.24070675731488603,0.22807017543859648,57,57,52
2025,7,2025_07_NE_TEN,NE,0.2674770223241579,0.28418670217351055,0.41153111820583693,0.14884423748042216,0.4838709677419355,62,62,51
2025,7,2025_07_NE_TEN,TEN,-0.28418670217351055,-0.2674770223241579,-0.3010944811347234,-0.22923642054956872,0.4117647058823529,51,51,62
2025,7,2025_07_NO_CHI,CHI,0.09379912528868677,0.29681739717672306,0.0796227710215886,0.10387179805741441,0.4461538461538462,65,65,53
2025,7,2025_07_NO_CHI,NO,-0.29681739717672306,-0.09379912528868677,-0.3399707239080261,-0.2054338817457285,0.39622641509433965,53,53,65
2025,7,2025_07_NYG_DEN,DEN,0.08352498809297798,-0.12273264830063231,-0.037290499361671225,0.350325856221995,0.4025974025974026,77,77,70
2025,7,2025_07_NYG_DEN,NYG,0.12273264830063231,-0.08352498809297798,0.22044958365510073,0.0066937875672010705,0.34285714285714286,70,70,77
2025,7,2025_07_PHI_MIN,MIN,-0.08892315779743927,-0.28287289558438616,-0.05174937353610575,-0.16003822334085993,0.5074626865671642,67,67,48
2025,7,2025_07_PHI_MIN,PHI,0.28287289558438616,0.08892315779743927,0.7271797762995658,-0.24221705435173513,0.3958333333333333,48,48,67
2025,7,2025_07_PIT_CIN,CIN,0.32944476488115476,-0.36488681497630077,0.309062419556418,0.3793815109267598,0.5072463768115942,69,69,54
2025,7,2025_07_PIT_CIN,PIT,0.36488681497630077,-0.32944476488115476,0.39152682071503747,0.3195988052204484,0.5,54,54,69
2025,7,2025_07_TB_DET,DET,-0.12031188230506579,0.41947932219072487,-0.2616679077871328,0.025461518973315833,0.35384615384615387,65,65,66
2025,7,2025_07_TB_DET,TB,-0.41947932219072487,0.12031188230506579,-0.5318405048493681,0.14232659110249105,0.3181818181818182,66,66,65
2025,7,2025_07_WAS_DAL,DAL,0.09817092506242014,0.22131152660881342,0.23203724865542272,-0.04492755877837571,0.4,60,60,64
2025,7,2025_07_WAS_DAL,WAS,-0.22131152660881342,-0.09817092506242014,-0.5543036419791557,0.20682119315305525,0.4375,64,64,60
2025,8,2025_08_BUF_CAR,BUF,0.3438355488205429,0.3448128232429677,0.3369235369755102,0.3487727001384233,0.48333333333333334,60,60,59
2025,8,2025_08_BUF_CAR,CAR,-0.3448128232429677,-0.3438355488205429,-0.4148674119074508,-0.2672523857930043,0.3728813559322034,59,59,60
2025,8,2025_08_CHI_BAL,BAL,0.21501733361346967,-0.024400010712218322,0.22148097004184045,0.21058512577687258,0.4915254237288136,59,59,62
2025,8,2025_08_CHI_BAL,CHI,0.024400010712218322,-0.21501733361346967,0.028203423497951807,0.017950745553800673,0.43548387096774194,62,62,59
2025,8,2025_08_CLE_NE,CLE,-0.3489714522845772,-0.0732997381371432,-0.5363730522828745,0.08439474771148525,0.2830188679245283,53,53,62
2025,8,2025_08_CLE_NE,NE,0.0732997381371432,0.3489714522845772,0.21403942463005604,-0.05864371794996259,0.4838709677419355,62,62,53
2025,8,2025_08_DAL_DEN,DAL,0.056690743149447914,-0.36623185623243476,0.03646800346604201,0.08082756148125496,0.5,68,68,56
2025,8,2025_08_DAL_DEN,DEN,0.36623185623243476,-0.056690743149447914,0.46976093787400475,0.24677522356908482,0.5535714285714286,56,56,68
2025,8,2025_08_GB_PIT,GB,0.32949494615055075,0.15699676583711514,0.5882107241384066,-0.06375303639099002,0.49206349206349204,63,63,58
2025,8,2025_08_GB_PIT,PIT,-0.15699676583711514,-0.32949494615055075,-0.19637595632270335,-0.06948745364691906,0.39655172413793105,58,58,63
2025,8,2025_08_MIA_ATL,ATL,-0.34104173670715415,-0.14265521886032412,-0.1833727801185887,-0.6563796498842851,0.3958333333333333,48,48,65
2025,8,2025_08_MIA_ATL,MIA,0.14265521886032412,0.34104173670715415,0.2221771831268038,0.08247643509109627,0.47692307692307695,65,65,48
2025,8,2025_08_MIN_LAC,LAC,0.20368281297564736,0.4242375427816471,0.4299085756931819,0.061634078246032675,0.5142857142857142,70,70,47
2025,8,2025_08_MIN_LAC,MIN,-0.4242375427816471,-0.20368281297564736,-0.3541880785418457,-0.6534903348391791,0.2765957446808511,47,47,70
2025,8,2025_08_NYG_PHI,NYG,0.09014255693196387,-0.4562564310064932,0.11627967687997727,0.05224373300734442,0.40816326530612246,49,49,54
2025,8,2025_08_NYG_PHI,PHI,0.4562564310064932,-0.09014255693196387,0.3344381120155712,0.5537110861992308,0.5925925925925926,54,54,49
2025,8,2025_08_NYJ_CIN,CIN,0.2645132378994239,-0.3412436376629537,0.0910257259979273,0.5285159734017013,0.5862068965517241,58,58,70
2025,8,2025_08_NYJ_CIN,NYJ,0.3412436376629537,-0.2645132378994239,0.5001360104791223,0.19952881866474934,0.6,70,70,58
2025,8,2025_08_SF_HOU,HOU,0.23502567702044333,0.04005459639431081,0.4920008234125965,-0.05131805753081305,0.4864864864864865,74,74,45
2025,8,2025_08_SF_HOU,SF,-0.04005459639431081,-0.23502567702044333,-0.07975912797638614,0.09891126414295286,0.37777777777777777,45,45,74
2025,8,2025_08_TB_NO,NO,-0.4726712227326961,0.14794995938809855,-0.4871395869045447,-0.4196205541025847,0.38571428571428573,70,70,56
2025,8,2025_08_TB_NO,TB,-0.14794995938809855,0.4726712227326961,-0.06556898014631583,-0.22464949178562033,0.3392857142857143,56,56,70
2025,8,2025_08_TEN_IND,IND,0.3815471290843497,0.08746747893923329,0.34490031581644953,0.45076888747927213,0.4423076923076923,52,52,66
2025,8,2025_08_TEN_IND,TEN,-0.08746747893923329,-0.3815471290843497,-0.20410229349168155,0.10381361692678183,0.4090909090909091,66,66,52
2025,8,2025_08_WAS_KC,KC,0.2507716672817795,0.18105482519828142,0.371046044947139,0.09731815095011402,0.5151515151515151,66,66,52
2025,8,2025_08_WAS_KC,WAS,-0.18105482519828142,-0.2507716672817795,-0.231380292079848,-0.10053407818777486,0.40384615384615385,52,52,66
2025,9,2025_09_ARI_DAL,ARI,0.11332130881309921,0.11113330770290628,0.194732458284818,0.004773109517474141,0.47619047619047616,63,63,64
2025,9,2025_09_ARI_DAL,DAL,-0.11113330770290628,-0.11332130881309921,-0.24406200519372206,0.1610540252544784,0.4375,64,64,63
2025,9,2025_09_ATL_NE,ATL,0.06972141226584215,-0.013419395030301828,0.0984850450320069,0.0014077844462008215,0.4074074074074074,54,54,65
2025,9,2025_09_ATL_NE,NE,0.013419395030301828,-0.06972141226584215,0.012106481383563508,0.014951127618163203,0.4461538461538462,65,65,54
2025,9,2025_09_BAL_MIA,BAL,0.21235004634945653,0.20004813488724682,0.4160683396365494,0.036730827998514445,0.5,54,54,61
2025,9,2025_09_BAL_MIA,MIA,-0.20004813488724682,-0.21235004634945653,-0.06420295014598681,-0.4785307636068298,0.39344262295081966,61,61,54
2025,9,2025_09_CAR_GB,CAR,0.09463535318914694,-0.042524528103241595,-0.1574039458161375,0.25502399801069153,0.5,54,54,63
2025,9,2025_09_CAR_GB,GB,0.042524528103241595,-0.09463535318914694,0.1552631176842358,-0.12883812805986963,0.5079365079365079,63,63,54
2025,9,2025_09_CHI_CIN,CHI,0.4531389842597489,-0.2308691931862506,0.4704601090910587,0.4344134439015761,0.5584415584415584,77,77,65
2025,9,2025_09_CHI_CIN,CIN,0.2308691931862506,-0.4531389842597489,0.32807343764306124,-0.12323198304927376,0.49230769230769234,65,65,77
2025,9,2025_09_DEN_HOU,DEN,-0.09000114324388302,0.14950094418954218,-0.08974768387774174,-0.09043092216907908,0.3225806451612903,62,62,72
2025,9,2025_09_DEN_HOU,HOU,-0.14950094418954218,0.09000114324388302,-0.05891307075134751,-0.2918533167352767,0.2916666666666667,72,72,62
2025,9,2025_09_IND_PIT,IND,-0.12281911859057469,0.1134796960845264,-0.3018586410721103,0.3860300505674738,0.5068493150684932,73,73,60
2025,9,2025_09_IND_PIT,PIT,-0.1134796960845264,0.12281911859057469,-0.10162963689123287,-0.1339479801456698,0.4,60,60,73
2025,9,2025_09_JAX_LV,JAX,0.15706824798076882,-0.1389007410609467,-0.02655274545317669,0.3057138140939628,0.5131578947368421,76,76,61
2025,9,2025_09_JAX_LV,LV,0.1389007410609467,-0.15706824798076882,0.2713426796839326,-0.15386564957933793,0.5245901639344263,61,61,76
2025,9,2025_09_KC_BUF,BUF,0.23137387021057962,-0.03537957011217095,0.33115131159188577,0.1462695819735832,0.5555555555555556,63,63,58
2025,9,2025_09_KC_BUF,KC,0.03537957011217095,-0.23137387021057962,-0.04428212731088848,0.18673679521598388,0.41379310344827586,58,58,63
2025,9,2025_09_LAC_TEN,LAC,0.08430029829409308,0.17723924175599148,0.05238906045035299,0.12281386120895181,0.578125,64,64,44
2025,9,2025_09_LAC_TEN,TEN,-0.17723924175599148,-0.08430029829409308,-0.06770762754022144,-0.32135978677674154,0.36363636363636365,44,44,64
2025,9,2025_09_MIN_DET,DET,-0.007077456632856924,0.021526931048336046,0.09830499062817608,-0.22838059588102624,0.3548387096774194,62,62,55
2025,9,2025_09_MIN_DET,MIN,-0.021526931048336046,0.007077456632856924,-0.2472781539116347,0.24937453638762236,0.41818181818181815,55,55,62
2025,9,2025_09_NO_LA,LA,0.26580770541852994,0.32076716913770026,0.3481982655474624,0.19398003761381963,0.5616438356164384,73,73,39
2025,9,2025_09_NO_LA,NO,-0.32076716913770026,-0.26580770541852994,-0.025845374260097743,-0.8474132314191333,0.3076923076923077,39,39,73
2025,9,2025_09_SEA_WAS,SEA,0.4484156475213809,0.01966609920735561,0.9353306285868334,-0.03849933354407161,0.6041666666666666,48,48,62
2025,9,2025_09_SEA_WAS,WAS,-0.01966609920735561,-0.4484156475213809,-0.05115275633579586,0.0030742642742956783,0.5,62,62,48
2025,9,2025_09_SF_NYG,NYG,0.17014770252894712,-0.32996125118861946,0.048864890266984214,0.37228572296555196,0.5,56,56,63
2025,9,2025_09_SF_NYG,SF,0.32996125118861946,-0.17014770252894712,0.518873113584067,0.19721237491073743,0.5238095238095238,63,63,56
2025,10,2025_10_ARI_SEA,ARI,-0.21090279241203252,-0.0737041313480599,-0.24494491015217157,-0.1354180965534634,0.4189189189189189,74,74,54
2025,10,2025_10_ARI_SEA,SEA,0.0737041313480599,0.21090279241203252,0.3150107503768644,-0.0028077234659512644,0.5370370370370371,54,54,74
2025,10,2025_10_ATL_IND,ATL,-0.06675310395738128,-0.15098934089260876,-0.25156448742532267,0.14445990572026599,0.45,60,60,75
2025,10,2025_10_ATL_IND,IND,0.15098934089260876,0.06675310395738128,-0.06215701454563097,0.32774485515846613,0.5466666666666666,75,75,60
2025,10,2025_10_BAL_MIN,BAL,-0.004003643395188539,0.16057756580649468,-0.04483214679865401,0.03215874533359516,0.4696969696969697,66,66,62
2025,10,2025_10_BAL_MIN,MIN,-0.16057756580649468,0.004003643395188539,-0.2248208693230319,-0.0035383794327369994,0.3709677419354839,62,62,66
2025,10,2025_10_BUF_MIA,BUF,-0.0736375961853544,-0.3123163272150317,0.09514389528505589,-0.41120057912617497,0.42424242424242425,66,66,51
2025,10,2025_10_BUF_MIA,MIA,0.3123163272150317,0.0736375961853544,0.4289271493464531,0.23068875172303674,0.43137254901960786,51,51,66
2025,10,2025_10_CLE_NYJ,CLE,-0.0823937505071805,0.29455701669196743,-0.19446130015188,0.05068646469590021,0.34285714285714286,70,70,45
2025,10,2025_10_CLE_NYJ,NYJ,-0.29455701669196743,0.0823937505071805,-0.7268419694779108,-0.09933155414347689,0.2222222222222222,45,45,70
2025,10,2025_10_DET_WAS,DET,0.490552863990323,-0.17317353615379832,0.6853817619685815,0.2839161540133822,0.5882352941176471,68,68,52
2025,10,2025_10_DET_WAS,WAS,0.17317353615379832,-0.490552863990323,0.43694928949093764,-0.0710632724917011,0.46153846153846156,52,52,68
2025,10,2025_10_JAX_HOU,HOU,0.07360694387817786,0.2355685361521062,0.015396074914878339,0.19762140384346813,0.5,72,72,56
2025,10,2025_10_JAX_HOU,JAX,-0.2355685361521062,-0.07360694387817786,-0.2514508753183816,-0.2185097274179586,0.375,56,56,72
2025,10,2025_10_LA_SF,LA,0.4108707699297156,-0.12663357083177285,0.6116259063057589,0.13576187934032297,0.625,64,64,61
2025,10,2025_10_LA_SF,SF,0.12663357083177285,-0.4108707699297156,0.29518976195650176,-0.19442584083437742,0.5737704918032787,61,61,64
2025,10,2025_10_LV_DEN,DEN,-0.2522768672431431,0.39005505442955796,-0.35252419560809944,-0.13198007320519536,0.4,55,55,58
2025,10,2025_10_LV_DEN,LV,-0.39005505442955796,0.2522768672431431,-0.5243830780984677,-0.21274206318659708,0.3275862068965517,58,58,55
2025,10,2025_10_NE_TB,NE,0.17789473459285138,-0.044337669336884676,0.1958390143536235,0.155809467194978,0.3620689655172414,58,58,67
2025,10,2025_10_NE_TB,TB,0.044337669336884676,-0.17789473459285138,0.02151601865064132,0.09101831846783699,0.4925373134328358,67,67,58
2025,10,2025_10_NO_CAR,CAR,-0.41942340922414667,-0.16176368779471467,-0.4258472565214592,-0.41188237109251885,0.36,50,50,64
2025,10,2025_10_NO_CAR,NO,0.16176368779471467,0.41942340922414667,0.3734162968296546,-0.024988614294938195,0.40625,64,64,50
2025,10,2025_10_NYG_CHI,CHI,0.026302652246660178,-0.0047921175323133195,-0.16837129872798096,0.2958511997500094,0.46774193548387094,62,62,70
2025,10,2025_10_NYG_CHI,NYG,0.0047921175323133195,-0.026302652246660178,0.02098720081460298,-0.01680132684407291,0.38571428571428573,70,70,62
2025,10,2025_10_PHI_GB,GB,-0.17316197424657584,0.07821261090718393,-0.21227972904875478,-0.1181073563768425,0.38461538461538464,65,65,60
2025,10,2025_10_PHI_GB,PHI,-0.07821261090718393,0.17316197424657584,0.3266932979044773,-0.3878465411749249,0.3333333333333333,60,60,65
2025,10,2025_10_PIT_LAC,LAC,-0.08252314845889028,0.37660531342131115,-0.17529124586861985,0.03498310826010056,0.39705882352941174,68,68,50
2025,10,2025_10_PIT_LAC,PIT,-0.37660531342131115,0.08252314845889028,-0.5320600154927306,-0.046264071519544814,0.38,50,50,68
2025,11,2025_11_BAL_CLE,BAL,-0.0883295588667408,0.40910965357742174,-0.4282684914929559,0.27589072608991827,0.43103448275862066,58,58,54
2025,11,2025_11_BAL_CLE,CLE,-0.40910965357742174,0.0883295588667408,-0.5859641710454233,-0.20395841331453993,0.2962962962962963,54,54,58
2025,11,2025_11_CAR_ATL,ATL,0.12681769830328793,-0.12748949193676204,0.23153446503586014,0.01462116251838909,0.5172413793103449,58,58,76
2025,11,2025_11_CAR_ATL,CAR,0.12748949193676204,-0.12681769830328793,0.2738850574741784,-0.18970090006097343,0.40789473684210525,76,76,58
2025,11,2025_11_CHI_MIN,CHI,-0.04758441524946868,0.19253063808414522,-0.02789622937021461,-0.06474847473394658,0.4520547945205479,73,73,54
2025,11,2025_11_CHI_MIN,MIN,-0.19253063808414522,0.04758441524946868,-0.4081848782092017,0.1211482566432096,0.42592592592592593,54,54,73
2025,11,2025_11_CIN_PIT,CIN,-0.236713407700129,-0.19927468115696842,-0.4227775999803983,0.11004258700400929,0.3333333333333333,63,63,59
2025,11,2025_11_CIN_PIT,PIT,0.19927468115696842,0.236713407700129,0.3737618126772606,-0.007524882126340849,0.4406779661016949,59,59,63
2025,11,2025_11_DAL_LV,DAL,0.13367651452533807,0.21752597249338235,0.25184390721401195,-0.01512686886039942,0.5573770491803278,61,61,57
2025,11,2025_11_DAL_LV,LV,-0.21752597249338235,-0.13367651452533807,-0.3093915774659626,0.16663928466468034,0.42105263157894735,57,57,61
2025,11,2025_11_DET_PHI,DET,-0.400764525954852,0.2294467512284283,-0.36572376435078663,-0.4690940110827796,0.3389830508474576,59,59,68
2025,11,2025_11_DET_PHI,PHI,-0.2294467512284283,0.400764525954852,-0.2892861380799338,-0.18495079690294985,0.36764705882352944,68,68,59
2025,11,2025_11_GB_NYG,GB,0.34961347964389894,-0.15184396263408845,0.43036716510813106,0.24779361536291064,0.4807692307692308,52,52,68
2025,11,2025_11_GB_NYG,NYG,0.15184396263408845,-0.34961347964389894,0.2064452518562546,0.10609693652903032,0.47058823529411764,68,68,52
2025,11,2025_11_HOU_TEN,HOU,-0.06696717421772264,0.11977042686512421,-0.004288381210694108,-0.18959959531843062,0.4117647058823529,68,68,57
2025,11,2025_11_HOU_TEN,TEN,-0.11977042686512421,0.06696717421772264,-0.067954211509933,-0.24169093358322116,0.3684210526315789,57,57,68
2025,11,2025_11_KC_DEN,DEN,0.032746005734641585,-0.04535642096272473,0.11486031485427431,-0.13148261250462384,0.45,60,60,62
2025,11,2025_11_KC_DEN,KC,0.04535642096272473,-0.032746005734641585,0.023984205452180645,0.11863258842744731,0.43548387096774194,62,62,60
2025,11,2025_11_LAC_JAX,JAX,0.07959256080473584,0.5113474807938482,0.10853404505046042,0.06604548307269455,0.5217391304347826,69,69,45
2025,11,2025_11_LAC_JAX,LAC,-0.5113474807938482,-0.07959256080473584,-0.7480994059452987,-0.08223461645684438,0.3111111111111111,45,45,69
2025,11,2025_11_NYJ_NE,NE,0.16685830179392713,0.08509738697760265,0.3498868039615085,-0.08938160124068684,0.48333333333333334,60,60,57
2025,11,2025_11_NYJ_NE,NYJ,-0.08509738697760265,-0.16685830179392713,-0.2838941830238488,0.12079929464172372,0.47368421052631576,57,57,60
2025,11,2025_11_SEA_LA,LA,-0.17388195808161983,0.1996551647972019,-0.33793421734299045,0.03491182643285191,0.38,50,50,79
2025,11,2025_11_SEA_LA,SEA,-0.1996551647972019,0.17388195808161983,-0.29855757653613396,-0.07532070432540162,0.45569620253164556,79,79,50
2025,11,2025_11_SF_ARI,ARI,0.061462755207460036,-0.19118915616353555,0.11065469269882769,-0.12874606975916153,0.5068493150684932,73,73,50
2025,11,2025_11_SF_ARI,SF,0.19118915616353555,-0.061462755207460036,0.3086676985454571,0.04167101131381721,0.54,50,50,73
2025,11,2025_11_TB_BUF,BUF,0.24343949035189907,-0.05390374443740425,0.4013181551166642,0.03064650740808524,0.46296296296296297,54,54,69
2025,11,2025_11_TB_BUF,TB,0.05390374443740425,-0.24343949035189907,-0.28899471145498085,0.33363669529698153,0.43478260869565216,69,69,54
2025,11,2025_11_WAS_MIA,MIA,-0.019850018187706958,-0.07062747970214588,0.08528118756045544,-0.0978505901944081,0.5185185185185185,54,54,64
2025,11,2025_11_WAS_MIA,WAS,0.07062747970214588,0.019850018187706958,0.13076413427896935,0.014135470857251097,0.515625,64,64,54
2025,12,2025_12_ATL_NO,ATL,-0.11221282572562642,0.27482358596316864,-0.15860986554377618,-0.0722153776065318,0.4444444444444444,54,54,78
2025,12,2025_12_ATL_NO,NO,-0.27482358596316864,0.11221282572562642,-0.35759832378354767,-0.12701155414106324,0.41025641025641024,78,78,54
2025,12,2025_12_BUF_HOU,BUF,-0.16421365248832998,0.06426352002561553,-0.31629006935962967,0.11349110875491296,0.36923076923076925,65,65,55
2025,12,2025_12_BUF_HOU,HOU,-0.06426352002561553,0.16421365248832998,-0.21174410061675814,0.11271317668375559,0.41818181818181815,55,55,65
2025,12,2025_12_CAR_SF,CAR,-0.20065023830438192,0.0013478750223231515,-0.3223459258546751,0.0895471704693941,0.4090909090909091,44,44,68
2025,12,2025_12_CAR_SF,SF,-0.0013478750223231515,0.20065023830438192,-0.09901634321647779,0.08546854115025876,0.45588235294117646,68,68,44
2025,12,2025_12_CLE_LV,CLE,-0.21827911542994152,0.3811776929274506,-0.12489504988057108,-0.2937047068352023,0.2553191489361702,47,47,75
2025,12,2025_12_CLE_LV,LV,-0.3811776929274506,0.21827911542994152,-0.37516558355552543,-0.39663740274097237,0.30666666666666664,75,75,47
2025,12,2025_12_IND_KC,IND,-0.004252268632973299,-0.013962667228276833,0.04611859794571725,-0.0910020944073848,0.3877551020408163,49,49,92
2025,12,2025_12_IND_KC,KC,0.013962667228276833,0.004252268632973299,0.16667942926518103,-0.17600208554933572,0.44565217391304346,92,92,49
2025,12,2025_12_JAX_ARI,ARI,-0.1469523248096587,0.18808638796123014,-0.17943726976238983,-0.05599447894201148,0.40789473684210525,76,76,60
2025,12,2025_12_JAX_ARI,JAX,-0.18808638796123014,0.1469523248096587,-0.27290176360666907,-0.08442315106124927,0.4166666666666667,60,60,76
2025,12,2025_12_MIN_GB,GB,0.024495087762468365,0.42938007633339015,0.2548174252804554,-0.10794025631037418,0.47619047619047616,63,63,44
2025,12,2025_12_MIN_GB,MIN,-0.42938007633339015,-0.024495087762468365,-0.6859931292988218,-0.12144441277487203,0.38636363636363635,44,44,63
2025,12,2025_12_NE_CIN,CIN,-0.19337428153972736,-0.003567308900269411,-0.3538225932226795,0.0717142334147154,0.45901639344262296,61,61,66
2025,12,2025_12_NE_CIN,NE,0.003567308900269411,0.19337428153972736,0.18817500112609578,-0.21796192177072224,0.4696969696969697,66,66,61
2025,12,2025_12_NYG_DET,DET,0.14838901343405755,-0.11667236768513446,-0.14428399789894922,0.7776359878000221,0.5079365079365079,63,63,76
2025,12,2025_12_NYG_DET,NYG,0.11667236768513446,-0.14838901343405755,0.36165697435174443,-0.1283122389814755,0.3684210526315789,76,76,63
2025,12,2025_12_NYJ_BAL,BAL,-0.049538823772300976,0.17015552693500374,-0.002959355384315946,-0.08447342506328975,0.32142857142857145,56,56,57
2025,12,2025_12_NYJ_BAL,NYJ,-0.17015552693500374,0.049538823772300976,0.024829667574840016,-0.40263787423520203,0.3508771929824561,57,57,56
2025,12,2025_12_PHI_DAL,DAL,-0.021556584924375653,-0.06195237126258659,0.11723573232052405,-0.19385049598700976,0.4307692307692308,65,65,58
2025,12,2025_12_PHI_DAL,PHI,0.06195237126258659,0.021556584924375653,0.109848358805074,-0.04448315660960765,0.41379310344827586,58,58,65
2025,12,2025_12_PIT_CHI,CHI,0.01378506184961941,-0.0010508614814961734,0.015791250304516575,0.010859370352894379,0.423728813559322,59,59,69
2025,12,2025_12_PIT_CHI,PIT,0.0010508614814961734,-0.01378506184961941,-0.17628095672240085,0.16360502816840178,0.5217391304347826,69,69,59
2025,12,2025_12_SEA_TEN,SEA,0.29043922414280715,0.0052869024993849245,0.34904471336111664,0.20715773946415683,0.5,46,46,68
2025,12,2025_12_SEA_TEN,TEN,-0.0052869024993849245,-0.29043922414280715,0.04608084629479145,-0.11269219543266279,0.35294117647058826,68,68,46
2025,12,2025_12_TB_LA,LA,0.09561116587422915,0.42991774065989946,0.22831749794437847,-0.155832410679738,0.5454545454545454,55,55,67
2025,12,2025_12_TB_LA,TB,-0.42991774065989946,-0.09561116587422915,-0.8088152728190547,0.06656868079002819,0.31343283582089554,67,67,55
2025,13,2025_13_ARI_TB,ARI,-0.0263044622938843,-0.062032397961881446,0.1325834592261085,-0.3691678718896583,0.6,60,60,54
2025,13,2025_13_ARI_TB,TB,0.062032397961881446,0.0263044622938843,0.05833537386277725,0.06665367808576168,0.4444444444444444,54,54,60
2025,13,2025_13_ATL_NYJ,ATL,0.17422654433470755,-0.009249043064762529,0.16725309457462562,0.18185375500979717,0.5223880597014925,67,67,62
2025,13,2025_13_ATL_NYJ,NYJ,0.009249043064762529,-0.17422654433470755,-0.02767724471524663,0.057116453149959584,0.45161290322580644,62,62,67
2025,13,2025_13_BUF_PIT,BUF,0.10006494115789154,0.4242491542746118,0.23472732572269667,0.03933484615807745,0.4594594594594595,74,74,43
2025,13,2025_13_BUF_PIT,PIT,-0.4242491542746118,-0.10006494115789154,-0.47469064213335516,-0.35419153224857935,0.32558139534883723,43,43,74
2025,13,2025_13_CHI_PHI,CHI,0.04194522476468253,0.03649872552729946,-0.15864509955976708,0.2076502752935757,0.44047619047619047,84,84,50
2025,13,2025_13_CHI_PHI,PHI,-0.03649872552729946,-0.04194522476468253,0.07613714368183776,-0.2551448245803305,0.44,50,50,84
2025,13,2025_13_CIN_BAL,BAL,-0.34010369241566096,0.002346606773383658,-0.6695188890360961,0.20892163528506422,0.39285714285714285,56,56,80
2025,13,2025_13_CIN_BAL,CIN,-0.002346606773383658,0.34010369241566096,0.13069551637790272,-0.19183084277673093,0.3875,80,80,56
2025,13,2025_13_DEN_WAS,DEN,0.1828667050081609,-0.07272244522995129,0.21478848615522478,0.11902314271403315,0.4492753623188406,69,69,85
2025,13,2025_13_DEN_WAS,WAS,0.07272244522995129,-0.1828667050081609,-0.006401609035510529,0.20377166010712244,0.4117647058823529,85,85,69
2025,13,2025_13_GB_DET,DET,0.03874003898290967,-0.28877528950808073,0.3026978833417852,-0.22521780537596595,0.4166666666666667,60,60,57
2025,13,2025_13_GB_DET,GB,0.28877528950808073,-0.03874003898290967,0.5450136255245338,0.004066027267577333,0.49122807017543857,57,57,60
2025,13,2025_13_HOU_IND,HOU,0.01109385885316322,0.11632910457837053,0.20528886378547745,-0.20023599945553167,0.4225352112676056,71,71,51
2025,13,2025_13_HOU_IND,IND,-0.11632910457837053,-0.01109385885316322,0.022179498323985025,-0.28494827332906425,0.37254901960784315,51,51,71
2025,13,2025_13_JAX_TEN,JAX,0.012991330008268017,0.42417983943685056,0.16212455593631603,-0.1659685411053896,0.4,55,55,55
2025,13,2025_13_JAX_TEN,TEN,-0.42417983943685056,-0.012991330008268017,-0.5989192843395128,0.08755710634951745,0.2545454545454545,55,55,55
2025,13,2025_13_KC_DAL,DAL,0.23159094574665268,-0.24995369634610445,0.39017382932937333,-0.04420537352764412,0.4603174603174603,63,63,60
2025,13,2025_13_KC_DAL,KC,0.24995369634610445,-0.23159094574665268,0.38263892777251535,0.03650354144274783,0.45,60,60,63
2025,13,2025_13_LA_CAR,CAR,0.2375984378085488,-0.13982017444446682,0.6480780077849473,-0.006470495690931358,0.4067796610169492,59,59,50
2025,13,2025_13_LA_CAR,LA,0.13982017444446682,-0.2375984378085488,-0.1170689917576965,0.5251539237477119,0.6,50,50,59
2025,13,2025_13_LV_LAC,LAC,0.1381939108897022,0.33158825984638596,0.3424775315123125,0.018613254915491293,0.4153846153846154,65,65,45
2025,13,2025_13_LV_LAC,LV,-0.33158825984638596,-0.1381939108897022,-0.07627197611665386,-0.7521091977541801,0.4222222222222222,45,45,65
2025,13,2025_13_MIN_SEA,MIN,-0.7026966656261238,0.1778850900669003,-0.9164846191021806,-0.21811063774706174,0.22448979591836735,49,49,62
2025,13,2025_13_MIN_SEA,SEA,-0.1778850900669003,0.7026966656261238,-0.2838325437202411,-0.07855935226689326,0.3709677419354839,62,62,49
2025,13,2025_13_NO_MIA,MIA,-0.13490428110554617,0.16475911940846216,-0.32076019094869934,0.02617084075851987,0.4107142857142857,56,56,71
2025,13,2025_13_NO_MIA,NO,-0.16475911940846216,0.13490428110554617,-0.2598545932135846,-0.018719641779166914,0.4507042253521127,71,71,56
2025,13,2025_13_NYG_NE,NE,0.16901200826397503,0.10817574793003776,0.33938722658565107,-0.04553456295591331,0.47540983606557374,61,61,54
2025,13,2025_13_NYG_NE,NYG,-0.10817574793003776,-0.16901200826397503,-0.1783397009976691,-0.0380117948624064,0.42592592592592593,54,54,61
2025,13,2025_13_SF_CLE,CLE,-0.19539794753917078,-0.008921418854560902,-0.15570843409032337,-0.2313665691021888,0.4262295081967213,61,61,64
2025,13,2025_13_SF_CLE,SF,0.008921418854560902,0.19539794753917078,0.0826247543861423,-0.06478191667702049,0.34375,64,64,61
2025,14,2025_14_CHI_GB,CHI,0.10808021202559331,-0.23984333820294076,-0.004968716030874602,0.23140631535992195,0.5217391304347826,69,69,51
2025,14,2025_14_CHI_GB,GB,0.23984333820294076,-0.10808021202559331,0.3087432060654884,0.16818747562589123,0.5294117647058824,51,51,69
2025,14,2025_14_CIN_BUF,BUF,0.2549044671400213,-0.1188889532990819,0.5219144324032677,-0.07372318241474349,0.5689655172413793,58,58,57
2025,14,2025_14_CIN_BUF,CIN,0.1188889532990819,-0.2549044671400213,0.21515321016647415,-0.07363956043570254,0.49122807017543857,57,57,58
2025,14,2025_14_DAL_DET,DAL,-0.01346204976070817,-0.3332461341799719,-0.02697065047081208,0.016369443474104628,0.42857142857142855,77,77,55
2025,14,2025_14_DAL_DET,DET,0.3332461341799719,0.01346204976070817,0.34851456408872794,0.3065263818396488,0.4909090909090909,55,55,77
2025,14,2025_14_DEN_LV,DEN,0.15527519608085547,0.05384815394599233,0.14380304356726223,0.1704480429536723,0.5694444444444444,72,72,47
2025,14,2025_14_DEN_LV,LV,-0.05384815394599233,-0.15527519608085547,-0.018082022927744645,-0.1581660360825481,0.3617021276595745,47,47,72
2025,14,2025_14_HOU_KC,HOU,-0.07540147642134276,0.2928953694636975,0.005554531670093317,-0.16419193690872427,0.3230769230769231,65,65,63
2025,14,2025_14_HOU_KC,KC,-0.2928953694636975,0.07540147642134276,-0.656344702960542,0.13321764222225815,0.36507936507936506,63,63,65
2025,14,2025_14_IND_JAX,IND,-0.18852082875255344,-0.09141080124428921,-0.14414917855629594,-0.25596573705086484,0.36507936507936506,63,63,60
2025,14,2025_14_IND_JAX,JAX,0.09141080124428921,0.18852082875255344,0.3516951568109081,-0.1868241995338206,0.4166666666666667,60,60,63
2025,14,2025_14_LA_ARI,ARI,-0.0618625542034183,-0.4385575391242012,-0.06996915187826871,-0.03464754772356336,0.3770491803278688,61,61,64
2025,14,2025_14_LA_ARI,LA,0.4385575391242012,0.0618625542034183,0.497086309864267,0.38357596661080606,0.640625,64,64,61
2025,14,2025_14_MIA_NYJ,MIA,0.20675522446731306,0.45283942731835725,0.07560867409417617,0.2807353298060057,0.5409836065573771,61,61,57
2025,14,2025_14_MIA_NYJ,NYJ,-0.45283942731835725,-0.20675522446731306,-0.6038559857001392,-0.09750634877298794,0.3333333333333333,57,57,61
2025,14,2025_14_NO_TB,NO,0.018192071700584022,0.1783482840616037,0.07753129898971615,-0.027301335887750612,0.39622641509433965,53,53,69
2025,14,2025_14_NO_TB,TB,-0.1783482840616037,-0.018192071700584022,-0.32720021435811736,-0.06384679921813166,0.391304347826087,69,69,53
2025,14,2025_14_PHI_LAC,LAC,-0.2722896922987969,0.26299179564461084,-0.472038020790948,-0.09882403860824468,0.30985915492957744,71,71,65
2025,14,2025_14_PHI_LAC,PHI,-0.26299179564461084,0.2722896922987969,-0.39600083489754506,-0.035768020254181465,0.35384615384615387,65,65,71
2025,14,2025_14_PIT_BAL,BAL,0.013068931791815798,-0.26883418334592607,-0.13719990677807103,0.1445541655404668,0.44,75,75,50
2025,14,2025_14_PIT_BAL,PIT,0.26883418334592607,-0.013068931791815798,0.31078123691862264,0.17969669450394576,0.42,50,50,75
2025,14,2025_14_SEA_ATL,ATL,-0.35601545536990825,-0.15181387743784508,-0.49591437604921856,-0.21611653469059797,0.3548387096774194,62,62,58
2025,14,2025_14_SEA_ATL,SEA,0.15181387743784508,0.35601545536990825,0.31379296357314757,-0.04754499780560414,0.4827586206896552,58,58,62
2025,14,2025_14_TEN_CLE,CLE,-0.05692766976295185,0.09271315196570791,-0.008649111224499703,-0.16038172377392074,0.42424242424242425,66,66,64
2025,14,2025_14_TEN_CLE,TEN,-0.09271315196570791,0.05692766976295185,-0.3028911127616523,0.08143430126521743,0.359375,64,64,66
2025,14,2025_14_WAS_MIN,MIN,0.3093801282268059,0.4321306956342745,0.34300380431198246,0.27911881975014696,0.543859649122807,57,57,49
2025,14,2025_14_WAS_MIN,WAS,-0.4321306956342745,-0.3093801282268059,-0.6586382624764855,-0.176078663551775,0.3469387755102041,49,49,57
2025,15,2025_15_ARI_HOU,ARI,0.012079446338022534,-0.24830012980402955,-0.0416561333685247,0.12210944288000021,0.46875,64,64,60
2025,15,2025_15_ARI_HOU,HOU,0.24830012980402955,-0.012079446338022534,0.5150988194163456,-0.0012857411236209984,0.48333333333333334,60,60,64
2025,15,2025_15_ATL_TB,ATL,0.2173615541685331,-0.055107300613201245,0.2671192002706736,0.10836861508765391,0.4925373134328358,67,67,62
2025,15,2025_15_ATL_TB,TB,0.055107300613201245,-0.2173615541685331,0.1104232393167491,-0.0454671333932494,0.46774193548387094,62,62,67
2025,15,2025_15_BAL_CIN,BAL,0.2074522312475908,0.3091005075363849,0.004413531297226658,0.3621483835907254,0.4594594594594595,37,37,71
2025,15,2025_15_BAL_CIN,CIN,-0.3091005075363849,-0.2074522312475908,-0.327363012321127,-0.2826513626757238,0.38028169014084506,71,71,37
2025,15,2025_15_BUF_NE,BUF,0.2610677966958974,-0.24429784937200227,0.31514815588113076,0.21334983270892682,0.46875,64,64,51
2025,15,2025_15_BUF_NE,NE,0.24429784937200227,-0.2610677966958974,-0.13096569042290168,0.6345719307587023,0.5490196078431373,51,51,64
2025,15,2025_15_CAR_NO,CAR,0.11013014508381673,-0.10643883001799215,0.30735286898975045,-0.04892043871129112,0.375,56,56,61
2025,15,2025_15_CAR_NO,NO,0.10643883001799215,-0.11013014508381673,0.23856576393093196,-0.09725685976445675,0.5081967213114754,61,61,56
2025,15,2025_15_CLE_CHI,CHI,0.05207934172665347,0.466044770482573,0.10603016305910605,-0.00018551643915998284,0.4444444444444444,63,63,56
2025,15,2025_15_CLE_CHI,CLE,-0.466044770482573,-0.05207934172665347,-0.5736813353018994,-0.1969533584342571,0.23214285714285715,56,56,63
2025,15,2025_15_DET_LA,DET,0.1559829393661675,-0.1972362266317537,0.3047999929404496,-0.156532873139825,0.3548387096774194,62,62,69
2025,15,2025_15_DET_LA,LA,0.1972362266317537,-0.1559829393661675,0.2059116293584114,0.18527015390532925,0.5942028985507246,69,69,62
2025,15,2025_15_GB_DEN,DEN,0.16455615023710563,-0.022322196112852005,0.605534584249493,-0.3352194083102668,0.484375,64,64,63
2025,15,2025_15_GB_DEN,GB,0.022322196112852005,-0.16455615023710563,-0.012342023273524945,0.09685026779356246,0.4126984126984127,63,63,64
2025,15,2025_15_IND_SEA,IND,-0.09799451798336897,0.04144017157500245,-0.0904752534100249,-0.10501249825182345,0.3620689655172414,58,58,56
2025,15,2025_15_IND_SEA,SEA,-0.04144017157500245,0.09799451798336897,0.13249440009558303,-0.3313311243593116,0.4642857142857143,56,56,58
2025,15,2025_15_LAC_KC,KC,-0.10570821223760266,0.045161468432791736,-0.12217604879785361,-0.07590926989048187,0.423728813559322,59,59,61
2025,15,2025_15_LAC_KC,LAC,-0.045161468432791736,0.10570821223760266,0.013138764038988858,-0.11387245670310457,0.47540983606557374,61,61,59
2025,15,2025_15_LV_PHI,LV,-0.41019967069483493,-0.24604142609317212,-0.5768347643556652,-0.03847523098990608,0.2619047619047619,42,42,66
2025,15,2025_15_LV_PHI,PHI,0.24604142609317212,0.41019967069483493,0.8657158701444189,-0.0044652640552042015,0.5606060606060606,66,66,42
2025,15,2025_15_MIA_PIT,MIA,-0.04027871940113572,-0.223225180653014,0.07767174485643558,-0.29092345594847474,0.42,50,50,62
2025,15,2025_15_MIA_PIT,PIT,0.223225180653014,0.04027871940113572,0.37090448207066706,0.08477583557396429,0.532258064516129,62,62,50
2025,15,2025_15_MIN_DAL,DAL,0.1113029115772439,-0.22620073394569767,0.02397332465840807,0.23175751422391402,0.463768115942029,69,69,51
2025,15,2025_15_MIN_DAL,MIN,0.22620073394569767,-0.1113029115772439,0.5007569648579251,-0.017849249087393285,0.47058823529411764,51,51,69
2025,15,2025_15_NYJ_JAX,JAX,0.3273718464182312,0.15684513110884288,0.7426830055127103,-0.22637636570774097,0.5357142857142857,56,56,68
2025,15,2025_15_NYJ_JAX,NYJ,-0.15684513110884288,-0.3273718464182312,-0.21597395159367683,-0.09032520806340472,0.4264705882352941,68,68,56
2025,15,2025_15_TEN_SF,SF,0.24785541111916856,-0.23221759362338282,0.5577307406028804,-0.01309223476185198,0.5285714285714286,70,70,49
2025,15,2025_15_TEN_SF,TEN,0.23221759362338282,-0.24785541111916856,0.06010995127842053,0.4817736750235781,0.5102040816326531,49,49,70
2025,15,2025_15_WAS_NYG,NYG,0.020273347970565275,-0.0025248458819554288,-0.0065578732684223985,0.05543149993889395,0.43283582089552236,67,67,55
2025,15,2025_15_WAS_NYG,WAS,0.0025248458819554288,-0.020273347970565275,0.0716807666572164,-0.04018910518511752,0.4909090909090909,55,55,67
2025,16,2025_16_ATL_ARI,ARI,-0.004239506768854666,-0.053032834304417804,-0.07259640965794659,0.093837788680712,0.375,56,56,71
2025,16,2025_16_ATL_ARI,ATL,0.053032834304417804,0.004239506768854666,0.2248373205402812,-0.1236803515381845,0.4084507042253521,71,71,56
2025,16,2025_16_BUF_CLE,BUF,0.06078290143606926,0.09587976092174261,-0.40341069898792475,0.421822368432509,0.5416666666666666,48,48,64
2025,16,2025_16_BUF_CLE,CLE,-0.09587976092174261,-0.06078290143606926,-0.45092670011630265,0.2820734324144019,0.46875,64,64,48
2025,16,2025_16_CIN_MIA,CIN,0.3721539016830053,0.05743694774995173,0.5599867196004953,0.11930203140946105,0.5573770491803278,61,61,58
2025,16,2025_16_CIN_MIA,MIA,-0.05743694774995173,-0.3721539016830053,0.04563065451996711,-0.16786652161057905,0.3448275862068966,58,58,61
2025,16,2025_16_GB_CHI,CHI,0.1006365612826786,-0.06088478166382712,0.16853374264155258,0.011847939505689563,0.4666666666666667,60,60,68
2025,16,2025_16_GB_CHI,GB,0.06088478166382712,-0.1006365612826786,0.293827982447255,-0.08331815215448539,0.5,68,68,60
2025,16,2025_16_JAX_DEN,DEN,-0.033010765424292064,-0.08766054605876356,0.006037272210748984,-0.1432640481585256,0.4461538461538462,65,65,68
2025,16,2025_16_JAX_DEN,JAX,0.08766054605876356,0.033010765424292064,0.22387767221016877,-0.11918768254151844,0.36764705882352944,68,68,65
2025,16,2025_16_KC_TEN,KC,-0.31250395935260805,-0.04466097440533517,-0.3975534468084182,-0.1537449161017624,0.3488372093023256,43,43,68
2025,16,2025_16_KC_TEN,TEN,0.04466097440533517,0.31250395935260805,0.22563733187659332,-0.09821509728250023,0.4411764705882353,68,68,43
2025,16,2025_16_LAC_DAL,DAL,0.03422700168266081,-0.4464467190914071,0.41236467094902324,-0.5083183498734244,0.48214285714285715,56,56,61
2025,16,2025_16_LAC_DAL,LAC,0.4464467190914071,-0.03422700168266081,0.8188386754691265,0.10896650862409887,0.5737704918032787,61,61,56
2025,16,2025_16_LA_SEA,LA,0.24381706246044457,-0.03187544195747648,0.5334650420795094,-0.12009962988145745,0.4431818181818182,88,88,65
2025,16,2025_16_LA_SEA,SEA,0.03187544195747648,-0.24381706246044457,-0.1843000527565272,0.35613868402848203,0.49230769230769234,65,65,88
2025,16,2025_16_LV_HOU,HOU,-0.15858796426285257,0.04247776650876369,0.08245413176399584,-0.5101076876353399,0.3728813559322034,59,59,53
2025,16,2025_16_LV_HOU,LV,-0.04247776650876369,0.15858796426285257,0.06386136037494558,-0.14487840721159484,0.37735849056603776,53,53,59
2025,16,2025_16_MIN_NYG,MIN,-0.05671287556054692,0.3790469533118428,-0.32906646055619254,0.20591379568525423,0.4909090909090909,55,55,48
2025,16,2025_16_MIN_NYG,NYG,-0.3790469533118428,0.05671287556054692,-0.9476775168718637,-0.0378686151758302,0.2916666666666667,48,48,55
2025,16,2025_16_NE_BAL,BAL,0.1051973278112412,-0.22312592925385946,0.1906075232853096,0.04914688703138381,0.5094339622641509,53,53,69
2025,16,2025_16_NE_BAL,NE,0.22312592925385946,-0.1051973278112412,0.271811007115356,0.10384748849319295,0.5362318840579711,69,69,53
2025,16,2025_16_NYJ_NO,NO,-0.005796187007592138,0.3565103556337593,0.1698485766404893,-0.37113729539560153,0.4025974025974026,77,77,63
2025,16,2025_16_NYJ_NO,NYJ,-0.3565103556337593,0.005796187007592138,-0.49505268876097813,-0.0586443394102389,0.30158730158730157,63,63,77
2025,16,2025_16_PHI_WAS,PHI,0.2896811006046502,0.12504454409910207,0.23378591142040964,0.3438824961772471,0.5230769230769231,65,65,51
2025,16,2025_16_PHI_WAS,WAS,-0.12504454409910207,-0.2896811006046502,-0.318457823069352,0.06092976260306134,0.4117647058823529,51,51,65
2025,16,2025_16_PIT_DET,DET,0.10131214237048737,-0.2117451658375279,0.19038248237058172,-0.36023416490272875,0.4264705882352941,68,68,70
2025,16,2025_16_PIT_DET,PIT,0.2117451658375279,-0.10131214237048737,0.1416054531546327,0.32344915270287955,0.4142857142857143,70,70,68
2025,16,2025_16_SF_IND,IND,-0.03678054620523284,-0.4026968567348456,-0.009865195970899802,-0.08791971165046561,0.5,58,58,63
2025,16,2025_16_SF_IND,SF,0.4026968567348456,0.03678054620523284,0.5865539642721018,0.17287547231327544,0.5238095238095238,63,63,58
2025,16,2025_16_TB_CAR,CAR,0.10059068346236226,-0.10685435090192215,0.11380884114074359,0.07693713814315353,0.4339622641509434,53,53,60
2025,16,2025_16_TB_CAR,TB,0.10685435090192215,-0.10059068346236226,0.10145327061969077,0.11158029614887459,0.43333333333333335,60,60,53
2025,17,2025_17_ARI_CIN,ARI,-0.045414285696568656,-0.3402397610588282,-0.018695610491615697,-0.12968087672757414,0.35185185185185186,54,54,70
2025,17,2025_17_ARI_CIN,CIN,0.3402397610588282,0.045414285696568656,0.4774462894062327,0.16762509636370646,0.5142857142857142,70,70,54
2025,17,2025_17_BAL_GB,BAL,0.3670992137249119,-0.11056126722974988,0.307584422342692,0.3911340333215776,0.5753424657534246,73,73,43
2025,17,2025_17_BAL_GB,GB,0.11056126722974988,-0.3670992137249119,0.42111229589553895,-0.4134935936437692,0.5116279069767442,43,43,73
2025,17,2025_17_CHI_SF,CHI,0.3625783731220248,-0.28495281093808655,0.4416590199158235,0.2152008040972181,0.49206349206349204,63,63,68
2025,17,2025_17_CHI_SF,SF,0.28495281093808655,-0.3625783731220248,0.3741566353744608,0.19574898650171235,0.5147058823529411,68,68,63
2025,17,2025_17_DAL_WAS,DAL,0.2127832348644801,-0.19653274427039732,0.27298160945606714,0.15395300514997454,0.4827586206896552,87,87,40
2025,17,2025_17_DAL_WAS,WAS,0.19653274427039732,-0.2127832348644801,0.18363045905066264,0.21588617209999938,0.425,40,40,87
2025,17,2025_17_DEN_KC,DEN,0.0965345055469601,0.1994587992753669,0.07516910725243756,0.12341355501426264,0.5142857142857142,70,70,41
2025,17,2025_17_DEN_KC,KC,-0.1994587992753669,-0.0965345055469601,-0.38060838740675984,0.010293355403088131,0.2926829268292683,41,41,70
2025,17,2025_17_DET_MIN,DET,-0.4637179825861598,0.2773751509675688,-0.23360349401638406,-0.724514402965239,0.3125,64,64,51
2025,17,2025_17_DET_MIN,MIN,-0.2773751509675688,0.4637179825861598,-0.7635227331901578,0.12196036300098642,0.29411764705882354,51,51,64
2025,17,2025_17_HOU_LAC,HOU,-0.1514305319207047,0.2153056603435169,-0.1688106925967094,-0.13573232227786175,0.3898305084745763,59,59,59
2025,17,2025_17_HOU_LAC,LAC,-0.2153056603435169,0.1514305319207047,-0.2404532862526784,-0.1730119258599271,0.3220338983050847,59,59,59
2025,17,2025_17_JAX_IND,IND,-0.20558239751147017,-0.005853578666848325,-0.36426701318410504,0.043779141402670314,0.35185185185185186,54,54,68
2025,17,2025_17_JAX_IND,JAX,0.005853578666848325,0.20558239751147017,0.02514415728783761,-0.020088923616551048,0.4411764705882353,68,68,54
2025,17,2025_17_LA_ATL,ATL,0.1156438092734969,0.10361725561301678,0.24617479346598267,0.03653412188411157,0.4339622641509434,53,53,61
2025,17,2025_17_LA_ATL,LA,-0.10361725561301678,-0.1156438092734969,-0.06703672688516828,-0.1786073395051062,0.4262295081967213,61,61,53
2025,17,2025_17_NE_NYJ,NE,0.48764402833789583,0.19830819677414527,1.081439777725677,0.03356492586488671,0.5666666666666667,60,60,63
2025,17,2025_17_NE_NYJ,NYJ,-0.19830819677414527,-0.48764402833789583,-0.3514111651087197,-0.00692948635592724,0.3492063492063492,63,63,60
2025,17,2025_17_NO_TEN,NO,0.24544763631604535,0.18078528304507244,0.3896531439366538,0.05535855808887969,0.45098039215686275,51,51,72
2025,17,2025_17_NO_TEN,TEN,-0.18078528304507244,-0.24544763631604535,-0.19515432583706113,-0.15820535865766164,0.3333333333333333,72,72,51
2025,17,2025_17_NYG_LV,LV,-0.21468708531499203,-0.23922356683374604,-0.1807942314962202,-0.27230493680690415,0.3333333333333333,54,54,60
2025,17,2025_17_NYG_LV,NYG,0.23922356683374604,0.21468708531499203,0.09323291831973307,0.4060700222783323,0.5,60,60,54
2025,17,2025_17_PHI_BUF,BUF,-0.12071316199451174,0.11959278373005547,-0.2300883788518187,0.019423834603912837,0.3835616438356164,73,73,53
2025,17,2025_17_PHI_BUF,PHI,-0.11959278373005547,0.12071316199451174,-0.1787084400901972,-0.05338324860669672,0.3018867924528302,53,53,73
2025,17,2025_17_PIT_CLE,CLE,-0.2336614750163306,0.2044288532304102,-0.22015809514662904,-0.24772749571393637,0.3469387755102041,49,49,63
2025,17,2025_17_PIT_CLE,PIT,-0.2044288532304102,0.2336614750163306,-0.3183951853392642,-0.019233563553522497,0.4126984126984127,63,63,49
2025,17,2025_17_SEA_CAR,CAR,-0.5107222867168542,0.05358890314740905,-0.8109070935729855,-0.17138293983600988,0.3673469387755102,49,49,65
2025,17,2025_17_SEA_CAR,SEA,-0.05358890314740905,0.5107222867168542,-0.25380988028894774,0.11802907725962411,0.4153846153846154,65,65,49
2025,17,2025_17_TB_MIA,MIA,0.1076283444776981,-0.035067697904803116,0.19820246489522333,0.0299933841198193,0.4230769230769231,52,52,63
2025,17,2025_17_TB_MIA,TB,0.035067697904803116,-0.1076283444776981,0.0371325285598479,0.02900225785560906,0.49206349206349204,63,63,52
2025,18,2025_18_ARI_LA,ARI,0.03618760896290027,-0.23612738051027957,0.03458575282069987,0.040245644523141284,0.4339622641509434,53,53,68
2025,18,2025_18_ARI_LA,LA,0.23612738051027957,-0.03618760896290027,0.39456403715662464,0.009789299586929518,0.5441176470588235,68,68,53
2025,18,2025_18_BAL_PIT,BAL,0.13874552093837494,-0.05849587082471776,0.41427086510063293,-0.08379418011575651,0.3404255319148936,47,47,73
2025,18,2025_18_BAL_PIT,PIT,0.05849587082471776,-0.13874552093837494,0.15205875035574376,-0.132528341551127,0.4520547945205479,73,73,47
2025,18,2025_18_CAR_TB,CAR,-0.021426274508918312,-0.006040095488994255,0.18751050006678108,-0.567876300322286,0.425531914893617,47,47,66
2025,18,2025_18_CAR_TB,TB,0.006040095488994255,0.021426274508918312,0.2827351173636379,-0.15207134558223065,0.4393939393939394,66,66,47
2025,18,2025_18_CLE_CIN,CIN,-0.11326667210612613,0.12539844451237517,-0.2973033008945197,0.195914864258375,0.582089552238806,67,67,52
2025,18,2025_18_CLE_CIN,CLE,-0.12539844451237517,0.11326667210612613,-0.3463272603852915,0.1323518406726939,0.34615384615384615,52,52,67
2025,18,2025_18_DAL_NYG,DAL,-0.12970593135882458,-0.13465806505958802,-0.260340994580656,-0.02159415489937789,0.4339622641509434,53,53,70
2025,18,2025_18_DAL_NYG,NYG,0.13465806505958802,0.12970593135882458,0.21872538615892315,0.034828121254127625,0.4714285714285714,70,70,53
2025,18,2025_18_DET_CHI,CHI,-0.019359930886783536,-0.14434690267100864,-0.041232898130793394,0.02093237719428725,0.4444444444444444,54,54,72
2025,18,2025_18_DET_CHI,DET,0.14434690267100864,0.019359930886783536,0.2131793494772913,0.02962615799387087,0.5416666666666666,72,72,54
2025,18,2025_18_GB_MIN,GB,-0.32896393591844886,0.0427276370525064,-0.8781343495667291,-0.08668287107361927,0.3673469387755102,49,49,64
2025,18,2025_18_GB_MIN,MIN,-0.0427276370525064,0.32896393591844886,0.06465357626681878,-0.1570366705859816,0.46875,64,64,49
2025,18,2025_18_IND_HOU,HOU,-0.01890033960430786,0.07294242176672638,-0.05587011819730127,0.016914133407654505,0.4444444444444444,63,63,64
2025,18,2025_18_IND_HOU,IND,-0.07294242176672638,0.01890033960430786,-0.04481073050257992,-0.10911173910634327,0.375,64,64,63
2025,18,2025_18_KC_LV,KC,-0.4682060693371074,0.49023991220838736,-0.579967534384047,-0.2786974981705577,0.24193548387096775,62,62,61
2025,18,2025_18_KC_LV,LV,-0.49023991220838736,0.4682060693371074,-0.5758376824624954,-0.41266693291560186,0.2786885245901639,61,61,62
2025,18,2025_18_LAC_DEN,DEN,-0.18474615782707252,0.41350366559252,-0.21299650696506392,-0.15844410862963218,0.35714285714285715,56,56,66
2025,18,2025_18_LAC_DEN,LAC,-0.41350366559252,0.18474615782707252,-0.6807446605848542,0.15915560939105317,0.2878787878787879,66,66,56
2025,18,2025_18_MIA_NE,MIA,-0.34409286922429466,-0.35990873299846027,-0.34829005793859513,-0.33922413031570614,0.42592592592592593,54,54,54
2025,18,2025_18_MIA_NE,NE,0.35990873299846027,0.34409286922429466,0.39988370106917337,0.332425942449845,0.6296296296296297,54,54,54
2025,18,2025_18_NO_ATL,ATL,-0.24802168146832365,0.11437933394057462,-0.15773548102492382,-0.38541372562132326,0.3275862068965517,58,58,65
2025,18,2025_18_NO_ATL,NO,-0.11437933394057462,0.24802168146832365,-0.2085878559855195,0.02693344912684272,0.36923076923076925,65,65,58
2025,18,2025_18_NYJ_BUF,BUF,0.35458301354125144,0.25580803342219044,0.7253219057381559,0.059893124871917114,0.6142857142857143,70,70,47
2025,18,2025_18_NYJ_BUF,NYJ,-0.25580803342219044,-0.35458301354125144,-0.2638633197657279,-0.24740251723762965,0.3404255319148936,47,47,70
2025,18,2025_18_SEA_SF,SEA,0.06867175021080515,0.358990701150869,0.17070135058541872,-0.01068460563611653,0.484375,64,64,42
2025,18,2025_18_SEA_SF,SF,-0.358990701150869,-0.06867175021080515,-0.45196908386397694,-0.1265447443680993,0.35714285714285715,42,42,64
2025,18,2025_18_TEN_JAX,JAX,0.21885933596011084,0.34853634520370375,0.4005463094723589,-0.07530052591686226,0.4727272727272727,55,55,53
2025,18,2025_18_TEN_JAX,TEN,-0.34853634520370375,-0.21885933596011084,-0.5762618024837988,0.05897236782383468,0.3018867924528302,53,53,55
2025,18,2025_18_WAS_PHI,PHI,-0.10292984583499282,0.025166327970555676,-0.14317976283994716,-0.011837928402727764,0.43548387096774194,62,62,61
2025,18,2025_18_WAS_PHI,WAS,-0.025166327970555676,0.10292984583499282,0.19333554564447733,-0.139879811618448,0.45901639344262296,61,61,62
