game_id,season,week,gameday,away_team,home_team,home_win,model,home_win_probability,predicted_home_win
2022_01_BUF_LA,2022,1,2022-09-08,BUF,LA,0,Model A - Simple,0.41749094598877134,0
2022_01_NO_ATL,2022,1,2022-09-11,NO,ATL,0,Model A - Simple,0.37750663727126915,0
2022_01_CLE_CAR,2022,1,2022-09-11,CLE,CAR,0,Model A - Simple,0.32604605894218786,0
2022_01_SF_CHI,2022,1,2022-09-11,SF,CHI,1,Model A - Simple,0.33122537882539566,0
2022_01_PIT_CIN,2022,1,2022-09-11,PIT,CIN,0,Model A - Simple,0.6563428047291646,1
2022_01_PHI_DET,2022,1,2022-09-11,PHI,DET,0,Model A - Simple,0.497149084809504,0
2022_01_NE_MIA,2022,1,2022-09-11,NE,MIA,1,Model A - Simple,0.425439132566323,0
2022_01_BAL_NYJ,2022,1,2022-09-11,BAL,NYJ,0,Model A - Simple,0.4643769811352046,0
2022_01_JAX_WAS,2022,1,2022-09-11,JAX,WAS,1,Model A - Simple,0.5637808140059007,1
2022_01_KC_ARI,2022,1,2022-09-11,KC,ARI,0,Model A - Simple,0.3316497275684338,0
2022_01_LV_LAC,2022,1,2022-09-11,LV,LAC,1,Model A - Simple,0.6798495030488737,1
2022_01_GB_MIN,2022,1,2022-09-11,GB,MIN,1,Model A - Simple,0.4000532446462703,0
2022_01_NYG_TEN,2022,1,2022-09-11,NYG,TEN,0,Model A - Simple,0.8668458153094748,1
2022_01_TB_DAL,2022,1,2022-09-11,TB,DAL,0,Model A - Simple,0.5923009633230476,1
2022_01_DEN_SEA,2022,1,2022-09-12,DEN,SEA,1,Model A - Simple,0.7384390894423424,1
2022_02_LAC_KC,2022,2,2022-09-15,LAC,KC,1,Model A - Simple,0.683303335172583,1
2022_02_MIA_BAL,2022,2,2022-09-18,MIA,BAL,0,Model A - Simple,0.47548715230759636,0
2022_02_NYJ_CLE,2022,2,2022-09-18,NYJ,CLE,0,Model A - Simple,0.7103713827886086,1
2022_02_WAS_DET,2022,2,2022-09-18,WAS,DET,1,Model A - Simple,0.5863108825880048,1
2022_02_IND_JAX,2022,2,2022-09-18,IND,JAX,1,Model A - Simple,0.49866776311305483,0
2022_02_TB_NO,2022,2,2022-09-18,TB,NO,0,Model A - Simple,0.3678790295634947,0
2022_02_CAR_NYG,2022,2,2022-09-18,CAR,NYG,1,Model A - Simple,0.4774615156252912,0
2022_02_NE_PIT,2022,2,2022-09-18,NE,PIT,0,Model A - Simple,0.46596254955555555,0
2022_02_ATL_LA,2022,2,2022-09-18,ATL,LA,1,Model A - Simple,0.6685052064008565,1
2022_02_SEA_SF,2022,2,2022-09-18,SEA,SF,1,Model A - Simple,0.5200407471420047,1
2022_02_CIN_DAL,2022,2,2022-09-18,CIN,DAL,1,Model A - Simple,0.6481057585313581,1
2022_02_HOU_DEN,2022,2,2022-09-18,HOU,DEN,1,Model A - Simple,0.5988832867210266,1
2022_02_ARI_LV,2022,2,2022-09-18,ARI,LV,0,Model A - Simple,0.5255478915438181,1
2022_02_CHI_GB,2022,2,2022-09-18,CHI,GB,1,Model A - Simple,0.651732702474534,1
2022_02_TEN_BUF,2022,2,2022-09-19,TEN,BUF,1,Model A - Simple,0.6835242020252739,1
2022_02_MIN_PHI,2022,2,2022-09-19,MIN,PHI,1,Model A - Simple,0.581457619248302,1
2022_03_PIT_CLE,2022,3,2022-09-22,PIT,CLE,1,Model A - Simple,0.6158544144801379,1
2022_03_NO_CAR,2022,3,2022-09-25,NO,CAR,1,Model A - Simple,0.4344127334014268,0
2022_03_HOU_CHI,2022,3,2022-09-25,HOU,CHI,1,Model A - Simple,0.6035677168275847,1
2022_03_KC_IND,2022,3,2022-09-25,KC,IND,1,Model A - Simple,0.25349580086510726,0
2022_03_BUF_MIA,2022,3,2022-09-25,BUF,MIA,1,Model A - Simple,0.39785483688229806,0
2022_03_DET_MIN,2022,3,2022-09-25,DET,MIN,1,Model A - Simple,0.572693613201456,1
2022_03_BAL_NE,2022,3,2022-09-25,BAL,NE,0,Model A - Simple,0.5347128825255745,1
2022_03_CIN_NYJ,2022,3,2022-09-25,CIN,NYJ,0,Model A - Simple,0.4164739186778141,0
2022_03_LV_TEN,2022,3,2022-09-25,LV,TEN,1,Model A - Simple,0.6254960270602203,1
2022_03_PHI_WAS,2022,3,2022-09-25,PHI,WAS,0,Model A - Simple,0.3881929145872496,0
2022_03_JAX_LAC,2022,3,2022-09-25,JAX,LAC,0,Model A - Simple,0.6371782450347406,1
2022_03_LA_ARI,2022,3,2022-09-25,LA,ARI,0,Model A - Simple,0.5589615926852975,1
2022_03_ATL_SEA,2022,3,2022-09-25,ATL,SEA,0,Model A - Simple,0.6899565470800193,1
2022_03_GB_TB,2022,3,2022-09-25,GB,TB,0,Model A - Simple,0.6770331881231435,1
2022_03_SF_DEN,2022,3,2022-09-25,SF,DEN,1,Model A - Simple,0.4937208018018814,0
2022_03_DAL_NYG,2022,3,2022-09-26,DAL,NYG,0,Model A - Simple,0.360179477505851,0
2022_04_MIA_CIN,2022,4,2022-09-29,MIA,CIN,1,Model A - Simple,0.4437152945966309,0
2022_04_MIN_NO,2022,4,2022-10-02,MIN,NO,0,Model A - Simple,0.528612825640099,1
2022_04_CLE_ATL,2022,4,2022-10-02,CLE,ATL,1,Model A - Simple,0.43432692266311257,0
2022_04_BUF_BAL,2022,4,2022-10-02,BUF,BAL,0,Model A - Simple,0.4064576974963318,0
2022_04_WAS_DAL,2022,4,2022-10-02,WAS,DAL,1,Model A - Simple,0.594768328124795,1
2022_04_SEA_DET,2022,4,2022-10-02,SEA,DET,0,Model A - Simple,0.5717713261183132,1
2022_04_LAC_HOU,2022,4,2022-10-02,LAC,HOU,0,Model A - Simple,0.4280045249016582,0
2022_04_TEN_IND,2022,4,2022-10-02,TEN,IND,0,Model A - Simple,0.47463184194057145,0
2022_04_CHI_NYG,2022,4,2022-10-02,CHI,NYG,1,Model A - Simple,0.44796564278539097,0
2022_04_JAX_PHI,2022,4,2022-10-02,JAX,PHI,1,Model A - Simple,0.6139310106176248,1
2022_04_NYJ_PIT,2022,4,2022-10-02,NYJ,PIT,0,Model A - Simple,0.6661509107518758,1
2022_04_ARI_CAR,2022,4,2022-10-02,ARI,CAR,0,Model A - Simple,0.569009727973561,1
2022_04_NE_GB,2022,4,2022-10-02,NE,GB,1,Model A - Simple,0.5863384539835766,1
2022_04_DEN_LV,2022,4,2022-10-02,DEN,LV,1,Model A - Simple,0.4597732318531243,0
2022_04_KC_TB,2022,4,2022-10-02,KC,TB,0,Model A - Simple,0.3996619999527764,0
2022_04_LA_SF,2022,4,2022-10-03,LA,SF,1,Model A - Simple,0.5778096563862273,1
2022_05_IND_DEN,2022,5,2022-10-06,IND,DEN,0,Model A - Simple,0.6051994204210482,1
2022_05_NYG_GB,2022,5,2022-10-09,NYG,GB,0,Model A - Simple,0.5088883550488381,1
2022_05_PIT_BUF,2022,5,2022-10-09,PIT,BUF,1,Model A - Simple,0.7623912499946784,1
2022_05_LAC_CLE,2022,5,2022-10-09,LAC,CLE,0,Model A - Simple,0.5488071292084296,1
2022_05_HOU_JAX,2022,5,2022-10-09,HOU,JAX,0,Model A - Simple,0.7129990656491951,1
2022_05_CHI_MIN,2022,5,2022-10-09,CHI,MIN,1,Model A - Simple,0.5823953661658436,1
2022_05_DET_NE,2022,5,2022-10-09,DET,NE,1,Model A - Simple,0.4693563185476415,0
2022_05_SEA_NO,2022,5,2022-10-09,SEA,NO,1,Model A - Simple,0.5328065443542567,1
2022_05_MIA_NYJ,2022,5,2022-10-09,MIA,NYJ,1,Model A - Simple,0.35164082610195757,0
2022_05_ATL_TB,2022,5,2022-10-09,ATL,TB,1,Model A - Simple,0.5809603720874541,1
2022_05_TEN_WAS,2022,5,2022-10-09,TEN,WAS,0,Model A - Simple,0.46451927270102716,0
2022_05_SF_CAR,2022,5,2022-10-09,SF,CAR,0,Model A - Simple,0.39841608728284733,0
2022_05_PHI_ARI,2022,5,2022-10-09,PHI,ARI,0,Model A - Simple,0.326434306267444,0
2022_05_DAL_LA,2022,5,2022-10-09,DAL,LA,0,Model A - Simple,0.487654038077342,0
2022_05_CIN_BAL,2022,5,2022-10-09,CIN,BAL,1,Model A - Simple,0.5849180201959784,1
2022_05_LV_KC,2022,5,2022-10-10,LV,KC,1,Model A - Simple,0.7669766869155041,1
2022_06_WAS_CHI,2022,6,2022-10-13,WAS,CHI,0,Model A - Simple,0.5657423673224665,1
2022_06_SF_ATL,2022,6,2022-10-16,SF,ATL,1,Model A - Simple,0.43304172564484544,0
2022_06_NE_CLE,2022,6,2022-10-16,NE,CLE,0,Model A - Simple,0.571618669095971,1
2022_06_NYJ_GB,2022,6,2022-10-16,NYJ,GB,0,Model A - Simple,0.49967706637196285,0
2022_06_JAX_IND,2022,6,2022-10-16,JAX,IND,1,Model A - Simple,0.4578285529506402,0
2022_06_MIN_MIA,2022,6,2022-10-16,MIN,MIA,0,Model A - Simple,0.4781802151672342,0
2022_06_CIN_NO,2022,6,2022-10-16,CIN,NO,0,Model A - Simple,0.5965436987200137,1
2022_06_BAL_NYG,2022,6,2022-10-16,BAL,NYG,1,Model A - Simple,0.5444928544784856,1
2022_06_TB_PIT,2022,6,2022-10-16,TB,PIT,1,Model A - Simple,0.368977596103461,0
2022_06_CAR_LA,2022,6,2022-10-16,CAR,LA,1,Model A - Simple,0.5578562208684332,1
2022_06_ARI_SEA,2022,6,2022-10-16,ARI,SEA,1,Model A - Simple,0.6028362056030149,1
2022_06_BUF_KC,2022,6,2022-10-16,BUF,KC,0,Model A - Simple,0.47985786497104344,0
2022_06_DAL_PHI,2022,6,2022-10-16,DAL,PHI,1,Model A - Simple,0.7406043197464641,1
2022_06_DEN_LAC,2022,6,2022-10-17,DEN,LAC,1,Model A - Simple,0.6706534090929628,1
2022_07_NO_ARI,2022,7,2022-10-20,NO,ARI,1,Model A - Simple,0.4681670260187203,0
2022_07_CLE_BAL,2022,7,2022-10-23,CLE,BAL,1,Model A - Simple,0.6579893414313576,1
2022_07_TB_CAR,2022,7,2022-10-23,TB,CAR,1,Model A - Simple,0.2978343770046426,0
2022_07_ATL_CIN,2022,7,2022-10-23,ATL,CIN,1,Model A - Simple,0.56696388536458,1
2022_07_DET_DAL,2022,7,2022-10-23,DET,DAL,1,Model A - Simple,0.5822326840995745,1
2022_07_NYG_JAX,2022,7,2022-10-23,NYG,JAX,0,Model A - Simple,0.5193857808046153,1
2022_07_IND_TEN,2022,7,2022-10-23,IND,TEN,1,Model A - Simple,0.605284284392914,1
2022_07_GB_WAS,2022,7,2022-10-23,GB,WAS,1,Model A - Simple,0.6200629808525006,1
2022_07_NYJ_DEN,2022,7,2022-10-23,NYJ,DEN,0,Model A - Simple,0.44100491098048095,0
2022_07_HOU_LV,2022,7,2022-10-23,HOU,LV,1,Model A - Simple,0.6331809464067985,1
2022_07_SEA_LAC,2022,7,2022-10-23,SEA,LAC,0,Model A - Simple,0.5812464574478949,1
2022_07_KC_SF,2022,7,2022-10-23,KC,SF,0,Model A - Simple,0.452374357732837,0
2022_07_PIT_MIA,2022,7,2022-10-23,PIT,MIA,1,Model A - Simple,0.612927308186015,1
2022_07_CHI_NE,2022,7,2022-10-24,CHI,NE,0,Model A - Simple,0.6765711842971346,1
2022_08_BAL_TB,2022,8,2022-10-27,BAL,TB,0,Model A - Simple,0.5128479072861751,1
2022_08_DEN_JAX,2022,8,2022-10-30,DEN,JAX,0,Model A - Simple,0.6403747799845279,1
2022_08_CAR_ATL,2022,8,2022-10-30,CAR,ATL,1,Model A - Simple,0.621625932547641,1
2022_08_CHI_DAL,2022,8,2022-10-30,CHI,DAL,1,Model A - Simple,0.5237357301022799,1
2022_08_MIA_DET,2022,8,2022-10-30,MIA,DET,0,Model A - Simple,0.39710532514603253,0
2022_08_ARI_MIN,2022,8,2022-10-30,ARI,MIN,1,Model A - Simple,0.5876981105643504,1
2022_08_LV_NO,2022,8,2022-10-30,LV,NO,1,Model A - Simple,0.5047058894550915,1
2022_08_NE_NYJ,2022,8,2022-10-30,NE,NYJ,0,Model A - Simple,0.5823029323974257,1
2022_08_PIT_PHI,2022,8,2022-10-30,PIT,PHI,1,Model A - Simple,0.7599230442519446,1
2022_08_TEN_HOU,2022,8,2022-10-30,TEN,HOU,0,Model A - Simple,0.45145343287135586,0
2022_08_WAS_IND,2022,8,2022-10-30,WAS,IND,0,Model A - Simple,0.5288687281911832,1
2022_08_SF_LA,2022,8,2022-10-30,SF,LA,0,Model A - Simple,0.5516439020355799,1
2022_08_NYG_SEA,2022,8,2022-10-30,NYG,SEA,1,Model A - Simple,0.5491119067251718,1
2022_08_GB_BUF,2022,8,2022-10-30,GB,BUF,1,Model A - Simple,0.8241924627071889,1
2022_08_CIN_CLE,2022,8,2022-10-31,CIN,CLE,1,Model A - Simple,0.3799797166401514,0
2022_09_PHI_HOU,2022,9,2022-11-03,PHI,HOU,0,Model A - Simple,0.2171193265639078,0
2022_09_LAC_ATL,2022,9,2022-11-06,LAC,ATL,0,Model A - Simple,0.5510296284936218,1
2022_09_MIA_CHI,2022,9,2022-11-06,MIA,CHI,0,Model A - Simple,0.45746691728070443,0
2022_09_CAR_CIN,2022,9,2022-11-06,CAR,CIN,1,Model A - Simple,0.6269827627633381,1
2022_09_GB_DET,2022,9,2022-11-06,GB,DET,1,Model A - Simple,0.5114701199316449,1
2022_09_LV_JAX,2022,9,2022-11-06,LV,JAX,1,Model A - Simple,0.6085781491710527,1
2022_09_IND_NE,2022,9,2022-11-06,IND,NE,1,Model A - Simple,0.5972648526221576,1
2022_09_BUF_NYJ,2022,9,2022-11-06,BUF,NYJ,1,Model A - Simple,0.38076763189179147,0
2022_09_MIN_WAS,2022,9,2022-11-06,MIN,WAS,0,Model A - Simple,0.4801364675828962,0
2022_09_SEA_ARI,2022,9,2022-11-06,SEA,ARI,0,Model A - Simple,0.4910672214989932,0
2022_09_LA_TB,2022,9,2022-11-06,LA,TB,1,Model A - Simple,0.6482105559652329,1
2022_09_TEN_KC,2022,9,2022-11-06,TEN,KC,1,Model A - Simple,0.7395712158375841,1
2022_09_BAL_NO,2022,9,2022-11-07,BAL,NO,0,Model A - Simple,0.5959563948007331,1
2022_10_ATL_CAR,2022,10,2022-11-10,ATL,CAR,1,Model A - Simple,0.469054302046252,0
2022_10_SEA_TB,2022,10,2022-11-13,SEA,TB,1,Model A - Simple,0.44828845923945226,0
2022_10_MIN_BUF,2022,10,2022-11-13,MIN,BUF,0,Model A - Simple,0.6273177087949233,1
2022_10_DET_CHI,2022,10,2022-11-13,DET,CHI,0,Model A - Simple,0.6230639411305469,1
2022_10_JAX_KC,2022,10,2022-11-13,JAX,KC,1,Model A - Simple,0.695844864131587,1
2022_10_CLE_MIA,2022,10,2022-11-13,CLE,MIA,1,Model A - Simple,0.5478348247001015,1
2022_10_HOU_NYG,2022,10,2022-11-13,HOU,NYG,1,Model A - Simple,0.7465858401993041,1
2022_10_NO_PIT,2022,10,2022-11-13,NO,PIT,1,Model A - Simple,0.4390214891015207,0
2022_10_DEN_TEN,2022,10,2022-11-13,DEN,TEN,1,Model A - Simple,0.5548115669255724,1
2022_10_IND_LV,2022,10,2022-11-13,IND,LV,0,Model A - Simple,0.6585546990770662,1
2022_10_DAL_GB,2022,10,2022-11-13,DAL,GB,1,Model A - Simple,0.3383463634499503,0
2022_10_ARI_LA,2022,10,2022-11-13,ARI,LA,0,Model A - Simple,0.5030585891658427,1
2022_10_LAC_SF,2022,10,2022-11-13,LAC,SF,1,Model A - Simple,0.663316928978036,1
2022_10_WAS_PHI,2022,10,2022-11-14,WAS,PHI,0,Model A - Simple,0.7826697511240043,1
2022_11_TEN_GB,2022,11,2022-11-17,TEN,GB,0,Model A - Simple,0.5527648936988673,1
2022_11_CHI_ATL,2022,11,2022-11-20,CHI,ATL,1,Model A - Simple,0.5265580363878561,1
2022_11_CAR_BAL,2022,11,2022-11-20,CAR,BAL,1,Model A - Simple,0.6692306985390863,1
2022_11_CLE_BUF,2022,11,2022-11-20,CLE,BUF,1,Model A - Simple,0.6232323270958334,1
2022_11_WAS_HOU,2022,11,2022-11-20,WAS,HOU,0,Model A - Simple,0.4122649074462851,0
2022_11_PHI_IND,2022,11,2022-11-20,PHI,IND,0,Model A - Simple,0.3697061337077146,0
2022_11_NYJ_NE,2022,11,2022-11-20,NYJ,NE,1,Model A - Simple,0.5095712453556318,1
2022_11_LA_NO,2022,11,2022-11-20,LA,NO,1,Model A - Simple,0.6072699472378279,1
2022_11_DET_NYG,2022,11,2022-11-20,DET,NYG,0,Model A - Simple,0.6353782736191329,1
2022_11_LV_DEN,2022,11,2022-11-20,LV,DEN,0,Model A - Simple,0.5832668154869725,1
2022_11_DAL_MIN,2022,11,2022-11-20,DAL,MIN,0,Model A - Simple,0.533498979990019,1
2022_11_CIN_PIT,2022,11,2022-11-20,CIN,PIT,0,Model A - Simple,0.34396204866820673,0
2022_11_KC_LAC,2022,11,2022-11-20,KC,LAC,0,Model A - Simple,0.29363847014942057,0
2022_11_SF_ARI,2022,11,2022-11-21,SF,ARI,0,Model A - Simple,0.4550211315888867,0
2022_12_BUF_DET,2022,12,2022-11-24,BUF,DET,0,Model A - Simple,0.4994654740997649,0
2022_12_NYG_DAL,2022,12,2022-11-24,NYG,DAL,1,Model A - Simple,0.6776669964413061,1
2022_12_NE_MIN,2022,12,2022-11-24,NE,MIN,1,Model A - Simple,0.43379404162674123,0
2022_12_DEN_CAR,2022,12,2022-11-27,DEN,CAR,1,Model A - Simple,0.47909458750988965,0
2022_12_TB_CLE,2022,12,2022-11-27,TB,CLE,1,Model A - Simple,0.48384325039954845,0
2022_12_BAL_JAX,2022,12,2022-11-27,BAL,JAX,1,Model A - Simple,0.5013926230842665,1
2022_12_HOU_MIA,2022,12,2022-11-27,HOU,MIA,1,Model A - Simple,0.8577585018431125,1
2022_12_CHI_NYJ,2022,12,2022-11-27,CHI,NYJ,1,Model A - Simple,0.4748261264436024,0
2022_12_CIN_TEN,2022,12,2022-11-27,CIN,TEN,0,Model A - Simple,0.4866199705576697,0
2022_12_ATL_WAS,2022,12,2022-11-27,ATL,WAS,1,Model A - Simple,0.6216949614208004,1
2022_12_LAC_ARI,2022,12,2022-11-27,LAC,ARI,0,Model A - Simple,0.5042596970621327,1
2022_12_LV_SEA,2022,12,2022-11-27,LV,SEA,0,Model A - Simple,0.6296944887310139,1
2022_12_LA_KC,2022,12,2022-11-27,LA,KC,1,Model A - Simple,0.8023714663382474,1
2022_12_NO_SF,2022,12,2022-11-27,NO,SF,1,Model A - Simple,0.729054893067256,1
2022_12_GB_PHI,2022,12,2022-11-27,GB,PHI,1,Model A - Simple,0.6261444022460115,1
2022_12_PIT_IND,2022,12,2022-11-28,PIT,IND,0,Model A - Simple,0.5384256865511193,1
2022_13_BUF_NE,2022,13,2022-12-01,BUF,NE,0,Model A - Simple,0.5024262269462766,1
2022_13_PIT_ATL,2022,13,2022-12-04,PIT,ATL,0,Model A - Simple,0.5043486382484635,1
2022_13_DEN_BAL,2022,13,2022-12-04,DEN,BAL,1,Model A - Simple,0.7246582694605519,1
2022_13_GB_CHI,2022,13,2022-12-04,GB,CHI,0,Model A - Simple,0.4958859594479774,0
2022_13_JAX_DET,2022,13,2022-12-04,JAX,DET,1,Model A - Simple,0.5525109028292776,1
2022_13_CLE_HOU,2022,13,2022-12-04,CLE,HOU,0,Model A - Simple,0.3280129437361914,0
2022_13_NYJ_MIN,2022,13,2022-12-04,NYJ,MIN,1,Model A - Simple,0.47460042512415307,0
2022_13_TEN_PHI,2022,13,2022-12-04,TEN,PHI,1,Model A - Simple,0.5716317536281288,1
2022_13_SEA_LA,2022,13,2022-12-04,SEA,LA,0,Model A - Simple,0.39326240941969887,0
2022_13_MIA_SF,2022,13,2022-12-04,MIA,SF,1,Model A - Simple,0.5511697984201624,1
2022_13_KC_CIN,2022,13,2022-12-04,KC,CIN,1,Model A - Simple,0.4688091823201803,0
2022_13_LAC_LV,2022,13,2022-12-04,LAC,LV,1,Model A - Simple,0.6053654823930262,1
2022_13_IND_DAL,2022,13,2022-12-04,IND,DAL,1,Model A - Simple,0.7914668785123663,1
2022_13_NO_TB,2022,13,2022-12-05,NO,TB,1,Model A - Simple,0.6321487745144551,1
2022_14_LV_LA,2022,14,2022-12-08,LV,LA,1,Model A - Simple,0.3971054448073126,0
2022_14_NYJ_BUF,2022,14,2022-12-11,NYJ,BUF,1,Model A - Simple,0.6470318969524963,1
2022_14_CLE_CIN,2022,14,2022-12-11,CLE,CIN,1,Model A - Simple,0.6657985205949746,1
2022_14_HOU_DAL,2022,14,2022-12-11,HOU,DAL,1,Model A - Simple,0.8806135444835075,1
2022_14_MIN_DET,2022,14,2022-12-11,MIN,DET,1,Model A - Simple,0.6645762148129701,1
2022_14_PHI_NYG,2022,14,2022-12-11,PHI,NYG,0,Model A - Simple,0.34298938419780317,0
2022_14_BAL_PIT,2022,14,2022-12-11,BAL,PIT,0,Model A - Simple,0.5548731845761811,1
2022_14_JAX_TEN,2022,14,2022-12-11,JAX,TEN,0,Model A - Simple,0.5318520431641861,1
2022_14_KC_DEN,2022,14,2022-12-11,KC,DEN,0,Model A - Simple,0.29210709978630894,0
2022_14_CAR_SEA,2022,14,2022-12-11,CAR,SEA,0,Model A - Simple,0.5873887866930253,1
2022_14_TB_SF,2022,14,2022-12-11,TB,SF,1,Model A - Simple,0.6949730483143997,1
2022_14_MIA_LAC,2022,14,2022-12-11,MIA,LAC,1,Model A - Simple,0.48409362772249115,0
2022_14_NE_ARI,2022,14,2022-12-12,NE,ARI,0,Model A - Simple,0.5164078501538033,1
2022_15_SF_SEA,2022,15,2022-12-15,SF,SEA,0,Model A - Simple,0.36355615495308385,0
2022_15_IND_MIN,2022,15,2022-12-17,IND,MIN,1,Model A - Simple,0.6548958423052916,1
2022_15_BAL_CLE,2022,15,2022-12-17,BAL,CLE,1,Model A - Simple,0.46527550133730317,0
2022_15_MIA_BUF,2022,15,2022-12-17,MIA,BUF,1,Model A - Simple,0.6117435643305656,1
2022_15_PIT_CAR,2022,15,2022-12-18,PIT,CAR,0,Model A - Simple,0.5489847707507762,1
2022_15_PHI_CHI,2022,15,2022-12-18,PHI,CHI,0,Model A - Simple,0.32565222500063706,0
2022_15_KC_HOU,2022,15,2022-12-18,KC,HOU,0,Model A - Simple,0.20815759489227542,0
2022_15_DAL_JAX,2022,15,2022-12-18,DAL,JAX,1,Model A - Simple,0.4021075103790935,0
2022_15_ATL_NO,2022,15,2022-12-18,ATL,NO,1,Model A - Simple,0.5332534797162944,1
2022_15_DET_NYJ,2022,15,2022-12-18,DET,NYJ,0,Model A - Simple,0.4028018356519128,0
2022_15_ARI_DEN,2022,15,2022-12-18,ARI,DEN,1,Model A - Simple,0.588731101282243,1
2022_15_NE_LV,2022,15,2022-12-18,NE,LV,1,Model A - Simple,0.5492938631889925,1
2022_15_TEN_LAC,2022,15,2022-12-18,TEN,LAC,1,Model A - Simple,0.639939333986877,1
2022_15_CIN_TB,2022,15,2022-12-18,CIN,TB,0,Model A - Simple,0.3645672887660683,0
2022_15_NYG_WAS,2022,15,2022-12-18,NYG,WAS,0,Model A - Simple,0.7212892252542901,1
2022_15_LA_GB,2022,15,2022-12-19,LA,GB,1,Model A - Simple,0.7104569309213407,1
2022_16_JAX_NYJ,2022,16,2022-12-22,JAX,NYJ,0,Model A - Simple,0.4628569605445996,0
2022_16_ATL_BAL,2022,16,2022-12-24,ATL,BAL,1,Model A - Simple,0.5659853745000081,1
2022_16_DET_CAR,2022,16,2022-12-24,DET,CAR,1,Model A - Simple,0.45384270186454767,0
2022_16_BUF_CHI,2022,16,2022-12-24,BUF,CHI,0,Model A - Simple,0.4170745585618661,0
2022_16_NO_CLE,2022,16,2022-12-24,NO,CLE,0,Model A - Simple,0.5899345188245452,1
2022_16_SEA_KC,2022,16,2022-12-24,SEA,KC,1,Model A - Simple,0.7682931660146797,1
2022_16_NYG_MIN,2022,16,2022-12-24,NYG,MIN,1,Model A - Simple,0.5517338106310189,1
2022_16_CIN_NE,2022,16,2022-12-24,CIN,NE,0,Model A - Simple,0.4639680011808701,0
2022_16_HOU_TEN,2022,16,2022-12-24,HOU,TEN,0,Model A - Simple,0.6693289217717773,1
2022_16_WAS_SF,2022,16,2022-12-24,WAS,SF,1,Model A - Simple,0.7376175250155534,1
2022_16_PHI_DAL,2022,16,2022-12-24,PHI,DAL,1,Model A - Simple,0.480618069785849,0
2022_16_LV_PIT,2022,16,2022-12-24,LV,PIT,1,Model A - Simple,0.6037472138431031,1
2022_16_GB_MIA,2022,16,2022-12-25,GB,MIA,0,Model A - Simple,0.5134654391154805,1
2022_16_DEN_LA,2022,16,2022-12-25,DEN,LA,1,Model A - Simple,0.4608059178454311,0
2022_16_TB_ARI,2022,16,2022-12-25,TB,ARI,0,Model A - Simple,0.44479462623626165,0
2022_16_LAC_IND,2022,16,2022-12-26,LAC,IND,0,Model A - Simple,0.40710086286407765,0
2022_17_DAL_TEN,2022,17,2022-12-29,DAL,TEN,0,Model A - Simple,0.34786970232225495,0
2022_17_ARI_ATL,2022,17,2023-01-01,ARI,ATL,1,Model A - Simple,0.6450425836587718,1
2022_17_CHI_DET,2022,17,2023-01-01,CHI,DET,1,Model A - Simple,0.7376087239503637,1
2022_17_JAX_HOU,2022,17,2023-01-01,JAX,HOU,0,Model A - Simple,0.319257096345025,0
2022_17_DEN_KC,2022,17,2023-01-01,DEN,KC,1,Model A - Simple,0.8007857072319707,1
2022_17_MIA_NE,2022,17,2023-01-01,MIA,NE,1,Model A - Simple,0.5235729502047222,1
2022_17_IND_NYG,2022,17,2023-01-01,IND,NYG,1,Model A - Simple,0.7602588050421226,1
2022_17_NO_PHI,2022,17,2023-01-01,NO,PHI,0,Model A - Simple,0.6889221712220028,1
2022_17_CAR_TB,2022,17,2023-01-01,CAR,TB,1,Model A - Simple,0.39737880086736255,0
2022_17_CLE_WAS,2022,17,2023-01-01,CLE,WAS,0,Model A - Simple,0.5486999579412696,1
2022_17_SF_LV,2022,17,2023-01-01,SF,LV,0,Model A - Simple,0.3269055690162251,0
2022_17_NYJ_SEA,2022,17,2023-01-01,NYJ,SEA,1,Model A - Simple,0.526066574050089,1
2022_17_MIN_GB,2022,17,2023-01-01,MIN,GB,1,Model A - Simple,0.6162077981523136,1
2022_17_LA_LAC,2022,17,2023-01-01,LA,LAC,1,Model A - Simple,0.5764583836132917,1
2022_17_PIT_BAL,2022,17,2023-01-01,PIT,BAL,0,Model A - Simple,0.4729485707318226,0
2022_18_KC_LV,2022,18,2023-01-07,KC,LV,0,Model A - Simple,0.3510308210302992,0
2022_18_TEN_JAX,2022,18,2023-01-07,TEN,JAX,1,Model A - Simple,0.7424620788076559,1
2022_18_TB_ATL,2022,18,2023-01-08,TB,ATL,1,Model A - Simple,0.47233866888530845,0
2022_18_NE_BUF,2022,18,2023-01-08,NE,BUF,1,Model A - Simple,0.7328573783660799,1
2022_18_MIN_CHI,2022,18,2023-01-08,MIN,CHI,0,Model A - Simple,0.3991669080812299,0
2022_18_BAL_CIN,2022,18,2023-01-08,BAL,CIN,1,Model A - Simple,0.6559270177825912,1
2022_18_HOU_IND,2022,18,2023-01-08,HOU,IND,0,Model A - Simple,0.5158459790483543,1
2022_18_NYJ_MIA,2022,18,2023-01-08,NYJ,MIA,1,Model A - Simple,0.7037759100980504,1
2022_18_CAR_NO,2022,18,2023-01-08,CAR,NO,0,Model A - Simple,0.4992293424965061,0
2022_18_CLE_PIT,2022,18,2023-01-08,CLE,PIT,1,Model A - Simple,0.5999034982330207,1
2022_18_LAC_DEN,2022,18,2023-01-08,LAC,DEN,1,Model A - Simple,0.2821972265781623,0
2022_18_NYG_PHI,2022,18,2023-01-08,NYG,PHI,1,Model A - Simple,0.5193524663470385,1
2022_18_LA_SEA,2022,18,2023-01-08,LA,SEA,1,Model A - Simple,0.5419920824964592,1
2022_18_ARI_SF,2022,18,2023-01-08,ARI,SF,1,Model A - Simple,0.8129417940976758,1
2022_18_DAL_WAS,2022,18,2023-01-08,DAL,WAS,1,Model A - Simple,0.35223043979521607,0
2022_18_DET_GB,2022,18,2023-01-08,DET,GB,0,Model A - Simple,0.5124533788007296,1
2022_01_BUF_LA,2022,1,2022-09-08,BUF,LA,0,Model B - Current,0.43548039371206065,0
2022_01_NO_ATL,2022,1,2022-09-11,NO,ATL,0,Model B - Current,0.38134898828648145,0
2022_01_CLE_CAR,2022,1,2022-09-11,CLE,CAR,0,Model B - Current,0.3356729066224135,0
2022_01_SF_CHI,2022,1,2022-09-11,SF,CHI,1,Model B - Current,0.31458995496224923,0
2022_01_PIT_CIN,2022,1,2022-09-11,PIT,CIN,0,Model B - Current,0.5801263682611275,1
2022_01_PHI_DET,2022,1,2022-09-11,PHI,DET,0,Model B - Current,0.5445291063611595,1
2022_01_NE_MIA,2022,1,2022-09-11,NE,MIA,1,Model B - Current,0.28086478455778313,0
2022_01_BAL_NYJ,2022,1,2022-09-11,BAL,NYJ,0,Model B - Current,0.37967862869780583,0
2022_01_JAX_WAS,2022,1,2022-09-11,JAX,WAS,1,Model B - Current,0.5777126362196342,1
2022_01_KC_ARI,2022,1,2022-09-11,KC,ARI,0,Model B - Current,0.3292478887221696,0
2022_01_LV_LAC,2022,1,2022-09-11,LV,LAC,1,Model B - Current,0.6797388845766504,1
2022_01_GB_MIN,2022,1,2022-09-11,GB,MIN,1,Model B - Current,0.29304481709209135,0
2022_01_NYG_TEN,2022,1,2022-09-11,NYG,TEN,0,Model B - Current,0.8404211499009688,1
2022_01_TB_DAL,2022,1,2022-09-11,TB,DAL,0,Model B - Current,0.6207836453416476,1
2022_01_DEN_SEA,2022,1,2022-09-12,DEN,SEA,1,Model B - Current,0.6384680356267163,1
2022_02_LAC_KC,2022,2,2022-09-15,LAC,KC,1,Model B - Current,0.6756689342841797,1
2022_02_MIA_BAL,2022,2,2022-09-18,MIA,BAL,0,Model B - Current,0.45158838104665927,0
2022_02_NYJ_CLE,2022,2,2022-09-18,NYJ,CLE,0,Model B - Current,0.74378857820949,1
2022_02_WAS_DET,2022,2,2022-09-18,WAS,DET,1,Model B - Current,0.5443573777894344,1
2022_02_IND_JAX,2022,2,2022-09-18,IND,JAX,1,Model B - Current,0.5021298859452115,1
2022_02_TB_NO,2022,2,2022-09-18,TB,NO,0,Model B - Current,0.3806169609569417,0
2022_02_CAR_NYG,2022,2,2022-09-18,CAR,NYG,1,Model B - Current,0.49884194607232296,0
2022_02_NE_PIT,2022,2,2022-09-18,NE,PIT,0,Model B - Current,0.27650576049760145,0
2022_02_ATL_LA,2022,2,2022-09-18,ATL,LA,1,Model B - Current,0.6417372826699376,1
2022_02_SEA_SF,2022,2,2022-09-18,SEA,SF,1,Model B - Current,0.6015862363332088,1
2022_02_CIN_DAL,2022,2,2022-09-18,CIN,DAL,1,Model B - Current,0.7605073504683202,1
2022_02_HOU_DEN,2022,2,2022-09-18,HOU,DEN,1,Model B - Current,0.6507522501055578,1
2022_02_ARI_LV,2022,2,2022-09-18,ARI,LV,0,Model B - Current,0.5796339533589376,1
2022_02_CHI_GB,2022,2,2022-09-18,CHI,GB,1,Model B - Current,0.7692661254643336,1
2022_02_TEN_BUF,2022,2,2022-09-19,TEN,BUF,1,Model B - Current,0.7490411435675831,1
2022_02_MIN_PHI,2022,2,2022-09-19,MIN,PHI,1,Model B - Current,0.5879599658653829,1
2022_03_PIT_CLE,2022,3,2022-09-22,PIT,CLE,1,Model B - Current,0.6174775102706266,1
2022_03_NO_CAR,2022,3,2022-09-25,NO,CAR,1,Model B - Current,0.3268779853214045,0
2022_03_HOU_CHI,2022,3,2022-09-25,HOU,CHI,1,Model B - Current,0.500044410631935,1
2022_03_KC_IND,2022,3,2022-09-25,KC,IND,1,Model B - Current,0.2487728301063198,0
2022_03_BUF_MIA,2022,3,2022-09-25,BUF,MIA,1,Model B - Current,0.37498296256271607,0
2022_03_DET_MIN,2022,3,2022-09-25,DET,MIN,1,Model B - Current,0.6331763061249944,1
2022_03_BAL_NE,2022,3,2022-09-25,BAL,NE,0,Model B - Current,0.7121965119032949,1
2022_03_CIN_NYJ,2022,3,2022-09-25,CIN,NYJ,0,Model B - Current,0.4458389005854393,0
2022_03_LV_TEN,2022,3,2022-09-25,LV,TEN,1,Model B - Current,0.5610149249659769,1
2022_03_PHI_WAS,2022,3,2022-09-25,PHI,WAS,0,Model B - Current,0.396879096331386,0
2022_03_JAX_LAC,2022,3,2022-09-25,JAX,LAC,0,Model B - Current,0.6673560268326565,1
2022_03_LA_ARI,2022,3,2022-09-25,LA,ARI,0,Model B - Current,0.4789559316676456,0
2022_03_ATL_SEA,2022,3,2022-09-25,ATL,SEA,0,Model B - Current,0.6098039179726239,1
2022_03_GB_TB,2022,3,2022-09-25,GB,TB,0,Model B - Current,0.6056334814700648,1
2022_03_SF_DEN,2022,3,2022-09-25,SF,DEN,1,Model B - Current,0.5217354689781888,1
2022_03_DAL_NYG,2022,3,2022-09-26,DAL,NYG,0,Model B - Current,0.30156883742795054,0
2022_04_MIA_CIN,2022,4,2022-09-29,MIA,CIN,1,Model B - Current,0.37357257708345143,0
2022_04_MIN_NO,2022,4,2022-10-02,MIN,NO,0,Model B - Current,0.5790273560338356,1
2022_04_CLE_ATL,2022,4,2022-10-02,CLE,ATL,1,Model B - Current,0.576449302271964,1
2022_04_BUF_BAL,2022,4,2022-10-02,BUF,BAL,0,Model B - Current,0.3194088520047286,0
2022_04_WAS_DAL,2022,4,2022-10-02,WAS,DAL,1,Model B - Current,0.6593278903779989,1
2022_04_SEA_DET,2022,4,2022-10-02,SEA,DET,0,Model B - Current,0.45031297850326435,0
2022_04_LAC_HOU,2022,4,2022-10-02,LAC,HOU,0,Model B - Current,0.4104042933032124,0
2022_04_TEN_IND,2022,4,2022-10-02,TEN,IND,0,Model B - Current,0.49411656256988773,0
2022_04_CHI_NYG,2022,4,2022-10-02,CHI,NYG,1,Model B - Current,0.523035817369891,1
2022_04_JAX_PHI,2022,4,2022-10-02,JAX,PHI,1,Model B - Current,0.5578133916772701,1
2022_04_NYJ_PIT,2022,4,2022-10-02,NYJ,PIT,0,Model B - Current,0.6975096545190698,1
2022_04_ARI_CAR,2022,4,2022-10-02,ARI,CAR,0,Model B - Current,0.5323905799829364,1
2022_04_NE_GB,2022,4,2022-10-02,NE,GB,1,Model B - Current,0.5797315672540901,1
2022_04_DEN_LV,2022,4,2022-10-02,DEN,LV,1,Model B - Current,0.4879395489950618,0
2022_04_KC_TB,2022,4,2022-10-02,KC,TB,0,Model B - Current,0.452992327470408,0
2022_04_LA_SF,2022,4,2022-10-03,LA,SF,1,Model B - Current,0.5393932264960878,1
2022_05_IND_DEN,2022,5,2022-10-06,IND,DEN,0,Model B - Current,0.545613269315433,1
2022_05_NYG_GB,2022,5,2022-10-09,NYG,GB,0,Model B - Current,0.6611765286844197,1
2022_05_PIT_BUF,2022,5,2022-10-09,PIT,BUF,1,Model B - Current,0.8141242805346004,1
2022_05_LAC_CLE,2022,5,2022-10-09,LAC,CLE,0,Model B - Current,0.47643327688118464,0
2022_05_HOU_JAX,2022,5,2022-10-09,HOU,JAX,0,Model B - Current,0.7782211698669632,1
2022_05_CHI_MIN,2022,5,2022-10-09,CHI,MIN,1,Model B - Current,0.7623557644589352,1
2022_05_DET_NE,2022,5,2022-10-09,DET,NE,1,Model B - Current,0.7230969798877224,1
2022_05_SEA_NO,2022,5,2022-10-09,SEA,NO,1,Model B - Current,0.6716811102296818,1
2022_05_MIA_NYJ,2022,5,2022-10-09,MIA,NYJ,1,Model B - Current,0.28914451392491625,0
2022_05_ATL_TB,2022,5,2022-10-09,ATL,TB,1,Model B - Current,0.6158037764911785,1
2022_05_TEN_WAS,2022,5,2022-10-09,TEN,WAS,0,Model B - Current,0.3282213187331539,0
2022_05_SF_CAR,2022,5,2022-10-09,SF,CAR,0,Model B - Current,0.4019474310676723,0
2022_05_PHI_ARI,2022,5,2022-10-09,PHI,ARI,0,Model B - Current,0.3404833385942597,0
2022_05_DAL_LA,2022,5,2022-10-09,DAL,LA,0,Model B - Current,0.568882312071921,1
2022_05_CIN_BAL,2022,5,2022-10-09,CIN,BAL,1,Model B - Current,0.5819754712115243,1
2022_05_LV_KC,2022,5,2022-10-10,LV,KC,1,Model B - Current,0.7660330227554628,1
2022_06_WAS_CHI,2022,6,2022-10-13,WAS,CHI,0,Model B - Current,0.48600074924162107,0
2022_06_SF_ATL,2022,6,2022-10-16,SF,ATL,1,Model B - Current,0.4793642007993509,0
2022_06_NE_CLE,2022,6,2022-10-16,NE,CLE,0,Model B - Current,0.4270314445035915,0
2022_06_NYJ_GB,2022,6,2022-10-16,NYJ,GB,0,Model B - Current,0.6280132139020733,1
2022_06_JAX_IND,2022,6,2022-10-16,JAX,IND,1,Model B - Current,0.4290473054013499,0
2022_06_MIN_MIA,2022,6,2022-10-16,MIN,MIA,0,Model B - Current,0.4815533221286679,0
2022_06_CIN_NO,2022,6,2022-10-16,CIN,NO,0,Model B - Current,0.6833407651573138,1
2022_06_BAL_NYG,2022,6,2022-10-16,BAL,NYG,1,Model B - Current,0.5050264527010535,1
2022_06_TB_PIT,2022,6,2022-10-16,TB,PIT,1,Model B - Current,0.2814276945351212,0
2022_06_CAR_LA,2022,6,2022-10-16,CAR,LA,1,Model B - Current,0.6679940843560922,1
2022_06_ARI_SEA,2022,6,2022-10-16,ARI,SEA,1,Model B - Current,0.5940141433802778,1
2022_06_BUF_KC,2022,6,2022-10-16,BUF,KC,0,Model B - Current,0.4661198814784357,0
2022_06_DAL_PHI,2022,6,2022-10-16,DAL,PHI,1,Model B - Current,0.7629782303378775,1
2022_06_DEN_LAC,2022,6,2022-10-17,DEN,LAC,1,Model B - Current,0.6298309670493615,1
2022_07_NO_ARI,2022,7,2022-10-20,NO,ARI,1,Model B - Current,0.37833835636366897,0
2022_07_CLE_BAL,2022,7,2022-10-23,CLE,BAL,1,Model B - Current,0.7099048882837129,1
2022_07_TB_CAR,2022,7,2022-10-23,TB,CAR,1,Model B - Current,0.2053435636479288,0
2022_07_ATL_CIN,2022,7,2022-10-23,ATL,CIN,1,Model B - Current,0.5607872085737292,1
2022_07_DET_DAL,2022,7,2022-10-23,DET,DAL,1,Model B - Current,0.6477163357727859,1
2022_07_NYG_JAX,2022,7,2022-10-23,NYG,JAX,0,Model B - Current,0.5996585559495179,1
2022_07_IND_TEN,2022,7,2022-10-23,IND,TEN,1,Model B - Current,0.647260667475246,1
2022_07_GB_WAS,2022,7,2022-10-23,GB,WAS,1,Model B - Current,0.4440220692162161,0
2022_07_NYJ_DEN,2022,7,2022-10-23,NYJ,DEN,0,Model B - Current,0.47417376102420294,0
2022_07_HOU_LV,2022,7,2022-10-23,HOU,LV,1,Model B - Current,0.620475891302272,1
2022_07_SEA_LAC,2022,7,2022-10-23,SEA,LAC,0,Model B - Current,0.5144848533518986,1
2022_07_KC_SF,2022,7,2022-10-23,KC,SF,0,Model B - Current,0.5584237390060052,1
2022_07_PIT_MIA,2022,7,2022-10-23,PIT,MIA,1,Model B - Current,0.6692914025154425,1
2022_07_CHI_NE,2022,7,2022-10-24,CHI,NE,0,Model B - Current,0.7784713452498615,1
2022_08_BAL_TB,2022,8,2022-10-27,BAL,TB,0,Model B - Current,0.5823476673813934,1
2022_08_DEN_JAX,2022,8,2022-10-30,DEN,JAX,0,Model B - Current,0.7123243839458094,1
2022_08_CAR_ATL,2022,8,2022-10-30,CAR,ATL,1,Model B - Current,0.6796680810167395,1
2022_08_CHI_DAL,2022,8,2022-10-30,CHI,DAL,1,Model B - Current,0.641579606970539,1
2022_08_MIA_DET,2022,8,2022-10-30,MIA,DET,0,Model B - Current,0.3845846449085232,0
2022_08_ARI_MIN,2022,8,2022-10-30,ARI,MIN,1,Model B - Current,0.6715301809302747,1
2022_08_LV_NO,2022,8,2022-10-30,LV,NO,1,Model B - Current,0.5790595637293718,1
2022_08_NE_NYJ,2022,8,2022-10-30,NE,NYJ,0,Model B - Current,0.4615141145034313,0
2022_08_PIT_PHI,2022,8,2022-10-30,PIT,PHI,1,Model B - Current,0.7831140301230188,1
2022_08_TEN_HOU,2022,8,2022-10-30,TEN,HOU,0,Model B - Current,0.40387481803639574,0
2022_08_WAS_IND,2022,8,2022-10-30,WAS,IND,0,Model B - Current,0.6682976256852898,1
2022_08_SF_LA,2022,8,2022-10-30,SF,LA,0,Model B - Current,0.5802687059416054,1
2022_08_NYG_SEA,2022,8,2022-10-30,NYG,SEA,1,Model B - Current,0.549003008348167,1
2022_08_GB_BUF,2022,8,2022-10-30,GB,BUF,1,Model B - Current,0.7842286367093328,1
2022_08_CIN_CLE,2022,8,2022-10-31,CIN,CLE,1,Model B - Current,0.3240178809588401,0
2022_09_PHI_HOU,2022,9,2022-11-03,PHI,HOU,0,Model B - Current,0.1872791117239633,0
2022_09_LAC_ATL,2022,9,2022-11-06,LAC,ATL,0,Model B - Current,0.6072198835862122,1
2022_09_MIA_CHI,2022,9,2022-11-06,MIA,CHI,0,Model B - Current,0.3514290844126164,0
2022_09_CAR_CIN,2022,9,2022-11-06,CAR,CIN,1,Model B - Current,0.7361111862851364,1
2022_09_GB_DET,2022,9,2022-11-06,GB,DET,1,Model B - Current,0.4994896753424466,0
2022_09_LV_JAX,2022,9,2022-11-06,LV,JAX,1,Model B - Current,0.6186434908735922,1
2022_09_IND_NE,2022,9,2022-11-06,IND,NE,1,Model B - Current,0.5477182416277506,1
2022_09_BUF_NYJ,2022,9,2022-11-06,BUF,NYJ,1,Model B - Current,0.28147922541359316,0
2022_09_MIN_WAS,2022,9,2022-11-06,MIN,WAS,0,Model B - Current,0.39214125525944554,0
2022_09_SEA_ARI,2022,9,2022-11-06,SEA,ARI,0,Model B - Current,0.5015032849223009,1
2022_09_LA_TB,2022,9,2022-11-06,LA,TB,1,Model B - Current,0.6575626003899421,1
2022_09_TEN_KC,2022,9,2022-11-06,TEN,KC,1,Model B - Current,0.7096390357014781,1
2022_09_BAL_NO,2022,9,2022-11-07,BAL,NO,0,Model B - Current,0.6818327719350348,1
2022_10_ATL_CAR,2022,10,2022-11-10,ATL,CAR,1,Model B - Current,0.36426567401588317,0
2022_10_SEA_TB,2022,10,2022-11-13,SEA,TB,1,Model B - Current,0.5026428898532758,1
2022_10_MIN_BUF,2022,10,2022-11-13,MIN,BUF,0,Model B - Current,0.6561120710782106,1
2022_10_DET_CHI,2022,10,2022-11-13,DET,CHI,0,Model B - Current,0.42740746761486764,0
2022_10_JAX_KC,2022,10,2022-11-13,JAX,KC,1,Model B - Current,0.565608356270164,1
2022_10_CLE_MIA,2022,10,2022-11-13,CLE,MIA,1,Model B - Current,0.5272599431811562,1
2022_10_HOU_NYG,2022,10,2022-11-13,HOU,NYG,1,Model B - Current,0.728420702588255,1
2022_10_NO_PIT,2022,10,2022-11-13,NO,PIT,1,Model B - Current,0.32151172454002763,0
2022_10_DEN_TEN,2022,10,2022-11-13,DEN,TEN,1,Model B - Current,0.4958259186236035,0
2022_10_IND_LV,2022,10,2022-11-13,IND,LV,0,Model B - Current,0.5864381780959939,1
2022_10_DAL_GB,2022,10,2022-11-13,DAL,GB,1,Model B - Current,0.334696995127654,0
2022_10_ARI_LA,2022,10,2022-11-13,ARI,LA,0,Model B - Current,0.4920428315022982,0
2022_10_LAC_SF,2022,10,2022-11-13,LAC,SF,1,Model B - Current,0.7354912580098998,1
2022_10_WAS_PHI,2022,10,2022-11-14,WAS,PHI,0,Model B - Current,0.8366380105006386,1
2022_11_TEN_GB,2022,11,2022-11-17,TEN,GB,0,Model B - Current,0.6152406349400592,1
2022_11_CHI_ATL,2022,11,2022-11-20,CHI,ATL,1,Model B - Current,0.6316505736046888,1
2022_11_CAR_BAL,2022,11,2022-11-20,CAR,BAL,1,Model B - Current,0.7462452898598825,1
2022_11_CLE_BUF,2022,11,2022-11-20,CLE,BUF,1,Model B - Current,0.679125313544701,1
2022_11_WAS_HOU,2022,11,2022-11-20,WAS,HOU,0,Model B - Current,0.39379874867117537,0
2022_11_PHI_IND,2022,11,2022-11-20,PHI,IND,0,Model B - Current,0.32382591936233684,0
2022_11_NYJ_NE,2022,11,2022-11-20,NYJ,NE,1,Model B - Current,0.5096942571590268,1
2022_11_LA_NO,2022,11,2022-11-20,LA,NO,1,Model B - Current,0.6664544359194382,1
2022_11_DET_NYG,2022,11,2022-11-20,DET,NYG,0,Model B - Current,0.5052184890408435,1
2022_11_LV_DEN,2022,11,2022-11-20,LV,DEN,0,Model B - Current,0.5612658418173186,1
2022_11_DAL_MIN,2022,11,2022-11-20,DAL,MIN,0,Model B - Current,0.5060126099446,1
2022_11_CIN_PIT,2022,11,2022-11-20,CIN,PIT,0,Model B - Current,0.25090703014843446,0
2022_11_KC_LAC,2022,11,2022-11-20,KC,LAC,0,Model B - Current,0.2529182765387972,0
2022_11_SF_ARI,2022,11,2022-11-21,SF,ARI,0,Model B - Current,0.327412914402098,0
2022_12_BUF_DET,2022,12,2022-11-24,BUF,DET,0,Model B - Current,0.46271254770152137,0
2022_12_NYG_DAL,2022,12,2022-11-24,NYG,DAL,1,Model B - Current,0.714702199038544,1
2022_12_NE_MIN,2022,12,2022-11-24,NE,MIN,1,Model B - Current,0.3728260908514608,0
2022_12_DEN_CAR,2022,12,2022-11-27,DEN,CAR,1,Model B - Current,0.4634454089996928,0
2022_12_TB_CLE,2022,12,2022-11-27,TB,CLE,1,Model B - Current,0.5134706564116146,1
2022_12_BAL_JAX,2022,12,2022-11-27,BAL,JAX,1,Model B - Current,0.475834386690026,0
2022_12_HOU_MIA,2022,12,2022-11-27,HOU,MIA,1,Model B - Current,0.8823765243774924,1
2022_12_CHI_NYJ,2022,12,2022-11-27,CHI,NYJ,1,Model B - Current,0.4866873306081984,0
2022_12_CIN_TEN,2022,12,2022-11-27,CIN,TEN,0,Model B - Current,0.3996706096476705,0
2022_12_ATL_WAS,2022,12,2022-11-27,ATL,WAS,1,Model B - Current,0.5844115505062608,1
2022_12_LAC_ARI,2022,12,2022-11-27,LAC,ARI,0,Model B - Current,0.4884108468367207,0
2022_12_LV_SEA,2022,12,2022-11-27,LV,SEA,0,Model B - Current,0.7157507952247462,1
2022_12_LA_KC,2022,12,2022-11-27,LA,KC,1,Model B - Current,0.8115601987723089,1
2022_12_NO_SF,2022,12,2022-11-27,NO,SF,1,Model B - Current,0.7383308629348879,1
2022_12_GB_PHI,2022,12,2022-11-27,GB,PHI,1,Model B - Current,0.7581158173228875,1
2022_12_PIT_IND,2022,12,2022-11-28,PIT,IND,0,Model B - Current,0.6111089050493486,1
2022_13_BUF_NE,2022,13,2022-12-01,BUF,NE,0,Model B - Current,0.44684283507467104,0
2022_13_PIT_ATL,2022,13,2022-12-04,PIT,ATL,0,Model B - Current,0.5672874936184261,1
2022_13_DEN_BAL,2022,13,2022-12-04,DEN,BAL,1,Model B - Current,0.7925137443829798,1
2022_13_GB_CHI,2022,13,2022-12-04,GB,CHI,0,Model B - Current,0.4420056498560831,0
2022_13_JAX_DET,2022,13,2022-12-04,JAX,DET,1,Model B - Current,0.588179580119888,1
2022_13_CLE_HOU,2022,13,2022-12-04,CLE,HOU,0,Model B - Current,0.322802982632777,0
2022_13_NYJ_MIN,2022,13,2022-12-04,NYJ,MIN,1,Model B - Current,0.486394180977583,0
2022_13_TEN_PHI,2022,13,2022-12-04,TEN,PHI,1,Model B - Current,0.6641186699941951,1
2022_13_SEA_LA,2022,13,2022-12-04,SEA,LA,0,Model B - Current,0.27126994264186416,0
2022_13_MIA_SF,2022,13,2022-12-04,MIA,SF,1,Model B - Current,0.5818260993407851,1
2022_13_KC_CIN,2022,13,2022-12-04,KC,CIN,1,Model B - Current,0.4867493151932301,0
2022_13_LAC_LV,2022,13,2022-12-04,LAC,LV,1,Model B - Current,0.5847964158256213,1
2022_13_IND_DAL,2022,13,2022-12-04,IND,DAL,1,Model B - Current,0.7741143273405553,1
2022_13_NO_TB,2022,13,2022-12-05,NO,TB,1,Model B - Current,0.5548921277586264,1
2022_14_LV_LA,2022,14,2022-12-08,LV,LA,1,Model B - Current,0.387644970807485,0
2022_14_NYJ_BUF,2022,14,2022-12-11,NYJ,BUF,1,Model B - Current,0.7109217664545473,1
2022_14_CLE_CIN,2022,14,2022-12-11,CLE,CIN,1,Model B - Current,0.7179279938927468,1
2022_14_HOU_DAL,2022,14,2022-12-11,HOU,DAL,1,Model B - Current,0.8433193149604722,1
2022_14_MIN_DET,2022,14,2022-12-11,MIN,DET,1,Model B - Current,0.7327147978059194,1
2022_14_PHI_NYG,2022,14,2022-12-11,PHI,NYG,0,Model B - Current,0.32283828441695755,0
2022_14_BAL_PIT,2022,14,2022-12-11,BAL,PIT,0,Model B - Current,0.5600374219422414,1
2022_14_JAX_TEN,2022,14,2022-12-11,JAX,TEN,0,Model B - Current,0.4475736525008827,0
2022_14_KC_DEN,2022,14,2022-12-11,KC,DEN,0,Model B - Current,0.2586832047477888,0
2022_14_CAR_SEA,2022,14,2022-12-11,CAR,SEA,0,Model B - Current,0.7082947435814223,1
2022_14_TB_SF,2022,14,2022-12-11,TB,SF,1,Model B - Current,0.7171677253441118,1
2022_14_MIA_LAC,2022,14,2022-12-11,MIA,LAC,1,Model B - Current,0.3839854495429019,0
2022_14_NE_ARI,2022,14,2022-12-12,NE,ARI,0,Model B - Current,0.49328529424650286,0
2022_15_SF_SEA,2022,15,2022-12-15,SF,SEA,0,Model B - Current,0.36460052328829595,0
2022_15_IND_MIN,2022,15,2022-12-17,IND,MIN,1,Model B - Current,0.5894789288465924,1
2022_15_BAL_CLE,2022,15,2022-12-17,BAL,CLE,1,Model B - Current,0.4686004572961274,0
2022_15_MIA_BUF,2022,15,2022-12-17,MIA,BUF,1,Model B - Current,0.5980838877969937,1
2022_15_PIT_CAR,2022,15,2022-12-18,PIT,CAR,0,Model B - Current,0.46914400340156825,0
2022_15_PHI_CHI,2022,15,2022-12-18,PHI,CHI,0,Model B - Current,0.28796966937916035,0
2022_15_KC_HOU,2022,15,2022-12-18,KC,HOU,0,Model B - Current,0.2499707327105482,0
2022_15_DAL_JAX,2022,15,2022-12-18,DAL,JAX,1,Model B - Current,0.41011459713124543,0
2022_15_ATL_NO,2022,15,2022-12-18,ATL,NO,1,Model B - Current,0.5056894838502479,1
2022_15_DET_NYJ,2022,15,2022-12-18,DET,NYJ,0,Model B - Current,0.37901508378585386,0
2022_15_ARI_DEN,2022,15,2022-12-18,ARI,DEN,1,Model B - Current,0.48712095130387256,0
2022_15_NE_LV,2022,15,2022-12-18,NE,LV,1,Model B - Current,0.553623490829202,1
2022_15_TEN_LAC,2022,15,2022-12-18,TEN,LAC,1,Model B - Current,0.6065938876059864,1
2022_15_CIN_TB,2022,15,2022-12-18,CIN,TB,0,Model B - Current,0.3652409228548208,0
2022_15_NYG_WAS,2022,15,2022-12-18,NYG,WAS,0,Model B - Current,0.7124645435219453,1
2022_15_LA_GB,2022,15,2022-12-19,LA,GB,1,Model B - Current,0.7152683786841416,1
2022_16_JAX_NYJ,2022,16,2022-12-22,JAX,NYJ,0,Model B - Current,0.37592317346351356,0
2022_16_ATL_BAL,2022,16,2022-12-24,ATL,BAL,1,Model B - Current,0.5874522058446049,1
2022_16_DET_CAR,2022,16,2022-12-24,DET,CAR,1,Model B - Current,0.38919343913332577,0
2022_16_BUF_CHI,2022,16,2022-12-24,BUF,CHI,0,Model B - Current,0.3932976087236696,0
2022_16_NO_CLE,2022,16,2022-12-24,NO,CLE,0,Model B - Current,0.5319433036355073,1
2022_16_SEA_KC,2022,16,2022-12-24,SEA,KC,1,Model B - Current,0.7940722205330117,1
2022_16_NYG_MIN,2022,16,2022-12-24,NYG,MIN,1,Model B - Current,0.5174484092052725,1
2022_16_CIN_NE,2022,16,2022-12-24,CIN,NE,0,Model B - Current,0.3714958542336089,0
2022_16_HOU_TEN,2022,16,2022-12-24,HOU,TEN,0,Model B - Current,0.6404481810408716,1
2022_16_WAS_SF,2022,16,2022-12-24,WAS,SF,1,Model B - Current,0.7234002023387655,1
2022_16_PHI_DAL,2022,16,2022-12-24,PHI,DAL,1,Model B - Current,0.5683985113916641,1
2022_16_LV_PIT,2022,16,2022-12-24,LV,PIT,1,Model B - Current,0.6772175545931788,1
2022_16_GB_MIA,2022,16,2022-12-25,GB,MIA,0,Model B - Current,0.47223444092567024,0
2022_16_DEN_LA,2022,16,2022-12-25,DEN,LA,1,Model B - Current,0.4474158752753305,0
2022_16_TB_ARI,2022,16,2022-12-25,TB,ARI,0,Model B - Current,0.3935709679968453,0
2022_16_LAC_IND,2022,16,2022-12-26,LAC,IND,0,Model B - Current,0.43353349743486624,0
2022_17_DAL_TEN,2022,17,2022-12-29,DAL,TEN,0,Model B - Current,0.3188505083225694,0
2022_17_ARI_ATL,2022,17,2023-01-01,ARI,ATL,1,Model B - Current,0.7029355282810049,1
2022_17_CHI_DET,2022,17,2023-01-01,CHI,DET,1,Model B - Current,0.6908238875725176,1
2022_17_JAX_HOU,2022,17,2023-01-01,JAX,HOU,0,Model B - Current,0.3176315648393545,0
2022_17_DEN_KC,2022,17,2023-01-01,DEN,KC,1,Model B - Current,0.8373118798122805,1
2022_17_MIA_NE,2022,17,2023-01-01,MIA,NE,1,Model B - Current,0.486090285167513,0
2022_17_IND_NYG,2022,17,2023-01-01,IND,NYG,1,Model B - Current,0.737251702128983,1
2022_17_NO_PHI,2022,17,2023-01-01,NO,PHI,0,Model B - Current,0.6487503907731283,1
2022_17_CAR_TB,2022,17,2023-01-01,CAR,TB,1,Model B - Current,0.4846208673925832,0
2022_17_CLE_WAS,2022,17,2023-01-01,CLE,WAS,0,Model B - Current,0.5711523220769342,1
2022_17_SF_LV,2022,17,2023-01-01,SF,LV,0,Model B - Current,0.36102747914617744,0
2022_17_NYJ_SEA,2022,17,2023-01-01,NYJ,SEA,1,Model B - Current,0.5480153744140236,1
2022_17_MIN_GB,2022,17,2023-01-01,MIN,GB,1,Model B - Current,0.6117242256320883,1
2022_17_LA_LAC,2022,17,2023-01-01,LA,LAC,1,Model B - Current,0.6283962928310494,1
2022_17_PIT_BAL,2022,17,2023-01-01,PIT,BAL,0,Model B - Current,0.4835539375726402,0
2022_18_KC_LV,2022,18,2023-01-07,KC,LV,0,Model B - Current,0.2937052673214074,0
2022_18_TEN_JAX,2022,18,2023-01-07,TEN,JAX,1,Model B - Current,0.8016507064042412,1
2022_18_TB_ATL,2022,18,2023-01-08,TB,ATL,1,Model B - Current,0.4732441647788066,0
2022_18_NE_BUF,2022,18,2023-01-08,NE,BUF,1,Model B - Current,0.799491917273842,1
2022_18_MIN_CHI,2022,18,2023-01-08,MIN,CHI,0,Model B - Current,0.3411909605856017,0
2022_18_BAL_CIN,2022,18,2023-01-08,BAL,CIN,1,Model B - Current,0.6704955274055744,1
2022_18_HOU_IND,2022,18,2023-01-08,HOU,IND,0,Model B - Current,0.5257022421108541,1
2022_18_NYJ_MIA,2022,18,2023-01-08,NYJ,MIA,1,Model B - Current,0.6993167914263125,1
2022_18_CAR_NO,2022,18,2023-01-08,CAR,NO,0,Model B - Current,0.5725910510195276,1
2022_18_CLE_PIT,2022,18,2023-01-08,CLE,PIT,1,Model B - Current,0.6985175440958625,1
2022_18_LAC_DEN,2022,18,2023-01-08,LAC,DEN,1,Model B - Current,0.21779749061774184,0
2022_18_NYG_PHI,2022,18,2023-01-08,NYG,PHI,1,Model B - Current,0.42545583268419745,0
2022_18_LA_SEA,2022,18,2023-01-08,LA,SEA,1,Model B - Current,0.5201398328436722,1
2022_18_ARI_SF,2022,18,2023-01-08,ARI,SF,1,Model B - Current,0.821750400929217,1
2022_18_DAL_WAS,2022,18,2023-01-08,DAL,WAS,1,Model B - Current,0.30488083291554535,0
2022_18_DET_GB,2022,18,2023-01-08,DET,GB,0,Model B - Current,0.5588220689646538,1
2022_01_BUF_LA,2022,1,2022-09-08,BUF,LA,0,Model C - Efficiency,0.421027903753718,0
2022_01_NO_ATL,2022,1,2022-09-11,NO,ATL,0,Model C - Efficiency,0.3662602845746305,0
2022_01_CLE_CAR,2022,1,2022-09-11,CLE,CAR,0,Model C - Efficiency,0.342921849133338,0
2022_01_SF_CHI,2022,1,2022-09-11,SF,CHI,1,Model C - Efficiency,0.3322675572429902,0
2022_01_PIT_CIN,2022,1,2022-09-11,PIT,CIN,0,Model C - Efficiency,0.5669104958956283,1
2022_01_PHI_DET,2022,1,2022-09-11,PHI,DET,0,Model C - Efficiency,0.5346199232156357,1
2022_01_NE_MIA,2022,1,2022-09-11,NE,MIA,1,Model C - Efficiency,0.29188367881564964,0
2022_01_BAL_NYJ,2022,1,2022-09-11,BAL,NYJ,0,Model C - Efficiency,0.3605812876824847,0
2022_01_JAX_WAS,2022,1,2022-09-11,JAX,WAS,1,Model C - Efficiency,0.5785346667783217,1
2022_01_KC_ARI,2022,1,2022-09-11,KC,ARI,0,Model C - Efficiency,0.3393112047255746,0
2022_01_LV_LAC,2022,1,2022-09-11,LV,LAC,1,Model C - Efficiency,0.6911860108107358,1
2022_01_GB_MIN,2022,1,2022-09-11,GB,MIN,1,Model C - Efficiency,0.2834727767619178,0
2022_01_NYG_TEN,2022,1,2022-09-11,NYG,TEN,0,Model C - Efficiency,0.8418939408543963,1
2022_01_TB_DAL,2022,1,2022-09-11,TB,DAL,0,Model C - Efficiency,0.6157256971464034,1
2022_01_DEN_SEA,2022,1,2022-09-12,DEN,SEA,1,Model C - Efficiency,0.6428889796202353,1
2022_02_LAC_KC,2022,2,2022-09-15,LAC,KC,1,Model C - Efficiency,0.665961488725559,1
2022_02_MIA_BAL,2022,2,2022-09-18,MIA,BAL,0,Model C - Efficiency,0.4578474210162764,0
2022_02_NYJ_CLE,2022,2,2022-09-18,NYJ,CLE,0,Model C - Efficiency,0.7456694453343615,1
2022_02_WAS_DET,2022,2,2022-09-18,WAS,DET,1,Model C - Efficiency,0.5462916640652342,1
2022_02_IND_JAX,2022,2,2022-09-18,IND,JAX,1,Model C - Efficiency,0.49071658732658957,0
2022_02_TB_NO,2022,2,2022-09-18,TB,NO,0,Model C - Efficiency,0.37402405411772954,0
2022_02_CAR_NYG,2022,2,2022-09-18,CAR,NYG,1,Model C - Efficiency,0.4982385581011241,0
2022_02_NE_PIT,2022,2,2022-09-18,NE,PIT,0,Model C - Efficiency,0.29544835158803984,0
2022_02_ATL_LA,2022,2,2022-09-18,ATL,LA,1,Model C - Efficiency,0.6537079081623955,1
2022_02_SEA_SF,2022,2,2022-09-18,SEA,SF,1,Model C - Efficiency,0.6146141724942937,1
2022_02_CIN_DAL,2022,2,2022-09-18,CIN,DAL,1,Model C - Efficiency,0.7475536308942052,1
2022_02_HOU_DEN,2022,2,2022-09-18,HOU,DEN,1,Model C - Efficiency,0.6423770470582898,1
2022_02_ARI_LV,2022,2,2022-09-18,ARI,LV,0,Model C - Efficiency,0.5682720339845303,1
2022_02_CHI_GB,2022,2,2022-09-18,CHI,GB,1,Model C - Efficiency,0.7614124931896946,1
2022_02_TEN_BUF,2022,2,2022-09-19,TEN,BUF,1,Model C - Efficiency,0.7515020605331245,1
2022_02_MIN_PHI,2022,2,2022-09-19,MIN,PHI,1,Model C - Efficiency,0.6069128908825967,1
2022_03_PIT_CLE,2022,3,2022-09-22,PIT,CLE,1,Model C - Efficiency,0.6225652261768015,1
2022_03_NO_CAR,2022,3,2022-09-25,NO,CAR,1,Model C - Efficiency,0.32803479533298846,0
2022_03_HOU_CHI,2022,3,2022-09-25,HOU,CHI,1,Model C - Efficiency,0.49824116582054856,0
2022_03_KC_IND,2022,3,2022-09-25,KC,IND,1,Model C - Efficiency,0.25798987570694415,0
2022_03_BUF_MIA,2022,3,2022-09-25,BUF,MIA,1,Model C - Efficiency,0.3744382258442667,0
2022_03_DET_MIN,2022,3,2022-09-25,DET,MIN,1,Model C - Efficiency,0.6220622018108681,1
2022_03_BAL_NE,2022,3,2022-09-25,BAL,NE,0,Model C - Efficiency,0.7029264626862135,1
2022_03_CIN_NYJ,2022,3,2022-09-25,CIN,NYJ,0,Model C - Efficiency,0.4308052322463124,0
2022_03_LV_TEN,2022,3,2022-09-25,LV,TEN,1,Model C - Efficiency,0.5604645263791107,1
2022_03_PHI_WAS,2022,3,2022-09-25,PHI,WAS,0,Model C - Efficiency,0.39368760277752995,0
2022_03_JAX_LAC,2022,3,2022-09-25,JAX,LAC,0,Model C - Efficiency,0.6803777024005679,1
2022_03_LA_ARI,2022,3,2022-09-25,LA,ARI,0,Model C - Efficiency,0.49404452685124656,0
2022_03_ATL_SEA,2022,3,2022-09-25,ATL,SEA,0,Model C - Efficiency,0.5975230592086215,1
2022_03_GB_TB,2022,3,2022-09-25,GB,TB,0,Model C - Efficiency,0.6076878484366562,1
2022_03_SF_DEN,2022,3,2022-09-25,SF,DEN,1,Model C - Efficiency,0.5134786423661386,1
2022_03_DAL_NYG,2022,3,2022-09-26,DAL,NYG,0,Model C - Efficiency,0.3040333575786992,0
2022_04_MIA_CIN,2022,4,2022-09-29,MIA,CIN,1,Model C - Efficiency,0.41466624935762086,0
2022_04_MIN_NO,2022,4,2022-10-02,MIN,NO,0,Model C - Efficiency,0.5783249220469467,1
2022_04_CLE_ATL,2022,4,2022-10-02,CLE,ATL,1,Model C - Efficiency,0.554674105395563,1
2022_04_BUF_BAL,2022,4,2022-10-02,BUF,BAL,0,Model C - Efficiency,0.30508176550883415,0
2022_04_WAS_DAL,2022,4,2022-10-02,WAS,DAL,1,Model C - Efficiency,0.6420712807427713,1
2022_04_SEA_DET,2022,4,2022-10-02,SEA,DET,0,Model C - Efficiency,0.47843410928918884,0
2022_04_LAC_HOU,2022,4,2022-10-02,LAC,HOU,0,Model C - Efficiency,0.40387884326924717,0
2022_04_TEN_IND,2022,4,2022-10-02,TEN,IND,0,Model C - Efficiency,0.5203703249118738,1
2022_04_CHI_NYG,2022,4,2022-10-02,CHI,NYG,1,Model C - Efficiency,0.5340493487328041,1
2022_04_JAX_PHI,2022,4,2022-10-02,JAX,PHI,1,Model C - Efficiency,0.5669605862062139,1
2022_04_NYJ_PIT,2022,4,2022-10-02,NYJ,PIT,0,Model C - Efficiency,0.6762358245765396,1
2022_04_ARI_CAR,2022,4,2022-10-02,ARI,CAR,0,Model C - Efficiency,0.500617747118458,1
2022_04_NE_GB,2022,4,2022-10-02,NE,GB,1,Model C - Efficiency,0.5849559067040855,1
2022_04_DEN_LV,2022,4,2022-10-02,DEN,LV,1,Model C - Efficiency,0.48495864250097187,0
2022_04_KC_TB,2022,4,2022-10-02,KC,TB,0,Model C - Efficiency,0.4497735825676682,0
2022_04_LA_SF,2022,4,2022-10-03,LA,SF,1,Model C - Efficiency,0.5466929640308037,1
2022_05_IND_DEN,2022,5,2022-10-06,IND,DEN,0,Model C - Efficiency,0.5241682049770888,1
2022_05_NYG_GB,2022,5,2022-10-09,NYG,GB,0,Model C - Efficiency,0.6568361511342918,1
2022_05_PIT_BUF,2022,5,2022-10-09,PIT,BUF,1,Model C - Efficiency,0.8190369985777567,1
2022_05_LAC_CLE,2022,5,2022-10-09,LAC,CLE,0,Model C - Efficiency,0.4934193226566334,0
2022_05_HOU_JAX,2022,5,2022-10-09,HOU,JAX,0,Model C - Efficiency,0.7757347924580629,1
2022_05_CHI_MIN,2022,5,2022-10-09,CHI,MIN,1,Model C - Efficiency,0.7688848576055671,1
2022_05_DET_NE,2022,5,2022-10-09,DET,NE,1,Model C - Efficiency,0.6982822787561845,1
2022_05_SEA_NO,2022,5,2022-10-09,SEA,NO,1,Model C - Efficiency,0.674294251256525,1
2022_05_MIA_NYJ,2022,5,2022-10-09,MIA,NYJ,1,Model C - Efficiency,0.32388707515726844,0
2022_05_ATL_TB,2022,5,2022-10-09,ATL,TB,1,Model C - Efficiency,0.6149345408717243,1
2022_05_TEN_WAS,2022,5,2022-10-09,TEN,WAS,0,Model C - Efficiency,0.3675337484948817,0
2022_05_SF_CAR,2022,5,2022-10-09,SF,CAR,0,Model C - Efficiency,0.39141769466972637,0
2022_05_PHI_ARI,2022,5,2022-10-09,PHI,ARI,0,Model C - Efficiency,0.34360055538006024,0
2022_05_DAL_LA,2022,5,2022-10-09,DAL,LA,0,Model C - Efficiency,0.5739457691790912,1
2022_05_CIN_BAL,2022,5,2022-10-09,CIN,BAL,1,Model C - Efficiency,0.5430307091771399,1
2022_05_LV_KC,2022,5,2022-10-10,LV,KC,1,Model C - Efficiency,0.7680512781547387,1
2022_06_WAS_CHI,2022,6,2022-10-13,WAS,CHI,0,Model C - Efficiency,0.45917980978819967,0
2022_06_SF_ATL,2022,6,2022-10-16,SF,ATL,1,Model C - Efficiency,0.4821149523103858,0
2022_06_NE_CLE,2022,6,2022-10-16,NE,CLE,0,Model C - Efficiency,0.45857396334244854,0
2022_06_NYJ_GB,2022,6,2022-10-16,NYJ,GB,0,Model C - Efficiency,0.6149416535226975,1
2022_06_JAX_IND,2022,6,2022-10-16,JAX,IND,1,Model C - Efficiency,0.44853916464219074,0
2022_06_MIN_MIA,2022,6,2022-10-16,MIN,MIA,0,Model C - Efficiency,0.4656605830423107,0
2022_06_CIN_NO,2022,6,2022-10-16,CIN,NO,0,Model C - Efficiency,0.6662257225179807,1
2022_06_BAL_NYG,2022,6,2022-10-16,BAL,NYG,1,Model C - Efficiency,0.5153232473066536,1
2022_06_TB_PIT,2022,6,2022-10-16,TB,PIT,1,Model C - Efficiency,0.2847600322371286,0
2022_06_CAR_LA,2022,6,2022-10-16,CAR,LA,1,Model C - Efficiency,0.6763611005914674,1
2022_06_ARI_SEA,2022,6,2022-10-16,ARI,SEA,1,Model C - Efficiency,0.5617004086784619,1
2022_06_BUF_KC,2022,6,2022-10-16,BUF,KC,0,Model C - Efficiency,0.480873101221082,0
2022_06_DAL_PHI,2022,6,2022-10-16,DAL,PHI,1,Model C - Efficiency,0.7802183246827922,1
2022_06_DEN_LAC,2022,6,2022-10-17,DEN,LAC,1,Model C - Efficiency,0.6338117004836608,1
2022_07_NO_ARI,2022,7,2022-10-20,NO,ARI,1,Model C - Efficiency,0.39268948854063673,0
2022_07_CLE_BAL,2022,7,2022-10-23,CLE,BAL,1,Model C - Efficiency,0.6860876978448315,1
2022_07_TB_CAR,2022,7,2022-10-23,TB,CAR,1,Model C - Efficiency,0.19416132483988482,0
2022_07_ATL_CIN,2022,7,2022-10-23,ATL,CIN,1,Model C - Efficiency,0.5741791123142137,1
2022_07_DET_DAL,2022,7,2022-10-23,DET,DAL,1,Model C - Efficiency,0.6292554687477017,1
2022_07_NYG_JAX,2022,7,2022-10-23,NYG,JAX,0,Model C - Efficiency,0.6007173862600912,1
2022_07_IND_TEN,2022,7,2022-10-23,IND,TEN,1,Model C - Efficiency,0.6134204804299751,1
2022_07_GB_WAS,2022,7,2022-10-23,GB,WAS,1,Model C - Efficiency,0.4488195259913499,0
2022_07_NYJ_DEN,2022,7,2022-10-23,NYJ,DEN,0,Model C - Efficiency,0.47064082441551824,0
2022_07_HOU_LV,2022,7,2022-10-23,HOU,LV,1,Model C - Efficiency,0.6274692857774422,1
2022_07_SEA_LAC,2022,7,2022-10-23,SEA,LAC,0,Model C - Efficiency,0.5427194874194033,1
2022_07_KC_SF,2022,7,2022-10-23,KC,SF,0,Model C - Efficiency,0.5407996261861752,1
2022_07_PIT_MIA,2022,7,2022-10-23,PIT,MIA,1,Model C - Efficiency,0.6676715688081959,1
2022_07_CHI_NE,2022,7,2022-10-24,CHI,NE,0,Model C - Efficiency,0.7742184125408015,1
2022_08_BAL_TB,2022,8,2022-10-27,BAL,TB,0,Model C - Efficiency,0.5942913033949239,1
2022_08_DEN_JAX,2022,8,2022-10-30,DEN,JAX,0,Model C - Efficiency,0.7074102044479119,1
2022_08_CAR_ATL,2022,8,2022-10-30,CAR,ATL,1,Model C - Efficiency,0.6830472432411446,1
2022_08_CHI_DAL,2022,8,2022-10-30,CHI,DAL,1,Model C - Efficiency,0.6327707203855013,1
2022_08_MIA_DET,2022,8,2022-10-30,MIA,DET,0,Model C - Efficiency,0.3898724974877223,0
2022_08_ARI_MIN,2022,8,2022-10-30,ARI,MIN,1,Model C - Efficiency,0.6561768381397197,1
2022_08_LV_NO,2022,8,2022-10-30,LV,NO,1,Model C - Efficiency,0.5920323725426196,1
2022_08_NE_NYJ,2022,8,2022-10-30,NE,NYJ,0,Model C - Efficiency,0.4749984078124369,0
2022_08_PIT_PHI,2022,8,2022-10-30,PIT,PHI,1,Model C - Efficiency,0.7893391832972784,1
2022_08_TEN_HOU,2022,8,2022-10-30,TEN,HOU,0,Model C - Efficiency,0.41621376617107664,0
2022_08_WAS_IND,2022,8,2022-10-30,WAS,IND,0,Model C - Efficiency,0.6716343584678618,1
2022_08_SF_LA,2022,8,2022-10-30,SF,LA,0,Model C - Efficiency,0.5801336006940138,1
2022_08_NYG_SEA,2022,8,2022-10-30,NYG,SEA,1,Model C - Efficiency,0.5387121162820175,1
2022_08_GB_BUF,2022,8,2022-10-30,GB,BUF,1,Model C - Efficiency,0.7902211408252973,1
2022_08_CIN_CLE,2022,8,2022-10-31,CIN,CLE,1,Model C - Efficiency,0.3278096839506902,0
2022_09_PHI_HOU,2022,9,2022-11-03,PHI,HOU,0,Model C - Efficiency,0.18252155185140984,0
2022_09_LAC_ATL,2022,9,2022-11-06,LAC,ATL,0,Model C - Efficiency,0.5811296807322115,1
2022_09_MIA_CHI,2022,9,2022-11-06,MIA,CHI,0,Model C - Efficiency,0.3615810756711926,0
2022_09_CAR_CIN,2022,9,2022-11-06,CAR,CIN,1,Model C - Efficiency,0.7359353979456531,1
2022_09_GB_DET,2022,9,2022-11-06,GB,DET,1,Model C - Efficiency,0.5036542772887472,1
2022_09_LV_JAX,2022,9,2022-11-06,LV,JAX,1,Model C - Efficiency,0.6286462394011841,1
2022_09_IND_NE,2022,9,2022-11-06,IND,NE,1,Model C - Efficiency,0.5376010057355338,1
2022_09_BUF_NYJ,2022,9,2022-11-06,BUF,NYJ,1,Model C - Efficiency,0.28404975341555416,0
2022_09_MIN_WAS,2022,9,2022-11-06,MIN,WAS,0,Model C - Efficiency,0.399941320761112,0
2022_09_SEA_ARI,2022,9,2022-11-06,SEA,ARI,0,Model C - Efficiency,0.5213103594501843,1
2022_09_LA_TB,2022,9,2022-11-06,LA,TB,1,Model C - Efficiency,0.6643605592267382,1
2022_09_TEN_KC,2022,9,2022-11-06,TEN,KC,1,Model C - Efficiency,0.721264511644004,1
2022_09_BAL_NO,2022,9,2022-11-07,BAL,NO,0,Model C - Efficiency,0.683555452978075,1
2022_10_ATL_CAR,2022,10,2022-11-10,ATL,CAR,1,Model C - Efficiency,0.3631389651193633,0
2022_10_SEA_TB,2022,10,2022-11-13,SEA,TB,1,Model C - Efficiency,0.5167450938665841,1
2022_10_MIN_BUF,2022,10,2022-11-13,MIN,BUF,0,Model C - Efficiency,0.6486551832055358,1
2022_10_DET_CHI,2022,10,2022-11-13,DET,CHI,0,Model C - Efficiency,0.44689848612836747,0
2022_10_JAX_KC,2022,10,2022-11-13,JAX,KC,1,Model C - Efficiency,0.5827861935202301,1
2022_10_CLE_MIA,2022,10,2022-11-13,CLE,MIA,1,Model C - Efficiency,0.5134579085898905,1
2022_10_HOU_NYG,2022,10,2022-11-13,HOU,NYG,1,Model C - Efficiency,0.7377160764217177,1
2022_10_NO_PIT,2022,10,2022-11-13,NO,PIT,1,Model C - Efficiency,0.337108527632508,0
2022_10_DEN_TEN,2022,10,2022-11-13,DEN,TEN,1,Model C - Efficiency,0.47740184912632105,0
2022_10_IND_LV,2022,10,2022-11-13,IND,LV,0,Model C - Efficiency,0.5776721440225835,1
2022_10_DAL_GB,2022,10,2022-11-13,DAL,GB,1,Model C - Efficiency,0.34657148417288963,0
2022_10_ARI_LA,2022,10,2022-11-13,ARI,LA,0,Model C - Efficiency,0.4775949889373759,0
2022_10_LAC_SF,2022,10,2022-11-13,LAC,SF,1,Model C - Efficiency,0.7168433628312956,1
2022_10_WAS_PHI,2022,10,2022-11-14,WAS,PHI,0,Model C - Efficiency,0.8334788903951466,1
2022_11_TEN_GB,2022,11,2022-11-17,TEN,GB,0,Model C - Efficiency,0.6254542409438277,1
2022_11_CHI_ATL,2022,11,2022-11-20,CHI,ATL,1,Model C - Efficiency,0.6183643237594137,1
2022_11_CAR_BAL,2022,11,2022-11-20,CAR,BAL,1,Model C - Efficiency,0.7504393740191503,1
2022_11_CLE_BUF,2022,11,2022-11-20,CLE,BUF,1,Model C - Efficiency,0.6751693862857457,1
2022_11_WAS_HOU,2022,11,2022-11-20,WAS,HOU,0,Model C - Efficiency,0.379593163213128,0
2022_11_PHI_IND,2022,11,2022-11-20,PHI,IND,0,Model C - Efficiency,0.3346783428456646,0
2022_11_NYJ_NE,2022,11,2022-11-20,NYJ,NE,1,Model C - Efficiency,0.5116439688675446,1
2022_11_LA_NO,2022,11,2022-11-20,LA,NO,1,Model C - Efficiency,0.6596205519315189,1
2022_11_DET_NYG,2022,11,2022-11-20,DET,NYG,0,Model C - Efficiency,0.5190619894025561,1
2022_11_LV_DEN,2022,11,2022-11-20,LV,DEN,0,Model C - Efficiency,0.5726289799933442,1
2022_11_DAL_MIN,2022,11,2022-11-20,DAL,MIN,0,Model C - Efficiency,0.5160591660988469,1
2022_11_CIN_PIT,2022,11,2022-11-20,CIN,PIT,0,Model C - Efficiency,0.2642148983756446,0
2022_11_KC_LAC,2022,11,2022-11-20,KC,LAC,0,Model C - Efficiency,0.2524377321440606,0
2022_11_SF_ARI,2022,11,2022-11-21,SF,ARI,0,Model C - Efficiency,0.3398064318814039,0
2022_12_BUF_DET,2022,12,2022-11-24,BUF,DET,0,Model C - Efficiency,0.45766144030593886,0
2022_12_NYG_DAL,2022,12,2022-11-24,NYG,DAL,1,Model C - Efficiency,0.7091598316765714,1
2022_12_NE_MIN,2022,12,2022-11-24,NE,MIN,1,Model C - Efficiency,0.38609412546627125,0
2022_12_DEN_CAR,2022,12,2022-11-27,DEN,CAR,1,Model C - Efficiency,0.4484719299841228,0
2022_12_TB_CLE,2022,12,2022-11-27,TB,CLE,1,Model C - Efficiency,0.5059836906893856,1
2022_12_BAL_JAX,2022,12,2022-11-27,BAL,JAX,1,Model C - Efficiency,0.4803885538711836,0
2022_12_HOU_MIA,2022,12,2022-11-27,HOU,MIA,1,Model C - Efficiency,0.883033399010714,1
2022_12_CHI_NYJ,2022,12,2022-11-27,CHI,NYJ,1,Model C - Efficiency,0.46968701231058657,0
2022_12_CIN_TEN,2022,12,2022-11-27,CIN,TEN,0,Model C - Efficiency,0.39193607315065143,0
2022_12_ATL_WAS,2022,12,2022-11-27,ATL,WAS,1,Model C - Efficiency,0.6071927273993215,1
2022_12_LAC_ARI,2022,12,2022-11-27,LAC,ARI,0,Model C - Efficiency,0.49379349683205426,0
2022_12_LV_SEA,2022,12,2022-11-27,LV,SEA,0,Model C - Efficiency,0.7087369888064404,1
2022_12_LA_KC,2022,12,2022-11-27,LA,KC,1,Model C - Efficiency,0.8178171800575211,1
2022_12_NO_SF,2022,12,2022-11-27,NO,SF,1,Model C - Efficiency,0.7426909246761686,1
2022_12_GB_PHI,2022,12,2022-11-27,GB,PHI,1,Model C - Efficiency,0.7473956872203457,1
2022_12_PIT_IND,2022,12,2022-11-28,PIT,IND,0,Model C - Efficiency,0.5951642435703095,1
2022_13_BUF_NE,2022,13,2022-12-01,BUF,NE,0,Model C - Efficiency,0.43239301812602804,0
2022_13_PIT_ATL,2022,13,2022-12-04,PIT,ATL,0,Model C - Efficiency,0.5398391602221833,1
2022_13_DEN_BAL,2022,13,2022-12-04,DEN,BAL,1,Model C - Efficiency,0.791435660976837,1
2022_13_GB_CHI,2022,13,2022-12-04,GB,CHI,0,Model C - Efficiency,0.4534576644520866,0
2022_13_JAX_DET,2022,13,2022-12-04,JAX,DET,1,Model C - Efficiency,0.5844392511574886,1
2022_13_CLE_HOU,2022,13,2022-12-04,CLE,HOU,0,Model C - Efficiency,0.30630294673205155,0
2022_13_NYJ_MIN,2022,13,2022-12-04,NYJ,MIN,1,Model C - Efficiency,0.5025074950214499,1
2022_13_TEN_PHI,2022,13,2022-12-04,TEN,PHI,1,Model C - Efficiency,0.6736961810925209,1
2022_13_SEA_LA,2022,13,2022-12-04,SEA,LA,0,Model C - Efficiency,0.2744191115827972,0
2022_13_MIA_SF,2022,13,2022-12-04,MIA,SF,1,Model C - Efficiency,0.5784722469929515,1
2022_13_KC_CIN,2022,13,2022-12-04,KC,CIN,1,Model C - Efficiency,0.47732984992666294,0
2022_13_LAC_LV,2022,13,2022-12-04,LAC,LV,1,Model C - Efficiency,0.586332518584137,1
2022_13_IND_DAL,2022,13,2022-12-04,IND,DAL,1,Model C - Efficiency,0.7785323445578949,1
2022_13_NO_TB,2022,13,2022-12-05,NO,TB,1,Model C - Efficiency,0.5832349839081579,1
2022_14_LV_LA,2022,14,2022-12-08,LV,LA,1,Model C - Efficiency,0.38187014738453257,0
2022_14_NYJ_BUF,2022,14,2022-12-11,NYJ,BUF,1,Model C - Efficiency,0.7120315200806474,1
2022_14_CLE_CIN,2022,14,2022-12-11,CLE,CIN,1,Model C - Efficiency,0.7125160013207751,1
2022_14_HOU_DAL,2022,14,2022-12-11,HOU,DAL,1,Model C - Efficiency,0.8500536739250212,1
2022_14_MIN_DET,2022,14,2022-12-11,MIN,DET,1,Model C - Efficiency,0.7305061945008462,1
2022_14_PHI_NYG,2022,14,2022-12-11,PHI,NYG,0,Model C - Efficiency,0.32317587614327714,0
2022_14_BAL_PIT,2022,14,2022-12-11,BAL,PIT,0,Model C - Efficiency,0.5629776418423268,1
2022_14_JAX_TEN,2022,14,2022-12-11,JAX,TEN,0,Model C - Efficiency,0.43984097897484875,0
2022_14_KC_DEN,2022,14,2022-12-11,KC,DEN,0,Model C - Efficiency,0.2554260713339582,0
2022_14_CAR_SEA,2022,14,2022-12-11,CAR,SEA,0,Model C - Efficiency,0.7069145612213292,1
2022_14_TB_SF,2022,14,2022-12-11,TB,SF,1,Model C - Efficiency,0.707716992894067,1
2022_14_MIA_LAC,2022,14,2022-12-11,MIA,LAC,1,Model C - Efficiency,0.4089654526885698,0
2022_14_NE_ARI,2022,14,2022-12-12,NE,ARI,0,Model C - Efficiency,0.5172100606701838,1
2022_15_SF_SEA,2022,15,2022-12-15,SF,SEA,0,Model C - Efficiency,0.3590357228612206,0
2022_15_IND_MIN,2022,15,2022-12-17,IND,MIN,1,Model C - Efficiency,0.5904978417475517,1
2022_15_BAL_CLE,2022,15,2022-12-17,BAL,CLE,1,Model C - Efficiency,0.476034453882523,0
2022_15_MIA_BUF,2022,15,2022-12-17,MIA,BUF,1,Model C - Efficiency,0.6139931756994313,1
2022_15_PIT_CAR,2022,15,2022-12-18,PIT,CAR,0,Model C - Efficiency,0.47069518071067235,0
2022_15_PHI_CHI,2022,15,2022-12-18,PHI,CHI,0,Model C - Efficiency,0.28189218491767715,0
2022_15_KC_HOU,2022,15,2022-12-18,KC,HOU,0,Model C - Efficiency,0.245381518852305,0
2022_15_DAL_JAX,2022,15,2022-12-18,DAL,JAX,1,Model C - Efficiency,0.4047520780555637,0
2022_15_ATL_NO,2022,15,2022-12-18,ATL,NO,1,Model C - Efficiency,0.5082186803429557,1
2022_15_DET_NYJ,2022,15,2022-12-18,DET,NYJ,0,Model C - Efficiency,0.3830620251805763,0
2022_15_ARI_DEN,2022,15,2022-12-18,ARI,DEN,1,Model C - Efficiency,0.4811530681463737,0
2022_15_NE_LV,2022,15,2022-12-18,NE,LV,1,Model C - Efficiency,0.5681442752550955,1
2022_15_TEN_LAC,2022,15,2022-12-18,TEN,LAC,1,Model C - Efficiency,0.6300063136143869,1
2022_15_CIN_TB,2022,15,2022-12-18,CIN,TB,0,Model C - Efficiency,0.3848741825973017,0
2022_15_NYG_WAS,2022,15,2022-12-18,NYG,WAS,0,Model C - Efficiency,0.721237741588612,1
2022_15_LA_GB,2022,15,2022-12-19,LA,GB,1,Model C - Efficiency,0.7134330640412171,1
2022_16_JAX_NYJ,2022,16,2022-12-22,JAX,NYJ,0,Model C - Efficiency,0.38072006622550947,0
2022_16_ATL_BAL,2022,16,2022-12-24,ATL,BAL,1,Model C - Efficiency,0.5929875922891662,1
2022_16_DET_CAR,2022,16,2022-12-24,DET,CAR,1,Model C - Efficiency,0.37415399670741284,0
2022_16_BUF_CHI,2022,16,2022-12-24,BUF,CHI,0,Model C - Efficiency,0.3812770542970276,0
2022_16_NO_CLE,2022,16,2022-12-24,NO,CLE,0,Model C - Efficiency,0.5536793138437157,1
2022_16_SEA_KC,2022,16,2022-12-24,SEA,KC,1,Model C - Efficiency,0.801669551094532,1
2022_16_NYG_MIN,2022,16,2022-12-24,NYG,MIN,1,Model C - Efficiency,0.5367917425484716,1
2022_16_CIN_NE,2022,16,2022-12-24,CIN,NE,0,Model C - Efficiency,0.3680902042878519,0
2022_16_HOU_TEN,2022,16,2022-12-24,HOU,TEN,0,Model C - Efficiency,0.6374547171680247,1
2022_16_WAS_SF,2022,16,2022-12-24,WAS,SF,1,Model C - Efficiency,0.7150566965118881,1
2022_16_PHI_DAL,2022,16,2022-12-24,PHI,DAL,1,Model C - Efficiency,0.5714264634366794,1
2022_16_LV_PIT,2022,16,2022-12-24,LV,PIT,1,Model C - Efficiency,0.6770186311170109,1
2022_16_GB_MIA,2022,16,2022-12-25,GB,MIA,0,Model C - Efficiency,0.46462347172872615,0
2022_16_DEN_LA,2022,16,2022-12-25,DEN,LA,1,Model C - Efficiency,0.43286133165831364,0
2022_16_TB_ARI,2022,16,2022-12-25,TB,ARI,0,Model C - Efficiency,0.3850940355104141,0
2022_16_LAC_IND,2022,16,2022-12-26,LAC,IND,0,Model C - Efficiency,0.43307774537531385,0
2022_17_DAL_TEN,2022,17,2022-12-29,DAL,TEN,0,Model C - Efficiency,0.3011135425993759,0
2022_17_ARI_ATL,2022,17,2023-01-01,ARI,ATL,1,Model C - Efficiency,0.6904044756440366,1
2022_17_CHI_DET,2022,17,2023-01-01,CHI,DET,1,Model C - Efficiency,0.7041869049494741,1
2022_17_JAX_HOU,2022,17,2023-01-01,JAX,HOU,0,Model C - Efficiency,0.30943249732688155,0
2022_17_DEN_KC,2022,17,2023-01-01,DEN,KC,1,Model C - Efficiency,0.8342447501591211,1
2022_17_MIA_NE,2022,17,2023-01-01,MIA,NE,1,Model C - Efficiency,0.4952606226002648,0
2022_17_IND_NYG,2022,17,2023-01-01,IND,NYG,1,Model C - Efficiency,0.7375876685661844,1
2022_17_NO_PHI,2022,17,2023-01-01,NO,PHI,0,Model C - Efficiency,0.672610003696178,1
2022_17_CAR_TB,2022,17,2023-01-01,CAR,TB,1,Model C - Efficiency,0.5114462294102406,1
2022_17_CLE_WAS,2022,17,2023-01-01,CLE,WAS,0,Model C - Efficiency,0.5749876112752169,1
2022_17_SF_LV,2022,17,2023-01-01,SF,LV,0,Model C - Efficiency,0.36427594377659306,0
2022_17_NYJ_SEA,2022,17,2023-01-01,NYJ,SEA,1,Model C - Efficiency,0.5485939154774232,1
2022_17_MIN_GB,2022,17,2023-01-01,MIN,GB,1,Model C - Efficiency,0.5923483936380928,1
2022_17_LA_LAC,2022,17,2023-01-01,LA,LAC,1,Model C - Efficiency,0.6453434222193954,1
2022_17_PIT_BAL,2022,17,2023-01-01,PIT,BAL,0,Model C - Efficiency,0.4713825715499869,0
2022_18_KC_LV,2022,18,2023-01-07,KC,LV,0,Model C - Efficiency,0.2984458119259433,0
2022_18_TEN_JAX,2022,18,2023-01-07,TEN,JAX,1,Model C - Efficiency,0.8031158402848408,1
2022_18_TB_ATL,2022,18,2023-01-08,TB,ATL,1,Model C - Efficiency,0.4493402394723219,0
2022_18_NE_BUF,2022,18,2023-01-08,NE,BUF,1,Model C - Efficiency,0.8051515949881564,1
2022_18_MIN_CHI,2022,18,2023-01-08,MIN,CHI,0,Model C - Efficiency,0.32508579944009297,0
2022_18_BAL_CIN,2022,18,2023-01-08,BAL,CIN,1,Model C - Efficiency,0.6876653825066229,1
2022_18_HOU_IND,2022,18,2023-01-08,HOU,IND,0,Model C - Efficiency,0.5239746553203575,1
2022_18_NYJ_MIA,2022,18,2023-01-08,NYJ,MIA,1,Model C - Efficiency,0.6862849145498839,1
2022_18_CAR_NO,2022,18,2023-01-08,CAR,NO,0,Model C - Efficiency,0.5657078069547072,1
2022_18_CLE_PIT,2022,18,2023-01-08,CLE,PIT,1,Model C - Efficiency,0.7028620038188538,1
2022_18_LAC_DEN,2022,18,2023-01-08,LAC,DEN,1,Model C - Efficiency,0.22002213719213415,0
2022_18_NYG_PHI,2022,18,2023-01-08,NYG,PHI,1,Model C - Efficiency,0.4304338839431195,0
2022_18_LA_SEA,2022,18,2023-01-08,LA,SEA,1,Model C - Efficiency,0.5444051632992101,1
2022_18_ARI_SF,2022,18,2023-01-08,ARI,SF,1,Model C - Efficiency,0.8080796302344563,1
2022_18_DAL_WAS,2022,18,2023-01-08,DAL,WAS,1,Model C - Efficiency,0.3032933670360138,0
2022_18_DET_GB,2022,18,2023-01-08,DET,GB,0,Model C - Efficiency,0.5462026876300339,1
2023_01_DET_KC,2023,1,2023-09-07,DET,KC,0,Model A - Simple,0.604698204562267,1
2023_01_CAR_ATL,2023,1,2023-09-10,CAR,ATL,1,Model A - Simple,0.5246809023330608,1
2023_01_HOU_BAL,2023,1,2023-09-10,HOU,BAL,1,Model A - Simple,0.6449345570045143,1
2023_01_CIN_CLE,2023,1,2023-09-10,CIN,CLE,1,Model A - Simple,0.5005328060211874,1
2023_01_JAX_IND,2023,1,2023-09-10,JAX,IND,0,Model A - Simple,0.30058649243814883,0
2023_01_TB_MIN,2023,1,2023-09-10,TB,MIN,0,Model A - Simple,0.6227654036458888,1
2023_01_TEN_NO,2023,1,2023-09-10,TEN,NO,1,Model A - Simple,0.629059002714047,1
2023_01_SF_PIT,2023,1,2023-09-10,SF,PIT,0,Model A - Simple,0.4249765724940224,0
2023_01_ARI_WAS,2023,1,2023-09-10,ARI,WAS,1,Model A - Simple,0.6657025442662796,1
2023_01_GB_CHI,2023,1,2023-09-10,GB,CHI,0,Model A - Simple,0.3119392242157586,0
2023_01_LV_DEN,2023,1,2023-09-10,LV,DEN,0,Model A - Simple,0.5741348723942703,1
2023_01_MIA_LAC,2023,1,2023-09-10,MIA,LAC,0,Model A - Simple,0.6299168690651439,1
2023_01_PHI_NE,2023,1,2023-09-10,PHI,NE,0,Model A - Simple,0.467308424915508,0
2023_01_LA_SEA,2023,1,2023-09-10,LA,SEA,0,Model A - Simple,0.5513579235115759,1
2023_01_DAL_NYG,2023,1,2023-09-10,DAL,NYG,0,Model A - Simple,0.6315031554297217,1
2023_01_BUF_NYJ,2023,1,2023-09-11,BUF,NYJ,1,Model A - Simple,0.27061769447592304,0
2023_02_MIN_PHI,2023,2,2023-09-14,MIN,PHI,1,Model A - Simple,0.5589450041062282,1
2023_02_GB_ATL,2023,2,2023-09-17,GB,ATL,1,Model A - Simple,0.4850771700245516,0
2023_02_LV_BUF,2023,2,2023-09-17,LV,BUF,1,Model A - Simple,0.6816901133733784,1
2023_02_BAL_CIN,2023,2,2023-09-17,BAL,CIN,0,Model A - Simple,0.5400237696032658,1
2023_02_SEA_DET,2023,2,2023-09-17,SEA,DET,0,Model A - Simple,0.7647871301680235,1
2023_02_IND_HOU,2023,2,2023-09-17,IND,HOU,0,Model A - Simple,0.5784952265019676,1
2023_02_KC_JAX,2023,2,2023-09-17,KC,JAX,0,Model A - Simple,0.4630675284409805,0
2023_02_CHI_TB,2023,2,2023-09-17,CHI,TB,1,Model A - Simple,0.7276141100438762,1
2023_02_LAC_TEN,2023,2,2023-09-17,LAC,TEN,1,Model A - Simple,0.37176021019602096,0
2023_02_NYG_ARI,2023,2,2023-09-17,NYG,ARI,0,Model A - Simple,0.44395986918128,0
2023_02_SF_LA,2023,2,2023-09-17,SF,LA,0,Model A - Simple,0.35097116807766415,0
2023_02_NYJ_DAL,2023,2,2023-09-17,NYJ,DAL,1,Model A - Simple,0.6929143704327606,1
2023_02_WAS_DEN,2023,2,2023-09-17,WAS,DEN,0,Model A - Simple,0.5437565947047918,1
2023_02_MIA_NE,2023,2,2023-09-17,MIA,NE,0,Model A - Simple,0.420758068336558,0
2023_02_NO_CAR,2023,2,2023-09-18,NO,CAR,0,Model A - Simple,0.5153754904792252,1
2023_02_CLE_PIT,2023,2,2023-09-18,CLE,PIT,1,Model A - Simple,0.4915577617834293,0
2023_03_NYG_SF,2023,3,2023-09-21,NYG,SF,1,Model A - Simple,0.8379915466937651,1
2023_03_IND_BAL,2023,3,2023-09-24,IND,BAL,0,Model A - Simple,0.7133341232852587,1
2023_03_TEN_CLE,2023,3,2023-09-24,TEN,CLE,1,Model A - Simple,0.6838779746679334,1
2023_03_ATL_DET,2023,3,2023-09-24,ATL,DET,1,Model A - Simple,0.6286055650374658,1
2023_03_NO_GB,2023,3,2023-09-24,NO,GB,1,Model A - Simple,0.6211385028931175,1
2023_03_HOU_JAX,2023,3,2023-09-24,HOU,JAX,0,Model A - Simple,0.690840187647889,1
2023_03_DEN_MIA,2023,3,2023-09-24,DEN,MIA,1,Model A - Simple,0.7108509674715595,1
2023_03_LAC_MIN,2023,3,2023-09-24,LAC,MIN,0,Model A - Simple,0.4900039831188932,0
2023_03_NE_NYJ,2023,3,2023-09-24,NE,NYJ,0,Model A - Simple,0.48674383835998253,0
2023_03_BUF_WAS,2023,3,2023-09-24,BUF,WAS,0,Model A - Simple,0.3799925926170299,0
2023_03_CAR_SEA,2023,3,2023-09-24,CAR,SEA,1,Model A - Simple,0.5723338288715207,1
2023_03_DAL_ARI,2023,3,2023-09-24,DAL,ARI,1,Model A - Simple,0.29120544117270386,0
2023_03_CHI_KC,2023,3,2023-09-24,CHI,KC,1,Model A - Simple,0.8217310525431027,1
2023_03_PIT_LV,2023,3,2023-09-24,PIT,LV,0,Model A - Simple,0.6322167391707484,1
2023_03_PHI_TB,2023,3,2023-09-25,PHI,TB,0,Model A - Simple,0.5329883855909644,1
2023_03_LA_CIN,2023,3,2023-09-25,LA,CIN,1,Model A - Simple,0.37677148684251177,0
2023_04_DET_GB,2023,4,2023-09-28,DET,GB,0,Model A - Simple,0.5538893665509305,1
2023_04_ATL_JAX,2023,4,2023-10-01,ATL,JAX,1,Model A - Simple,0.5107413892189026,1
2023_04_MIA_BUF,2023,4,2023-10-01,MIA,BUF,1,Model A - Simple,0.45994713440702945,0
2023_04_MIN_CAR,2023,4,2023-10-01,MIN,CAR,0,Model A - Simple,0.4798470716641524,0
2023_04_DEN_CHI,2023,4,2023-10-01,DEN,CHI,0,Model A - Simple,0.437451658528661,0
2023_04_BAL_CLE,2023,4,2023-10-01,BAL,CLE,0,Model A - Simple,0.60038907973886,1
2023_04_PIT_HOU,2023,4,2023-10-01,PIT,HOU,1,Model A - Simple,0.5971931807915978,1
2023_04_LA_IND,2023,4,2023-10-01,LA,IND,0,Model A - Simple,0.35599361869371987,0
2023_04_TB_NO,2023,4,2023-10-01,TB,NO,0,Model A - Simple,0.5896683892366185,1
2023_04_WAS_PHI,2023,4,2023-10-01,WAS,PHI,1,Model A - Simple,0.745537584113254,1
2023_04_CIN_TEN,2023,4,2023-10-01,CIN,TEN,1,Model A - Simple,0.5117733774920965,1
2023_04_LV_LAC,2023,4,2023-10-01,LV,LAC,1,Model A - Simple,0.6719547451415026,1
2023_04_NE_DAL,2023,4,2023-10-01,NE,DAL,1,Model A - Simple,0.717586872876763,1
2023_04_ARI_SF,2023,4,2023-10-01,ARI,SF,1,Model A - Simple,0.823811357279837,1
2023_04_KC_NYJ,2023,4,2023-10-01,KC,NYJ,0,Model A - Simple,0.2577398658608618,0
2023_04_SEA_NYG,2023,4,2023-10-02,SEA,NYG,0,Model A - Simple,0.3773612333509725,0
2023_05_CHI_WAS,2023,5,2023-10-05,CHI,WAS,0,Model A - Simple,0.6414637674984979,1
2023_05_JAX_BUF,2023,5,2023-10-08,JAX,BUF,0,Model A - Simple,0.8129723473413426,1
2023_05_HOU_ATL,2023,5,2023-10-08,HOU,ATL,1,Model A - Simple,0.41054711645841546,0
2023_05_CAR_DET,2023,5,2023-10-08,CAR,DET,1,Model A - Simple,0.7872363699527711,1
2023_05_TEN_IND,2023,5,2023-10-08,TEN,IND,1,Model A - Simple,0.5230124705598026,1
2023_05_NYG_MIA,2023,5,2023-10-08,NYG,MIA,1,Model A - Simple,0.9077705101812898,1
2023_05_NO_NE,2023,5,2023-10-08,NO,NE,0,Model A - Simple,0.46619276994334097,0
2023_05_BAL_PIT,2023,5,2023-10-08,BAL,PIT,1,Model A - Simple,0.21280632206113106,0
2023_05_CIN_ARI,2023,5,2023-10-08,CIN,ARI,0,Model A - Simple,0.714964017270388,1
2023_05_PHI_LA,2023,5,2023-10-08,PHI,LA,0,Model A - Simple,0.6178624864413688,1
2023_05_NYJ_DEN,2023,5,2023-10-08,NYJ,DEN,0,Model A - Simple,0.6647905323247922,1
2023_05_KC_MIN,2023,5,2023-10-08,KC,MIN,0,Model A - Simple,0.39954311884549126,0
2023_05_DAL_SF,2023,5,2023-10-08,DAL,SF,1,Model A - Simple,0.6279406487373619,1
2023_05_GB_LV,2023,5,2023-10-09,GB,LV,1,Model A - Simple,0.46531289776559986,0
2023_06_DEN_KC,2023,6,2023-10-12,DEN,KC,1,Model A - Simple,0.7425139175682179,1
2023_06_BAL_TEN,2023,6,2023-10-15,BAL,TEN,0,Model A - Simple,0.47542682660252966,0
2023_06_WAS_ATL,2023,6,2023-10-15,WAS,ATL,0,Model A - Simple,0.6138354779637942,1
2023_06_MIN_CHI,2023,6,2023-10-15,MIN,CHI,0,Model A - Simple,0.5562138790466897,1
2023_06_SEA_CIN,2023,6,2023-10-15,SEA,CIN,1,Model A - Simple,0.3861417494715272,0
2023_06_SF_CLE,2023,6,2023-10-15,SF,CLE,1,Model A - Simple,0.21128925243561436,0
2023_06_NO_HOU,2023,6,2023-10-15,NO,HOU,1,Model A - Simple,0.5056729883179792,1
2023_06_IND_JAX,2023,6,2023-10-15,IND,JAX,1,Model A - Simple,0.5444462635223651,1
2023_06_CAR_MIA,2023,6,2023-10-15,CAR,MIA,1,Model A - Simple,0.8360205686005733,1
2023_06_NE_LV,2023,6,2023-10-15,NE,LV,1,Model A - Simple,0.796617663952197,1
2023_06_ARI_LA,2023,6,2023-10-15,ARI,LA,1,Model A - Simple,0.7226162950944656,1
2023_06_PHI_NYJ,2023,6,2023-10-15,PHI,NYJ,1,Model A - Simple,0.37811091733058094,0
2023_06_DET_TB,2023,6,2023-10-15,DET,TB,0,Model A - Simple,0.4575962370372569,0
2023_06_NYG_BUF,2023,6,2023-10-15,NYG,BUF,1,Model A - Simple,0.9002788846489242,1
2023_06_DAL_LAC,2023,6,2023-10-16,DAL,LAC,0,Model A - Simple,0.6167310095986382,1
2023_07_JAX_NO,2023,7,2023-10-19,JAX,NO,0,Model A - Simple,0.6061555688669178,1
2023_07_DET_BAL,2023,7,2023-10-22,DET,BAL,1,Model A - Simple,0.4180432037931735,0
2023_07_LV_CHI,2023,7,2023-10-22,LV,CHI,1,Model A - Simple,0.4617673513914342,0
2023_07_CLE_IND,2023,7,2023-10-22,CLE,IND,0,Model A - Simple,0.5640575834146344,1
2023_07_BUF_NE,2023,7,2023-10-22,BUF,NE,1,Model A - Simple,0.1875656106877724,0
2023_07_WAS_NYG,2023,7,2023-10-22,WAS,NYG,1,Model A - Simple,0.4092315519053739,0
2023_07_ATL_TB,2023,7,2023-10-22,ATL,TB,0,Model A - Simple,0.5960812016578502,1
2023_07_PIT_LA,2023,7,2023-10-22,PIT,LA,0,Model A - Simple,0.7765845393746442,1
2023_07_ARI_SEA,2023,7,2023-10-22,ARI,SEA,1,Model A - Simple,0.7166077831659344,1
2023_07_GB_DEN,2023,7,2023-10-22,GB,DEN,1,Model A - Simple,0.4233667885140236,0
2023_07_LAC_KC,2023,7,2023-10-22,LAC,KC,1,Model A - Simple,0.6672982185929295,1
2023_07_MIA_PHI,2023,7,2023-10-22,MIA,PHI,1,Model A - Simple,0.3899513093644597,0
2023_07_SF_MIN,2023,7,2023-10-23,SF,MIN,1,Model A - Simple,0.30417808557848924,0
2023_08_TB_BUF,2023,8,2023-10-26,TB,BUF,1,Model A - Simple,0.7404980076592825,1
2023_08_HOU_CAR,2023,8,2023-10-29,HOU,CAR,1,Model A - Simple,0.38985102527311166,0
2023_08_LA_DAL,2023,8,2023-10-29,LA,DAL,1,Model A - Simple,0.54805072521663,1
2023_08_MIN_GB,2023,8,2023-10-29,MIN,GB,0,Model A - Simple,0.5529273490645595,1
2023_08_NO_IND,2023,8,2023-10-29,NO,IND,0,Model A - Simple,0.5008694724667556,1
2023_08_NE_MIA,2023,8,2023-10-29,NE,MIA,1,Model A - Simple,0.7649737649520749,1
2023_08_NYJ_NYG,2023,8,2023-10-29,NYJ,NYG,0,Model A - Simple,0.4614931113922566,0
2023_08_JAX_PIT,2023,8,2023-10-29,JAX,PIT,0,Model A - Simple,0.4513892800685466,0
2023_08_ATL_TEN,2023,8,2023-10-29,ATL,TEN,1,Model A - Simple,0.5499010210834692,1
2023_08_PHI_WAS,2023,8,2023-10-29,PHI,WAS,0,Model A - Simple,0.35149107722939527,0
2023_08_CLE_SEA,2023,8,2023-10-29,CLE,SEA,1,Model A - Simple,0.6740417189196323,1
2023_08_BAL_ARI,2023,8,2023-10-29,BAL,ARI,0,Model A - Simple,0.21929625344287745,0
2023_08_KC_DEN,2023,8,2023-10-29,KC,DEN,1,Model A - Simple,0.31234010432436987,0
2023_08_CIN_SF,2023,8,2023-10-29,CIN,SF,0,Model A - Simple,0.7574770550528379,1
2023_08_CHI_LAC,2023,8,2023-10-29,CHI,LAC,1,Model A - Simple,0.5358921568409936,1
2023_08_LV_DET,2023,8,2023-10-30,LV,DET,1,Model A - Simple,0.6784044388025782,1
2023_09_TEN_PIT,2023,9,2023-11-02,TEN,PIT,1,Model A - Simple,0.46944512511629616,0
2023_09_MIA_KC,2023,9,2023-11-05,MIA,KC,1,Model A - Simple,0.4673121284041102,0
2023_09_MIN_ATL,2023,9,2023-11-05,MIN,ATL,0,Model A - Simple,0.400309476094046,0
2023_09_SEA_BAL,2023,9,2023-11-05,SEA,BAL,1,Model A - Simple,0.6521706013053932,1
2023_09_ARI_CLE,2023,9,2023-11-05,ARI,CLE,1,Model A - Simple,0.6362150066940605,1
2023_09_LA_GB,2023,9,2023-11-05,LA,GB,1,Model A - Simple,0.4767270084216042,0
2023_09_TB_HOU,2023,9,2023-11-05,TB,HOU,1,Model A - Simple,0.6177302001794481,1
2023_09_WAS_NE,2023,9,2023-11-05,WAS,NE,0,Model A - Simple,0.4744149944590273,0
2023_09_CHI_NO,2023,9,2023-11-05,CHI,NO,1,Model A - Simple,0.6672248659743526,1
2023_09_IND_CAR,2023,9,2023-11-05,IND,CAR,0,Model A - Simple,0.44254103139032225,0
2023_09_NYG_LV,2023,9,2023-11-05,NYG,LV,1,Model A - Simple,0.5046686058516091,1
2023_09_DAL_PHI,2023,9,2023-11-05,DAL,PHI,1,Model A - Simple,0.5494049482444124,1
2023_09_BUF_CIN,2023,9,2023-11-05,BUF,CIN,1,Model A - Simple,0.38921559187099125,0
2023_09_LAC_NYJ,2023,9,2023-11-06,LAC,NYJ,0,Model A - Simple,0.4216764707118645,0
2023_10_CAR_CHI,2023,10,2023-11-09,CAR,CHI,1,Model A - Simple,0.6801572418480938,1
2023_10_IND_NE,2023,10,2023-11-12,IND,NE,0,Model A - Simple,0.4298236289664142,0
2023_10_CLE_BAL,2023,10,2023-11-12,CLE,BAL,0,Model A - Simple,0.7410698151969516,1
2023_10_HOU_CIN,2023,10,2023-11-12,HOU,CIN,0,Model A - Simple,0.5252802007364097,1
2023_10_SF_JAX,2023,10,2023-11-12,SF,JAX,0,Model A - Simple,0.4839541368496387,0
2023_10_NO_MIN,2023,10,2023-11-12,NO,MIN,1,Model A - Simple,0.5574860091751208,1
2023_10_GB_PIT,2023,10,2023-11-12,GB,PIT,1,Model A - Simple,0.5163306718120882,1
2023_10_TEN_TB,2023,10,2023-11-12,TEN,TB,1,Model A - Simple,0.5298977758512479,1
2023_10_ATL_ARI,2023,10,2023-11-12,ATL,ARI,1,Model A - Simple,0.2998792240781009,0
2023_10_DET_LAC,2023,10,2023-11-12,DET,LAC,0,Model A - Simple,0.4943107831006412,0
2023_10_NYG_DAL,2023,10,2023-11-12,NYG,DAL,1,Model A - Simple,0.7979733810982648,1
2023_10_WAS_SEA,2023,10,2023-11-12,WAS,SEA,1,Model A - Simple,0.49397521762575075,0
2023_10_NYJ_LV,2023,10,2023-11-12,NYJ,LV,1,Model A - Simple,0.6321753475430248,1
2023_10_DEN_BUF,2023,10,2023-11-13,DEN,BUF,0,Model A - Simple,0.6584646461477641,1
2023_11_CIN_BAL,2023,11,2023-11-16,CIN,BAL,1,Model A - Simple,0.6392171347012473,1
2023_11_DAL_CAR,2023,11,2023-11-19,DAL,CAR,0,Model A - Simple,0.252977310668286,0
2023_11_PIT_CLE,2023,11,2023-11-19,PIT,CLE,1,Model A - Simple,0.635069349836234,1
2023_11_CHI_DET,2023,11,2023-11-19,CHI,DET,1,Model A - Simple,0.6911515522502101,1
2023_11_LAC_GB,2023,11,2023-11-19,LAC,GB,1,Model A - Simple,0.5462768254416598,1
2023_11_ARI_HOU,2023,11,2023-11-19,ARI,HOU,1,Model A - Simple,0.807446447376425,1
2023_11_TEN_JAX,2023,11,2023-11-19,TEN,JAX,1,Model A - Simple,0.4959006656200753,0
2023_11_LV_MIA,2023,11,2023-11-19,LV,MIA,1,Model A - Simple,0.7006399151454963,1
2023_11_NYG_WAS,2023,11,2023-11-19,NYG,WAS,0,Model A - Simple,0.7652629129407313,1
2023_11_TB_SF,2023,11,2023-11-19,TB,SF,1,Model A - Simple,0.7208902945947795,1
2023_11_NYJ_BUF,2023,11,2023-11-19,NYJ,BUF,1,Model A - Simple,0.7134602353366511,1
2023_11_SEA_LA,2023,11,2023-11-19,SEA,LA,1,Model A - Simple,0.5040653595139353,1
2023_11_MIN_DEN,2023,11,2023-11-19,MIN,DEN,1,Model A - Simple,0.44111344472028313,0
2023_11_PHI_KC,2023,11,2023-11-20,PHI,KC,0,Model A - Simple,0.48769773754756024,0
2023_12_GB_DET,2023,12,2023-11-23,GB,DET,0,Model A - Simple,0.6384033495439376,1
2023_12_WAS_DAL,2023,12,2023-11-23,WAS,DAL,1,Model A - Simple,0.7772360681909167,1
2023_12_SF_SEA,2023,12,2023-11-23,SF,SEA,0,Model A - Simple,0.3218584536145363,0
2023_12_MIA_NYJ,2023,12,2023-11-24,MIA,NYJ,0,Model A - Simple,0.3142880067922952,0
2023_12_NO_ATL,2023,12,2023-11-26,NO,ATL,1,Model A - Simple,0.47353057460767095,0
2023_12_PIT_CIN,2023,12,2023-11-26,PIT,CIN,0,Model A - Simple,0.5940750483599092,1
2023_12_JAX_HOU,2023,12,2023-11-26,JAX,HOU,0,Model A - Simple,0.6585986095950208,1
2023_12_TB_IND,2023,12,2023-11-26,TB,IND,1,Model A - Simple,0.5964577674554835,1
2023_12_NE_NYG,2023,12,2023-11-26,NE,NYG,1,Model A - Simple,0.46207588645846126,0
2023_12_CAR_TEN,2023,12,2023-11-26,CAR,TEN,1,Model A - Simple,0.6663964093333611,1
2023_12_LA_ARI,2023,12,2023-11-26,LA,ARI,0,Model A - Simple,0.5060950817241278,1
2023_12_CLE_DEN,2023,12,2023-11-26,CLE,DEN,1,Model A - Simple,0.5059195085961776,1
2023_12_KC_LV,2023,12,2023-11-26,KC,LV,0,Model A - Simple,0.43179197404328434,0
2023_12_BUF_PHI,2023,12,2023-11-26,BUF,PHI,1,Model A - Simple,0.527098476009335,1
2023_12_BAL_LAC,2023,12,2023-11-26,BAL,LAC,0,Model A - Simple,0.4404189186435196,0
2023_12_CHI_MIN,2023,12,2023-11-27,CHI,MIN,0,Model A - Simple,0.6293265784775004,1
2023_13_SEA_DAL,2023,13,2023-11-30,SEA,DAL,1,Model A - Simple,0.8594548483526455,1
2023_13_DEN_HOU,2023,13,2023-12-03,DEN,HOU,1,Model A - Simple,0.5816920417677633,1
2023_13_LAC_NE,2023,13,2023-12-03,LAC,NE,0,Model A - Simple,0.5370363548512109,1
2023_13_DET_NO,2023,13,2023-12-03,DET,NO,0,Model A - Simple,0.5090640764725324,1
2023_13_ATL_NYJ,2023,13,2023-12-03,ATL,NYJ,0,Model A - Simple,0.3308275811089121,0
2023_13_ARI_PIT,2023,13,2023-12-03,ARI,PIT,0,Model A - Simple,0.7498178247050188,1
2023_13_IND_TEN,2023,13,2023-12-03,IND,TEN,0,Model A - Simple,0.49788731752457016,0
2023_13_MIA_WAS,2023,13,2023-12-03,MIA,WAS,0,Model A - Simple,0.3176204913153943,0
2023_13_CAR_TB,2023,13,2023-12-03,CAR,TB,1,Model A - Simple,0.6705758093656976,1
2023_13_CLE_LA,2023,13,2023-12-03,CLE,LA,1,Model A - Simple,0.6193628791011077,1
2023_13_SF_PHI,2023,13,2023-12-03,SF,PHI,0,Model A - Simple,0.37848795235281607,0
2023_13_KC_GB,2023,13,2023-12-03,KC,GB,1,Model A - Simple,0.5570731175615061,1
2023_13_CIN_JAX,2023,13,2023-12-04,CIN,JAX,0,Model A - Simple,0.5531697286863565,1
2023_14_NE_PIT,2023,14,2023-12-07,NE,PIT,0,Model A - Simple,0.6448663326251387,1
2023_14_TB_ATL,2023,14,2023-12-10,TB,ATL,0,Model A - Simple,0.5667340127985915,1
2023_14_LA_BAL,2023,14,2023-12-10,LA,BAL,1,Model A - Simple,0.6435383762180785,1
2023_14_DET_CHI,2023,14,2023-12-10,DET,CHI,1,Model A - Simple,0.5216903134904113,1
2023_14_IND_CIN,2023,14,2023-12-10,IND,CIN,1,Model A - Simple,0.5351320411806186,1
2023_14_JAX_CLE,2023,14,2023-12-10,JAX,CLE,1,Model A - Simple,0.4789854944557448,0
2023_14_CAR_NO,2023,14,2023-12-10,CAR,NO,1,Model A - Simple,0.6659722065929184,1
2023_14_HOU_NYJ,2023,14,2023-12-10,HOU,NYJ,1,Model A - Simple,0.27617427628534025,0
2023_14_MIN_LV,2023,14,2023-12-10,MIN,LV,0,Model A - Simple,0.504383186086746,1
2023_14_SEA_SF,2023,14,2023-12-10,SEA,SF,1,Model A - Simple,0.8255007326108389,1
2023_14_BUF_KC,2023,14,2023-12-10,BUF,KC,0,Model A - Simple,0.471386736253152,0
2023_14_DEN_LAC,2023,14,2023-12-10,DEN,LAC,0,Model A - Simple,0.537168967029339,1
2023_14_PHI_DAL,2023,14,2023-12-10,PHI,DAL,1,Model A - Simple,0.7829105764180321,1
2023_14_TEN_MIA,2023,14,2023-12-11,TEN,MIA,0,Model A - Simple,0.739966623461194,1
2023_14_GB_NYG,2023,14,2023-12-11,GB,NYG,1,Model A - Simple,0.30824168723195594,0
2023_15_LAC_LV,2023,15,2023-12-14,LAC,LV,1,Model A - Simple,0.5198277763532485,1
2023_15_MIN_CIN,2023,15,2023-12-16,MIN,CIN,1,Model A - Simple,0.6189288884285412,1
2023_15_PIT_IND,2023,15,2023-12-16,PIT,IND,1,Model A - Simple,0.6066561477781707,1
2023_15_DEN_DET,2023,15,2023-12-16,DEN,DET,1,Model A - Simple,0.533829148233602,1
2023_15_ATL_CAR,2023,15,2023-12-17,ATL,CAR,1,Model A - Simple,0.40021184395145226,0
2023_15_CHI_CLE,2023,15,2023-12-17,CHI,CLE,1,Model A - Simple,0.4420019533542898,0
2023_15_TB_GB,2023,15,2023-12-17,TB,GB,0,Model A - Simple,0.6508182373023108,1
2023_15_NYJ_MIA,2023,15,2023-12-17,NYJ,MIA,1,Model A - Simple,0.7520417087641783,1
2023_15_KC_NE,2023,15,2023-12-17,KC,NE,0,Model A - Simple,0.47522294384482283,0
2023_15_NYG_NO,2023,15,2023-12-17,NYG,NO,1,Model A - Simple,0.6268282918823133,1
2023_15_HOU_TEN,2023,15,2023-12-17,HOU,TEN,0,Model A - Simple,0.6605812541363377,1
2023_15_SF_ARI,2023,15,2023-12-17,SF,ARI,0,Model A - Simple,0.20081668202086803,0
2023_15_WAS_LA,2023,15,2023-12-17,WAS,LA,1,Model A - Simple,0.7568307676595478,1
2023_15_DAL_BUF,2023,15,2023-12-17,DAL,BUF,1,Model A - Simple,0.4374662671024395,0
2023_15_BAL_JAX,2023,15,2023-12-17,BAL,JAX,0,Model A - Simple,0.38736999708632575,0
2023_15_PHI_SEA,2023,15,2023-12-18,PHI,SEA,1,Model A - Simple,0.5041048375086415,1
2023_16_NO_LA,2023,16,2023-12-21,NO,LA,1,Model A - Simple,0.5564872625869763,1
2023_16_CIN_PIT,2023,16,2023-12-23,CIN,PIT,1,Model A - Simple,0.3643760235578296,0
2023_16_BUF_LAC,2023,16,2023-12-23,BUF,LAC,0,Model A - Simple,0.21935689133964295,0
2023_16_IND_ATL,2023,16,2023-12-24,IND,ATL,1,Model A - Simple,0.4324531323045151,0
2023_16_GB_CAR,2023,16,2023-12-24,GB,CAR,0,Model A - Simple,0.4042673537441482,0
2023_16_CLE_HOU,2023,16,2023-12-24,CLE,HOU,0,Model A - Simple,0.5723482833702839,1
2023_16_DET_MIN,2023,16,2023-12-24,DET,MIN,0,Model A - Simple,0.42743394685147307,0
2023_16_WAS_NYJ,2023,16,2023-12-24,WAS,NYJ,1,Model A - Simple,0.4940686729861294,0
2023_16_SEA_TEN,2023,16,2023-12-24,SEA,TEN,0,Model A - Simple,0.6026427313897005,1
2023_16_JAX_TB,2023,16,2023-12-24,JAX,TB,1,Model A - Simple,0.6954740567183253,1
2023_16_ARI_CHI,2023,16,2023-12-24,ARI,CHI,1,Model A - Simple,0.6799010433892224,1
2023_16_DAL_MIA,2023,16,2023-12-24,DAL,MIA,1,Model A - Simple,0.6346542261726965,1
2023_16_NE_DEN,2023,16,2023-12-24,NE,DEN,0,Model A - Simple,0.6107537926678596,1
2023_16_LV_KC,2023,16,2023-12-25,LV,KC,0,Model A - Simple,0.6121078532091933,1
2023_16_NYG_PHI,2023,16,2023-12-25,NYG,PHI,1,Model A - Simple,0.68576551150333,1
2023_16_BAL_SF,2023,16,2023-12-25,BAL,SF,0,Model A - Simple,0.7292881651785967,1
2023_17_NYJ_CLE,2023,17,2023-12-28,NYJ,CLE,1,Model A - Simple,0.7340588461749693,1
2023_17_DET_DAL,2023,17,2023-12-30,DET,DAL,1,Model A - Simple,0.5136396960591031,1
2023_17_MIA_BAL,2023,17,2023-12-31,MIA,BAL,1,Model A - Simple,0.5460295635162892,1
2023_17_NE_BUF,2023,17,2023-12-31,NE,BUF,1,Model A - Simple,0.7494404072850513,1
2023_17_ATL_CHI,2023,17,2023-12-31,ATL,CHI,1,Model A - Simple,0.5826749655249143,1
2023_17_TEN_HOU,2023,17,2023-12-31,TEN,HOU,1,Model A - Simple,0.41567407635705167,0
2023_17_LV_IND,2023,17,2023-12-31,LV,IND,1,Model A - Simple,0.5324572941615879,1
2023_17_CAR_JAX,2023,17,2023-12-31,CAR,JAX,1,Model A - Simple,0.5057659315454557,1
2023_17_LA_NYG,2023,17,2023-12-31,LA,NYG,0,Model A - Simple,0.29938229577966646,0
2023_17_ARI_PHI,2023,17,2023-12-31,ARI,PHI,0,Model A - Simple,0.7182671748297892,1
2023_17_NO_TB,2023,17,2023-12-31,NO,TB,0,Model A - Simple,0.636043318238806,1
2023_17_SF_WAS,2023,17,2023-12-31,SF,WAS,0,Model A - Simple,0.26153645988129975,0
2023_17_PIT_SEA,2023,17,2023-12-31,PIT,SEA,0,Model A - Simple,0.5384535094929133,1
2023_17_LAC_DEN,2023,17,2023-12-31,LAC,DEN,1,Model A - Simple,0.6865006448162122,1
2023_17_CIN_KC,2023,17,2023-12-31,CIN,KC,1,Model A - Simple,0.5960364448908133,1
2023_17_GB_MIN,2023,17,2023-12-31,GB,MIN,0,Model A - Simple,0.4697811703951706,0
2023_18_PIT_BAL,2023,18,2024-01-06,PIT,BAL,0,Model A - Simple,0.7580417994799764,1
2023_18_HOU_IND,2023,18,2024-01-06,HOU,IND,0,Model A - Simple,0.588429211046339,1
2023_18_TB_CAR,2023,18,2024-01-07,TB,CAR,0,Model A - Simple,0.3527772724532589,0
2023_18_CLE_CIN,2023,18,2024-01-07,CLE,CIN,1,Model A - Simple,0.4725049021974598,0
2023_18_MIN_DET,2023,18,2024-01-07,MIN,DET,1,Model A - Simple,0.7519398836982317,1
2023_18_NYJ_NE,2023,18,2024-01-07,NYJ,NE,0,Model A - Simple,0.5964118873669333,1
2023_18_ATL_NO,2023,18,2024-01-07,ATL,NO,1,Model A - Simple,0.6057097074400443,1
2023_18_JAX_TEN,2023,18,2024-01-07,JAX,TEN,1,Model A - Simple,0.43215772514915735,0
2023_18_SEA_ARI,2023,18,2024-01-07,SEA,ARI,0,Model A - Simple,0.5020079069648729,1
2023_18_CHI_GB,2023,18,2024-01-07,CHI,GB,1,Model A - Simple,0.6244222823218192,1
2023_18_KC_LAC,2023,18,2024-01-07,KC,LAC,0,Model A - Simple,0.35496595982968093,0
2023_18_DEN_LV,2023,18,2024-01-07,DEN,LV,1,Model A - Simple,0.5697179567501774,1
2023_18_PHI_NYG,2023,18,2024-01-07,PHI,NYG,1,Model A - Simple,0.3739932366263354,0
2023_18_LA_SF,2023,18,2024-01-07,LA,SF,0,Model A - Simple,0.6622229495889292,1
2023_18_DAL_WAS,2023,18,2024-01-07,DAL,WAS,0,Model A - Simple,0.31518326956851656,0
2023_18_BUF_MIA,2023,18,2024-01-07,BUF,MIA,0,Model A - Simple,0.42169658892741435,0
2023_01_DET_KC,2023,1,2023-09-07,DET,KC,0,Model B - Current,0.6486174491975067,1
2023_01_CAR_ATL,2023,1,2023-09-10,CAR,ATL,1,Model B - Current,0.5428836355997905,1
2023_01_HOU_BAL,2023,1,2023-09-10,HOU,BAL,1,Model B - Current,0.6762286780729203,1
2023_01_CIN_CLE,2023,1,2023-09-10,CIN,CLE,1,Model B - Current,0.4315140664797184,0
2023_01_JAX_IND,2023,1,2023-09-10,JAX,IND,0,Model B - Current,0.26846790457223185,0
2023_01_TB_MIN,2023,1,2023-09-10,TB,MIN,0,Model B - Current,0.682343127769688,1
2023_01_TEN_NO,2023,1,2023-09-10,TEN,NO,1,Model B - Current,0.7030028825268856,1
2023_01_SF_PIT,2023,1,2023-09-10,SF,PIT,0,Model B - Current,0.445438910812077,0
2023_01_ARI_WAS,2023,1,2023-09-10,ARI,WAS,1,Model B - Current,0.6335497834687316,1
2023_01_GB_CHI,2023,1,2023-09-10,GB,CHI,0,Model B - Current,0.23587656558280823,0
2023_01_LV_DEN,2023,1,2023-09-10,LV,DEN,0,Model B - Current,0.5287931665159669,1
2023_01_MIA_LAC,2023,1,2023-09-10,MIA,LAC,0,Model B - Current,0.7310569257426627,1
2023_01_PHI_NE,2023,1,2023-09-10,PHI,NE,0,Model B - Current,0.44747873685811224,0
2023_01_LA_SEA,2023,1,2023-09-10,LA,SEA,0,Model B - Current,0.5930863329302503,1
2023_01_DAL_NYG,2023,1,2023-09-10,DAL,NYG,0,Model B - Current,0.6054593098288285,1
2023_01_BUF_NYJ,2023,1,2023-09-11,BUF,NYJ,1,Model B - Current,0.23077824329747623,0
2023_02_MIN_PHI,2023,2,2023-09-14,MIN,PHI,1,Model B - Current,0.46095690734871636,0
2023_02_GB_ATL,2023,2,2023-09-17,GB,ATL,1,Model B - Current,0.483567460899167,0
2023_02_LV_BUF,2023,2,2023-09-17,LV,BUF,1,Model B - Current,0.7485098688164501,1
2023_02_BAL_CIN,2023,2,2023-09-17,BAL,CIN,0,Model B - Current,0.5170011699080492,1
2023_02_SEA_DET,2023,2,2023-09-17,SEA,DET,0,Model B - Current,0.7616422493529843,1
2023_02_IND_HOU,2023,2,2023-09-17,IND,HOU,0,Model B - Current,0.5417710508230232,1
2023_02_KC_JAX,2023,2,2023-09-17,KC,JAX,0,Model B - Current,0.509948644733577,1
2023_02_CHI_TB,2023,2,2023-09-17,CHI,TB,1,Model B - Current,0.7474737385037654,1
2023_02_LAC_TEN,2023,2,2023-09-17,LAC,TEN,1,Model B - Current,0.2710442813120925,0
2023_02_NYG_ARI,2023,2,2023-09-17,NYG,ARI,0,Model B - Current,0.4474817601980793,0
2023_02_SF_LA,2023,2,2023-09-17,SF,LA,0,Model B - Current,0.3357019395096957,0
2023_02_NYJ_DAL,2023,2,2023-09-17,NYJ,DAL,1,Model B - Current,0.7567092932580913,1
2023_02_WAS_DEN,2023,2,2023-09-17,WAS,DEN,0,Model B - Current,0.5229854338838296,1
2023_02_MIA_NE,2023,2,2023-09-17,MIA,NE,0,Model B - Current,0.45265644845983793,0
2023_02_NO_CAR,2023,2,2023-09-18,NO,CAR,0,Model B - Current,0.48967580399521554,0
2023_02_CLE_PIT,2023,2,2023-09-18,CLE,PIT,1,Model B - Current,0.5691893944271529,1
2023_03_NYG_SF,2023,3,2023-09-21,NYG,SF,1,Model B - Current,0.8102494848359438,1
2023_03_IND_BAL,2023,3,2023-09-24,IND,BAL,0,Model B - Current,0.7068210762557594,1
2023_03_TEN_CLE,2023,3,2023-09-24,TEN,CLE,1,Model B - Current,0.7331448953090032,1
2023_03_ATL_DET,2023,3,2023-09-24,ATL,DET,1,Model B - Current,0.647408324564654,1
2023_03_NO_GB,2023,3,2023-09-24,NO,GB,1,Model B - Current,0.583589254439955,1
2023_03_HOU_JAX,2023,3,2023-09-24,HOU,JAX,0,Model B - Current,0.8113486580850676,1
2023_03_DEN_MIA,2023,3,2023-09-24,DEN,MIA,1,Model B - Current,0.706680894127871,1
2023_03_LAC_MIN,2023,3,2023-09-24,LAC,MIN,0,Model B - Current,0.49424592677446816,0
2023_03_NE_NYJ,2023,3,2023-09-24,NE,NYJ,0,Model B - Current,0.44225429783887094,0
2023_03_BUF_WAS,2023,3,2023-09-24,BUF,WAS,0,Model B - Current,0.3208995309117658,0
2023_03_CAR_SEA,2023,3,2023-09-24,CAR,SEA,1,Model B - Current,0.5642129248243264,1
2023_03_DAL_ARI,2023,3,2023-09-24,DAL,ARI,1,Model B - Current,0.27981487393298726,0
2023_03_CHI_KC,2023,3,2023-09-24,CHI,KC,1,Model B - Current,0.8378005875906388,1
2023_03_PIT_LV,2023,3,2023-09-24,PIT,LV,0,Model B - Current,0.5632189702059954,1
2023_03_PHI_TB,2023,3,2023-09-25,PHI,TB,0,Model B - Current,0.5232972406769013,1
2023_03_LA_CIN,2023,3,2023-09-25,LA,CIN,1,Model B - Current,0.3699833832421018,0
2023_04_DET_GB,2023,4,2023-09-28,DET,GB,0,Model B - Current,0.5157923774446587,1
2023_04_ATL_JAX,2023,4,2023-10-01,ATL,JAX,1,Model B - Current,0.6660379121405107,1
2023_04_MIA_BUF,2023,4,2023-10-01,MIA,BUF,1,Model B - Current,0.5157481840400928,1
2023_04_MIN_CAR,2023,4,2023-10-01,MIN,CAR,0,Model B - Current,0.44500568906552407,0
2023_04_DEN_CHI,2023,4,2023-10-01,DEN,CHI,0,Model B - Current,0.4532552587459451,0
2023_04_BAL_CLE,2023,4,2023-10-01,BAL,CLE,0,Model B - Current,0.5814263438241252,1
2023_04_PIT_HOU,2023,4,2023-10-01,PIT,HOU,1,Model B - Current,0.5406633673347233,1
2023_04_LA_IND,2023,4,2023-10-01,LA,IND,0,Model B - Current,0.40222204258941,0
2023_04_TB_NO,2023,4,2023-10-01,TB,NO,0,Model B - Current,0.6270603665305168,1
2023_04_WAS_PHI,2023,4,2023-10-01,WAS,PHI,1,Model B - Current,0.6907452598746141,1
2023_04_CIN_TEN,2023,4,2023-10-01,CIN,TEN,1,Model B - Current,0.5099290998206528,1
2023_04_LV_LAC,2023,4,2023-10-01,LV,LAC,1,Model B - Current,0.7098793842736931,1
2023_04_NE_DAL,2023,4,2023-10-01,NE,DAL,1,Model B - Current,0.6954571645907853,1
2023_04_ARI_SF,2023,4,2023-10-01,ARI,SF,1,Model B - Current,0.7953484150826633,1
2023_04_KC_NYJ,2023,4,2023-10-01,KC,NYJ,0,Model B - Current,0.23934351567306986,0
2023_04_SEA_NYG,2023,4,2023-10-02,SEA,NYG,0,Model B - Current,0.35212447098579014,0
2023_05_CHI_WAS,2023,5,2023-10-05,CHI,WAS,0,Model B - Current,0.6323640953063829,1
2023_05_JAX_BUF,2023,5,2023-10-08,JAX,BUF,0,Model B - Current,0.7886369015409017,1
2023_05_HOU_ATL,2023,5,2023-10-08,HOU,ATL,1,Model B - Current,0.45747425581414647,0
2023_05_CAR_DET,2023,5,2023-10-08,CAR,DET,1,Model B - Current,0.7667143158254403,1
2023_05_TEN_IND,2023,5,2023-10-08,TEN,IND,1,Model B - Current,0.6172019005076678,1
2023_05_NYG_MIA,2023,5,2023-10-08,NYG,MIA,1,Model B - Current,0.9087904561474853,1
2023_05_NO_NE,2023,5,2023-10-08,NO,NE,0,Model B - Current,0.5464370724665806,1
2023_05_BAL_PIT,2023,5,2023-10-08,BAL,PIT,1,Model B - Current,0.192195831683066,0
2023_05_CIN_ARI,2023,5,2023-10-08,CIN,ARI,0,Model B - Current,0.6989120603518364,1
2023_05_PHI_LA,2023,5,2023-10-08,PHI,LA,0,Model B - Current,0.604065860438164,1
2023_05_NYJ_DEN,2023,5,2023-10-08,NYJ,DEN,0,Model B - Current,0.6867914144570305,1
2023_05_KC_MIN,2023,5,2023-10-08,KC,MIN,0,Model B - Current,0.5069562846850294,1
2023_05_DAL_SF,2023,5,2023-10-08,DAL,SF,1,Model B - Current,0.6302579846328581,1
2023_05_GB_LV,2023,5,2023-10-09,GB,LV,1,Model B - Current,0.5510335664217848,1
2023_06_DEN_KC,2023,6,2023-10-12,DEN,KC,1,Model B - Current,0.7159750107624697,1
2023_06_BAL_TEN,2023,6,2023-10-15,BAL,TEN,0,Model B - Current,0.36451084296882785,0
2023_06_WAS_ATL,2023,6,2023-10-15,WAS,ATL,0,Model B - Current,0.6497224949020443,1
2023_06_MIN_CHI,2023,6,2023-10-15,MIN,CHI,0,Model B - Current,0.46556449350247486,0
2023_06_SEA_CIN,2023,6,2023-10-15,SEA,CIN,1,Model B - Current,0.416316193765087,0
2023_06_SF_CLE,2023,6,2023-10-15,SF,CLE,1,Model B - Current,0.19482789380868068,0
2023_06_NO_HOU,2023,6,2023-10-15,NO,HOU,1,Model B - Current,0.5121598600049919,1
2023_06_IND_JAX,2023,6,2023-10-15,IND,JAX,1,Model B - Current,0.6325448453704194,1
2023_06_CAR_MIA,2023,6,2023-10-15,CAR,MIA,1,Model B - Current,0.848816237958706,1
2023_06_NE_LV,2023,6,2023-10-15,NE,LV,1,Model B - Current,0.8057281233576801,1
2023_06_ARI_LA,2023,6,2023-10-15,ARI,LA,1,Model B - Current,0.7104489829956818,1
2023_06_PHI_NYJ,2023,6,2023-10-15,PHI,NYJ,1,Model B - Current,0.354081696720816,0
2023_06_DET_TB,2023,6,2023-10-15,DET,TB,0,Model B - Current,0.4342627504263684,0
2023_06_NYG_BUF,2023,6,2023-10-15,NYG,BUF,1,Model B - Current,0.9136721259803091,1
2023_06_DAL_LAC,2023,6,2023-10-16,DAL,LAC,0,Model B - Current,0.5776078959106523,1
2023_07_JAX_NO,2023,7,2023-10-19,JAX,NO,0,Model B - Current,0.5654949298359342,1
2023_07_DET_BAL,2023,7,2023-10-22,DET,BAL,1,Model B - Current,0.48061839733865175,0
2023_07_LV_CHI,2023,7,2023-10-22,LV,CHI,1,Model B - Current,0.4663899141908672,0
2023_07_CLE_IND,2023,7,2023-10-22,CLE,IND,0,Model B - Current,0.5337207583905931,1
2023_07_BUF_NE,2023,7,2023-10-22,BUF,NE,1,Model B - Current,0.18928607711949016,0
2023_07_WAS_NYG,2023,7,2023-10-22,WAS,NYG,1,Model B - Current,0.4839924228908342,0
2023_07_ATL_TB,2023,7,2023-10-22,ATL,TB,0,Model B - Current,0.5426267993235893,1
2023_07_PIT_LA,2023,7,2023-10-22,PIT,LA,0,Model B - Current,0.7808304746235176,1
2023_07_ARI_SEA,2023,7,2023-10-22,ARI,SEA,1,Model B - Current,0.7661022787912489,1
2023_07_GB_DEN,2023,7,2023-10-22,GB,DEN,1,Model B - Current,0.4462209287937285,0
2023_07_LAC_KC,2023,7,2023-10-22,LAC,KC,1,Model B - Current,0.7205058468304084,1
2023_07_MIA_PHI,2023,7,2023-10-22,MIA,PHI,1,Model B - Current,0.35822373547824504,0
2023_07_SF_MIN,2023,7,2023-10-23,SF,MIN,1,Model B - Current,0.34139136267732273,0
2023_08_TB_BUF,2023,8,2023-10-26,TB,BUF,1,Model B - Current,0.8108861146007544,1
2023_08_HOU_CAR,2023,8,2023-10-29,HOU,CAR,1,Model B - Current,0.4193758771934281,0
2023_08_LA_DAL,2023,8,2023-10-29,LA,DAL,1,Model B - Current,0.5820784648011009,1
2023_08_MIN_GB,2023,8,2023-10-29,MIN,GB,0,Model B - Current,0.5263591706476005,1
2023_08_NO_IND,2023,8,2023-10-29,NO,IND,0,Model B - Current,0.5011337895879712,1
2023_08_NE_MIA,2023,8,2023-10-29,NE,MIA,1,Model B - Current,0.7561695616704724,1
2023_08_NYJ_NYG,2023,8,2023-10-29,NYJ,NYG,0,Model B - Current,0.5546375788146926,1
2023_08_JAX_PIT,2023,8,2023-10-29,JAX,PIT,0,Model B - Current,0.4257064224178821,0
2023_08_ATL_TEN,2023,8,2023-10-29,ATL,TEN,1,Model B - Current,0.4553577916722984,0
2023_08_PHI_WAS,2023,8,2023-10-29,PHI,WAS,0,Model B - Current,0.335507591815108,0
2023_08_CLE_SEA,2023,8,2023-10-29,CLE,SEA,1,Model B - Current,0.7412418369290452,1
2023_08_BAL_ARI,2023,8,2023-10-29,BAL,ARI,0,Model B - Current,0.17464371258537334,0
2023_08_KC_DEN,2023,8,2023-10-29,KC,DEN,1,Model B - Current,0.2931174574866041,0
2023_08_CIN_SF,2023,8,2023-10-29,CIN,SF,0,Model B - Current,0.7554887572926229,1
2023_08_CHI_LAC,2023,8,2023-10-29,CHI,LAC,1,Model B - Current,0.43068675964137343,0
2023_08_LV_DET,2023,8,2023-10-30,LV,DET,1,Model B - Current,0.6664388358674991,1
2023_09_TEN_PIT,2023,9,2023-11-02,TEN,PIT,1,Model B - Current,0.5366648590895193,1
2023_09_MIA_KC,2023,9,2023-11-05,MIA,KC,1,Model B - Current,0.47712576821675834,0
2023_09_MIN_ATL,2023,9,2023-11-05,MIN,ATL,0,Model B - Current,0.44771141012091314,0
2023_09_SEA_BAL,2023,9,2023-11-05,SEA,BAL,1,Model B - Current,0.6298379026456726,1
2023_09_ARI_CLE,2023,9,2023-11-05,ARI,CLE,1,Model B - Current,0.6052622201726648,1
2023_09_LA_GB,2023,9,2023-11-05,LA,GB,1,Model B - Current,0.4850271391373106,0
2023_09_TB_HOU,2023,9,2023-11-05,TB,HOU,1,Model B - Current,0.6321025542426338,1
2023_09_WAS_NE,2023,9,2023-11-05,WAS,NE,0,Model B - Current,0.5312760165166664,1
2023_09_CHI_NO,2023,9,2023-11-05,CHI,NO,1,Model B - Current,0.6090884852559575,1
2023_09_IND_CAR,2023,9,2023-11-05,IND,CAR,0,Model B - Current,0.4960706046807596,0
2023_09_NYG_LV,2023,9,2023-11-05,NYG,LV,1,Model B - Current,0.6273157827962577,1
2023_09_DAL_PHI,2023,9,2023-11-05,DAL,PHI,1,Model B - Current,0.5135737144168779,1
2023_09_BUF_CIN,2023,9,2023-11-05,BUF,CIN,1,Model B - Current,0.39261704924238344,0
2023_09_LAC_NYJ,2023,9,2023-11-06,LAC,NYJ,0,Model B - Current,0.4717186601465122,0
2023_10_CAR_CHI,2023,10,2023-11-09,CAR,CHI,1,Model B - Current,0.7228873327500913,1
2023_10_IND_NE,2023,10,2023-11-12,IND,NE,0,Model B - Current,0.4986859361021802,0
2023_10_CLE_BAL,2023,10,2023-11-12,CLE,BAL,0,Model B - Current,0.7774268520239738,1
2023_10_HOU_CIN,2023,10,2023-11-12,HOU,CIN,0,Model B - Current,0.6238376481247133,1
2023_10_SF_JAX,2023,10,2023-11-12,SF,JAX,0,Model B - Current,0.4574137837717303,0
2023_10_NO_MIN,2023,10,2023-11-12,NO,MIN,1,Model B - Current,0.5130709032825942,1
2023_10_GB_PIT,2023,10,2023-11-12,GB,PIT,1,Model B - Current,0.5128483148745961,1
2023_10_TEN_TB,2023,10,2023-11-12,TEN,TB,1,Model B - Current,0.5119088349391021,1
2023_10_ATL_ARI,2023,10,2023-11-12,ATL,ARI,1,Model B - Current,0.2893174290914913,0
2023_10_DET_LAC,2023,10,2023-11-12,DET,LAC,0,Model B - Current,0.3908282766718351,0
2023_10_NYG_DAL,2023,10,2023-11-12,NYG,DAL,1,Model B - Current,0.7939706600968708,1
2023_10_WAS_SEA,2023,10,2023-11-12,WAS,SEA,1,Model B - Current,0.5111905286153255,1
2023_10_NYJ_LV,2023,10,2023-11-12,NYJ,LV,1,Model B - Current,0.7263684414312006,1
2023_10_DEN_BUF,2023,10,2023-11-13,DEN,BUF,0,Model B - Current,0.7497701884128785,1
2023_11_CIN_BAL,2023,11,2023-11-16,CIN,BAL,1,Model B - Current,0.6537951630291099,1
2023_11_DAL_CAR,2023,11,2023-11-19,DAL,CAR,0,Model B - Current,0.20026047173011055,0
2023_11_PIT_CLE,2023,11,2023-11-19,PIT,CLE,1,Model B - Current,0.5768030888038392,1
2023_11_CHI_DET,2023,11,2023-11-19,CHI,DET,1,Model B - Current,0.6576231482503713,1
2023_11_LAC_GB,2023,11,2023-11-19,LAC,GB,1,Model B - Current,0.5924815160436712,1
2023_11_ARI_HOU,2023,11,2023-11-19,ARI,HOU,1,Model B - Current,0.7641925982038725,1
2023_11_TEN_JAX,2023,11,2023-11-19,TEN,JAX,1,Model B - Current,0.5873554896309856,1
2023_11_LV_MIA,2023,11,2023-11-19,LV,MIA,1,Model B - Current,0.6376615770775984,1
2023_11_NYG_WAS,2023,11,2023-11-19,NYG,WAS,0,Model B - Current,0.7559972827880849,1
2023_11_TB_SF,2023,11,2023-11-19,TB,SF,1,Model B - Current,0.8311410054481716,1
2023_11_NYJ_BUF,2023,11,2023-11-19,NYJ,BUF,1,Model B - Current,0.7850900509196206,1
2023_11_SEA_LA,2023,11,2023-11-19,SEA,LA,1,Model B - Current,0.5069139235053503,1
2023_11_MIN_DEN,2023,11,2023-11-19,MIN,DEN,1,Model B - Current,0.44301330460048577,0
2023_11_PHI_KC,2023,11,2023-11-20,PHI,KC,0,Model B - Current,0.5356577870461188,1
2023_12_GB_DET,2023,12,2023-11-23,GB,DET,0,Model B - Current,0.6980120767060851,1
2023_12_WAS_DAL,2023,12,2023-11-23,WAS,DAL,1,Model B - Current,0.7545541493300518,1
2023_12_SF_SEA,2023,12,2023-11-23,SF,SEA,0,Model B - Current,0.23354253321774693,0
2023_12_MIA_NYJ,2023,12,2023-11-24,MIA,NYJ,0,Model B - Current,0.27846950798704545,0
2023_12_NO_ATL,2023,12,2023-11-26,NO,ATL,1,Model B - Current,0.47205831548866045,0
2023_12_PIT_CIN,2023,12,2023-11-26,PIT,CIN,0,Model B - Current,0.6248869439183486,1
2023_12_JAX_HOU,2023,12,2023-11-26,JAX,HOU,0,Model B - Current,0.6516891995972721,1
2023_12_TB_IND,2023,12,2023-11-26,TB,IND,1,Model B - Current,0.6087535173394212,1
2023_12_NE_NYG,2023,12,2023-11-26,NE,NYG,1,Model B - Current,0.37163459417851147,0
2023_12_CAR_TEN,2023,12,2023-11-26,CAR,TEN,1,Model B - Current,0.6799887064699887,1
2023_12_LA_ARI,2023,12,2023-11-26,LA,ARI,0,Model B - Current,0.5048027949695465,1
2023_12_CLE_DEN,2023,12,2023-11-26,CLE,DEN,1,Model B - Current,0.5380230792948755,1
2023_12_KC_LV,2023,12,2023-11-26,KC,LV,0,Model B - Current,0.5340515491118333,1
2023_12_BUF_PHI,2023,12,2023-11-26,BUF,PHI,1,Model B - Current,0.4533606624271444,0
2023_12_BAL_LAC,2023,12,2023-11-26,BAL,LAC,0,Model B - Current,0.36106392959355893,0
2023_12_CHI_MIN,2023,12,2023-11-27,CHI,MIN,0,Model B - Current,0.6049348419266912,1
2023_13_SEA_DAL,2023,13,2023-11-30,SEA,DAL,1,Model B - Current,0.8288124093085963,1
2023_13_DEN_HOU,2023,13,2023-12-03,DEN,HOU,1,Model B - Current,0.5737730254492467,1
2023_13_LAC_NE,2023,13,2023-12-03,LAC,NE,0,Model B - Current,0.617935805483812,1
2023_13_DET_NO,2023,13,2023-12-03,DET,NO,0,Model B - Current,0.4716769454635461,0
2023_13_ATL_NYJ,2023,13,2023-12-03,ATL,NYJ,0,Model B - Current,0.348830315517654,0
2023_13_ARI_PIT,2023,13,2023-12-03,ARI,PIT,0,Model B - Current,0.7608293418002371,1
2023_13_IND_TEN,2023,13,2023-12-03,IND,TEN,0,Model B - Current,0.49069434401732553,0
2023_13_MIA_WAS,2023,13,2023-12-03,MIA,WAS,0,Model B - Current,0.34855258620964796,0
2023_13_CAR_TB,2023,13,2023-12-03,CAR,TB,1,Model B - Current,0.7203764854087497,1
2023_13_CLE_LA,2023,13,2023-12-03,CLE,LA,1,Model B - Current,0.6595490148475194,1
2023_13_SF_PHI,2023,13,2023-12-03,SF,PHI,0,Model B - Current,0.30654371529994934,0
2023_13_KC_GB,2023,13,2023-12-03,KC,GB,1,Model B - Current,0.5584811817372264,1
2023_13_CIN_JAX,2023,13,2023-12-04,CIN,JAX,0,Model B - Current,0.5739230908968064,1
2023_14_NE_PIT,2023,14,2023-12-07,NE,PIT,0,Model B - Current,0.6612199689127726,1
2023_14_TB_ATL,2023,14,2023-12-10,TB,ATL,0,Model B - Current,0.6069725803854289,1
2023_14_LA_BAL,2023,14,2023-12-10,LA,BAL,1,Model B - Current,0.6859760291178257,1
2023_14_DET_CHI,2023,14,2023-12-10,DET,CHI,1,Model B - Current,0.5635885236321678,1
2023_14_IND_CIN,2023,14,2023-12-10,IND,CIN,1,Model B - Current,0.5442013497227238,1
2023_14_JAX_CLE,2023,14,2023-12-10,JAX,CLE,1,Model B - Current,0.46440993762121185,0
2023_14_CAR_NO,2023,14,2023-12-10,CAR,NO,1,Model B - Current,0.7163524035002546,1
2023_14_HOU_NYJ,2023,14,2023-12-10,HOU,NYJ,1,Model B - Current,0.2873520752759131,0
2023_14_MIN_LV,2023,14,2023-12-10,MIN,LV,0,Model B - Current,0.5004708746491121,1
2023_14_SEA_SF,2023,14,2023-12-10,SEA,SF,1,Model B - Current,0.8494710359715677,1
2023_14_BUF_KC,2023,14,2023-12-10,BUF,KC,0,Model B - Current,0.4502148468117496,0
2023_14_DEN_LAC,2023,14,2023-12-10,DEN,LAC,0,Model B - Current,0.5195317019575103,1
2023_14_PHI_DAL,2023,14,2023-12-10,PHI,DAL,1,Model B - Current,0.8218753089267535,1
2023_14_TEN_MIA,2023,14,2023-12-11,TEN,MIA,0,Model B - Current,0.7685171398083156,1
2023_14_GB_NYG,2023,14,2023-12-11,GB,NYG,1,Model B - Current,0.3060270990056347,0
2023_15_LAC_LV,2023,15,2023-12-14,LAC,LV,1,Model B - Current,0.45092967641275616,0
2023_15_MIN_CIN,2023,15,2023-12-16,MIN,CIN,1,Model B - Current,0.5737706187904331,1
2023_15_PIT_IND,2023,15,2023-12-16,PIT,IND,1,Model B - Current,0.5609455323754311,1
2023_15_DEN_DET,2023,15,2023-12-16,DEN,DET,1,Model B - Current,0.5238802764516788,1
2023_15_ATL_CAR,2023,15,2023-12-17,ATL,CAR,1,Model B - Current,0.3984920978194685,0
2023_15_CHI_CLE,2023,15,2023-12-17,CHI,CLE,1,Model B - Current,0.49444718255275316,0
2023_15_TB_GB,2023,15,2023-12-17,TB,GB,0,Model B - Current,0.6879536635598982,1
2023_15_NYJ_MIA,2023,15,2023-12-17,NYJ,MIA,1,Model B - Current,0.7891753049440995,1
2023_15_KC_NE,2023,15,2023-12-17,KC,NE,0,Model B - Current,0.4466701728838229,0
2023_15_NYG_NO,2023,15,2023-12-17,NYG,NO,1,Model B - Current,0.6464128342035655,1
2023_15_HOU_TEN,2023,15,2023-12-17,HOU,TEN,0,Model B - Current,0.6831122913573766,1
2023_15_SF_ARI,2023,15,2023-12-17,SF,ARI,0,Model B - Current,0.1727647975260769,0
2023_15_WAS_LA,2023,15,2023-12-17,WAS,LA,1,Model B - Current,0.7488897592025688,1
2023_15_DAL_BUF,2023,15,2023-12-17,DAL,BUF,1,Model B - Current,0.4331519785672064,0
2023_15_BAL_JAX,2023,15,2023-12-17,BAL,JAX,0,Model B - Current,0.3856442013059589,0
2023_15_PHI_SEA,2023,15,2023-12-18,PHI,SEA,1,Model B - Current,0.4985091147142393,0
2023_16_NO_LA,2023,16,2023-12-21,NO,LA,1,Model B - Current,0.4980034804767125,0
2023_16_CIN_PIT,2023,16,2023-12-23,CIN,PIT,1,Model B - Current,0.42361212023071076,0
2023_16_BUF_LAC,2023,16,2023-12-23,BUF,LAC,0,Model B - Current,0.29502853269384577,0
2023_16_IND_ATL,2023,16,2023-12-24,IND,ATL,1,Model B - Current,0.4647175523549554,0
2023_16_GB_CAR,2023,16,2023-12-24,GB,CAR,0,Model B - Current,0.41085800527813265,0
2023_16_CLE_HOU,2023,16,2023-12-24,CLE,HOU,0,Model B - Current,0.544935293032048,1
2023_16_DET_MIN,2023,16,2023-12-24,DET,MIN,0,Model B - Current,0.478366517293148,0
2023_16_WAS_NYJ,2023,16,2023-12-24,WAS,NYJ,1,Model B - Current,0.4768747860951991,0
2023_16_SEA_TEN,2023,16,2023-12-24,SEA,TEN,0,Model B - Current,0.5792519934436865,1
2023_16_JAX_TB,2023,16,2023-12-24,JAX,TB,1,Model B - Current,0.6572386752910632,1
2023_16_ARI_CHI,2023,16,2023-12-24,ARI,CHI,1,Model B - Current,0.6974943704197858,1
2023_16_DAL_MIA,2023,16,2023-12-24,DAL,MIA,1,Model B - Current,0.6218287856203958,1
2023_16_NE_DEN,2023,16,2023-12-24,NE,DEN,0,Model B - Current,0.6242568603787984,1
2023_16_LV_KC,2023,16,2023-12-25,LV,KC,0,Model B - Current,0.6206568414298199,1
2023_16_NYG_PHI,2023,16,2023-12-25,NYG,PHI,1,Model B - Current,0.701745619881839,1
2023_16_BAL_SF,2023,16,2023-12-25,BAL,SF,0,Model B - Current,0.6830080624023438,1
2023_17_NYJ_CLE,2023,17,2023-12-28,NYJ,CLE,1,Model B - Current,0.7296831194251276,1
2023_17_DET_DAL,2023,17,2023-12-30,DET,DAL,1,Model B - Current,0.5263720919607648,1
2023_17_MIA_BAL,2023,17,2023-12-31,MIA,BAL,1,Model B - Current,0.5493962541134785,1
2023_17_NE_BUF,2023,17,2023-12-31,NE,BUF,1,Model B - Current,0.7568203133596856,1
2023_17_ATL_CHI,2023,17,2023-12-31,ATL,CHI,1,Model B - Current,0.460206837940578,0
2023_17_TEN_HOU,2023,17,2023-12-31,TEN,HOU,1,Model B - Current,0.4293904028473504,0
2023_17_LV_IND,2023,17,2023-12-31,LV,IND,1,Model B - Current,0.5810682822840484,1
2023_17_CAR_JAX,2023,17,2023-12-31,CAR,JAX,1,Model B - Current,0.5553240401132158,1
2023_17_LA_NYG,2023,17,2023-12-31,LA,NYG,0,Model B - Current,0.25364246683257546,0
2023_17_ARI_PHI,2023,17,2023-12-31,ARI,PHI,0,Model B - Current,0.811089945933414,1
2023_17_NO_TB,2023,17,2023-12-31,NO,TB,0,Model B - Current,0.5766322662147411,1
2023_17_SF_WAS,2023,17,2023-12-31,SF,WAS,0,Model B - Current,0.23070045940355585,0
2023_17_PIT_SEA,2023,17,2023-12-31,PIT,SEA,0,Model B - Current,0.46680146155552765,0
2023_17_LAC_DEN,2023,17,2023-12-31,LAC,DEN,1,Model B - Current,0.694534161025086,1
2023_17_CIN_KC,2023,17,2023-12-31,CIN,KC,1,Model B - Current,0.5906873367062779,1
2023_17_GB_MIN,2023,17,2023-12-31,GB,MIN,0,Model B - Current,0.5024621019725094,1
2023_18_PIT_BAL,2023,18,2024-01-06,PIT,BAL,0,Model B - Current,0.7723207793194283,1
2023_18_HOU_IND,2023,18,2024-01-06,HOU,IND,0,Model B - Current,0.5465014985377686,1
2023_18_TB_CAR,2023,18,2024-01-07,TB,CAR,0,Model B - Current,0.39412234260873474,0
2023_18_CLE_CIN,2023,18,2024-01-07,CLE,CIN,1,Model B - Current,0.4273211030268414,0
2023_18_MIN_DET,2023,18,2024-01-07,MIN,DET,1,Model B - Current,0.7564097894327668,1
2023_18_NYJ_NE,2023,18,2024-01-07,NYJ,NE,0,Model B - Current,0.5774639097281413,1
2023_18_ATL_NO,2023,18,2024-01-07,ATL,NO,1,Model B - Current,0.5704904664180308,1
2023_18_JAX_TEN,2023,18,2024-01-07,JAX,TEN,1,Model B - Current,0.43425461549240774,0
2023_18_SEA_ARI,2023,18,2024-01-07,SEA,ARI,0,Model B - Current,0.5013491019101243,1
2023_18_CHI_GB,2023,18,2024-01-07,CHI,GB,1,Model B - Current,0.7173893290894374,1
2023_18_KC_LAC,2023,18,2024-01-07,KC,LAC,0,Model B - Current,0.42121217959500046,0
2023_18_DEN_LV,2023,18,2024-01-07,DEN,LV,1,Model B - Current,0.47583167271345267,0
2023_18_PHI_NYG,2023,18,2024-01-07,PHI,NYG,1,Model B - Current,0.2878102849543851,0
2023_18_LA_SF,2023,18,2024-01-07,LA,SF,0,Model B - Current,0.7261778892860461,1
2023_18_DAL_WAS,2023,18,2024-01-07,DAL,WAS,0,Model B - Current,0.3078564412800161,0
2023_18_BUF_MIA,2023,18,2024-01-07,BUF,MIA,0,Model B - Current,0.4240190872361091,0
2023_01_DET_KC,2023,1,2023-09-07,DET,KC,0,Model C - Efficiency,0.6460094608344147,1
2023_01_CAR_ATL,2023,1,2023-09-10,CAR,ATL,1,Model C - Efficiency,0.5520014000925718,1
2023_01_HOU_BAL,2023,1,2023-09-10,HOU,BAL,1,Model C - Efficiency,0.6753633420841914,1
2023_01_CIN_CLE,2023,1,2023-09-10,CIN,CLE,1,Model C - Efficiency,0.42929387622762966,0
2023_01_JAX_IND,2023,1,2023-09-10,JAX,IND,0,Model C - Efficiency,0.27535401184401087,0
2023_01_TB_MIN,2023,1,2023-09-10,TB,MIN,0,Model C - Efficiency,0.6850830089872212,1
2023_01_TEN_NO,2023,1,2023-09-10,TEN,NO,1,Model C - Efficiency,0.7016286049040842,1
2023_01_SF_PIT,2023,1,2023-09-10,SF,PIT,0,Model C - Efficiency,0.449219357594419,0
2023_01_ARI_WAS,2023,1,2023-09-10,ARI,WAS,1,Model C - Efficiency,0.63052699060342,1
2023_01_GB_CHI,2023,1,2023-09-10,GB,CHI,0,Model C - Efficiency,0.2344455767977877,0
2023_01_LV_DEN,2023,1,2023-09-10,LV,DEN,0,Model C - Efficiency,0.5292732004976567,1
2023_01_MIA_LAC,2023,1,2023-09-10,MIA,LAC,0,Model C - Efficiency,0.7329380412277869,1
2023_01_PHI_NE,2023,1,2023-09-10,PHI,NE,0,Model C - Efficiency,0.4451878978645785,0
2023_01_LA_SEA,2023,1,2023-09-10,LA,SEA,0,Model C - Efficiency,0.5990106611902989,1
2023_01_DAL_NYG,2023,1,2023-09-10,DAL,NYG,0,Model C - Efficiency,0.6043129070073903,1
2023_01_BUF_NYJ,2023,1,2023-09-11,BUF,NYJ,1,Model C - Efficiency,0.23322657567887325,0
2023_02_MIN_PHI,2023,2,2023-09-14,MIN,PHI,1,Model C - Efficiency,0.4587182034730802,0
2023_02_GB_ATL,2023,2,2023-09-17,GB,ATL,1,Model C - Efficiency,0.48064668279204387,0
2023_02_LV_BUF,2023,2,2023-09-17,LV,BUF,1,Model C - Efficiency,0.7468015733757072,1
2023_02_BAL_CIN,2023,2,2023-09-17,BAL,CIN,0,Model C - Efficiency,0.5180403102781608,1
2023_02_SEA_DET,2023,2,2023-09-17,SEA,DET,0,Model C - Efficiency,0.7609812715719584,1
2023_02_IND_HOU,2023,2,2023-09-17,IND,HOU,0,Model C - Efficiency,0.5420980909206657,1
2023_02_KC_JAX,2023,2,2023-09-17,KC,JAX,0,Model C - Efficiency,0.5095090465385401,1
2023_02_CHI_TB,2023,2,2023-09-17,CHI,TB,1,Model C - Efficiency,0.7494317069568743,1
2023_02_LAC_TEN,2023,2,2023-09-17,LAC,TEN,1,Model C - Efficiency,0.27054626548085164,0
2023_02_NYG_ARI,2023,2,2023-09-17,NYG,ARI,0,Model C - Efficiency,0.4469794282464903,0
2023_02_SF_LA,2023,2,2023-09-17,SF,LA,0,Model C - Efficiency,0.3346166222405051,0
2023_02_NYJ_DAL,2023,2,2023-09-17,NYJ,DAL,1,Model C - Efficiency,0.7595108065087901,1
2023_02_WAS_DEN,2023,2,2023-09-17,WAS,DEN,0,Model C - Efficiency,0.5240842285210827,1
2023_02_MIA_NE,2023,2,2023-09-17,MIA,NE,0,Model C - Efficiency,0.45827041886955794,0
2023_02_NO_CAR,2023,2,2023-09-18,NO,CAR,0,Model C - Efficiency,0.4867875175499894,0
2023_02_CLE_PIT,2023,2,2023-09-18,CLE,PIT,1,Model C - Efficiency,0.5775692808755948,1
2023_03_NYG_SF,2023,3,2023-09-21,NYG,SF,1,Model C - Efficiency,0.8076761535639718,1
2023_03_IND_BAL,2023,3,2023-09-24,IND,BAL,0,Model C - Efficiency,0.7048339810126908,1
2023_03_TEN_CLE,2023,3,2023-09-24,TEN,CLE,1,Model C - Efficiency,0.7325237643670031,1
2023_03_ATL_DET,2023,3,2023-09-24,ATL,DET,1,Model C - Efficiency,0.6496560754947527,1
2023_03_NO_GB,2023,3,2023-09-24,NO,GB,1,Model C - Efficiency,0.5864475972738015,1
2023_03_HOU_JAX,2023,3,2023-09-24,HOU,JAX,0,Model C - Efficiency,0.8090758135743558,1
2023_03_DEN_MIA,2023,3,2023-09-24,DEN,MIA,1,Model C - Efficiency,0.7007709768517844,1
2023_03_LAC_MIN,2023,3,2023-09-24,LAC,MIN,0,Model C - Efficiency,0.4897823857713848,0
2023_03_NE_NYJ,2023,3,2023-09-24,NE,NYJ,0,Model C - Efficiency,0.4371748909747362,0
2023_03_BUF_WAS,2023,3,2023-09-24,BUF,WAS,0,Model C - Efficiency,0.3217858400190639,0
2023_03_CAR_SEA,2023,3,2023-09-24,CAR,SEA,1,Model C - Efficiency,0.5650002160589753,1
2023_03_DAL_ARI,2023,3,2023-09-24,DAL,ARI,1,Model C - Efficiency,0.2800973287430116,0
2023_03_CHI_KC,2023,3,2023-09-24,CHI,KC,1,Model C - Efficiency,0.8362456332654717,1
2023_03_PIT_LV,2023,3,2023-09-24,PIT,LV,0,Model C - Efficiency,0.5571151276820923,1
2023_03_PHI_TB,2023,3,2023-09-25,PHI,TB,0,Model C - Efficiency,0.5257317074182891,1
2023_03_LA_CIN,2023,3,2023-09-25,LA,CIN,1,Model C - Efficiency,0.36856230264385087,0
2023_04_DET_GB,2023,4,2023-09-28,DET,GB,0,Model C - Efficiency,0.5183346573314561,1
2023_04_ATL_JAX,2023,4,2023-10-01,ATL,JAX,1,Model C - Efficiency,0.6693969920245553,1
2023_04_MIA_BUF,2023,4,2023-10-01,MIA,BUF,1,Model C - Efficiency,0.5187020988133065,1
2023_04_MIN_CAR,2023,4,2023-10-01,MIN,CAR,0,Model C - Efficiency,0.44968013203752366,0
2023_04_DEN_CHI,2023,4,2023-10-01,DEN,CHI,0,Model C - Efficiency,0.4522742246499509,0
2023_04_BAL_CLE,2023,4,2023-10-01,BAL,CLE,0,Model C - Efficiency,0.5823404515546303,1
2023_04_PIT_HOU,2023,4,2023-10-01,PIT,HOU,1,Model C - Efficiency,0.5370043607753925,1
2023_04_LA_IND,2023,4,2023-10-01,LA,IND,0,Model C - Efficiency,0.4014750395296291,0
2023_04_TB_NO,2023,4,2023-10-01,TB,NO,0,Model C - Efficiency,0.6265299609996681,1
2023_04_WAS_PHI,2023,4,2023-10-01,WAS,PHI,1,Model C - Efficiency,0.6868623215253213,1
2023_04_CIN_TEN,2023,4,2023-10-01,CIN,TEN,1,Model C - Efficiency,0.5085472267492134,1
2023_04_LV_LAC,2023,4,2023-10-01,LV,LAC,1,Model C - Efficiency,0.7057032143791835,1
2023_04_NE_DAL,2023,4,2023-10-01,NE,DAL,1,Model C - Efficiency,0.6921080457268292,1
2023_04_ARI_SF,2023,4,2023-10-01,ARI,SF,1,Model C - Efficiency,0.7954217328084746,1
2023_04_KC_NYJ,2023,4,2023-10-01,KC,NYJ,0,Model C - Efficiency,0.237837643025531,0
2023_04_SEA_NYG,2023,4,2023-10-02,SEA,NYG,0,Model C - Efficiency,0.3549420044335866,0
2023_05_CHI_WAS,2023,5,2023-10-05,CHI,WAS,0,Model C - Efficiency,0.6357260361483617,1
2023_05_JAX_BUF,2023,5,2023-10-08,JAX,BUF,0,Model C - Efficiency,0.7868563795696716,1
2023_05_HOU_ATL,2023,5,2023-10-08,HOU,ATL,1,Model C - Efficiency,0.45329538027685756,0
2023_05_CAR_DET,2023,5,2023-10-08,CAR,DET,1,Model C - Efficiency,0.76457247763779,1
2023_05_TEN_IND,2023,5,2023-10-08,TEN,IND,1,Model C - Efficiency,0.6214898259082126,1
2023_05_NYG_MIA,2023,5,2023-10-08,NYG,MIA,1,Model C - Efficiency,0.9069899044115723,1
2023_05_NO_NE,2023,5,2023-10-08,NO,NE,0,Model C - Efficiency,0.5524029781365197,1
2023_05_BAL_PIT,2023,5,2023-10-08,BAL,PIT,1,Model C - Efficiency,0.19462190574755833,0
2023_05_CIN_ARI,2023,5,2023-10-08,CIN,ARI,0,Model C - Efficiency,0.6976819756029322,1
2023_05_PHI_LA,2023,5,2023-10-08,PHI,LA,0,Model C - Efficiency,0.6098598855988784,1
2023_05_NYJ_DEN,2023,5,2023-10-08,NYJ,DEN,0,Model C - Efficiency,0.6883200847402521,1
2023_05_KC_MIN,2023,5,2023-10-08,KC,MIN,0,Model C - Efficiency,0.4991544116201864,0
2023_05_DAL_SF,2023,5,2023-10-08,DAL,SF,1,Model C - Efficiency,0.6334633055618463,1
2023_05_GB_LV,2023,5,2023-10-09,GB,LV,1,Model C - Efficiency,0.549537871764903,1
2023_06_DEN_KC,2023,6,2023-10-12,DEN,KC,1,Model C - Efficiency,0.7156836554199313,1
2023_06_BAL_TEN,2023,6,2023-10-15,BAL,TEN,0,Model C - Efficiency,0.36145496883424455,0
2023_06_WAS_ATL,2023,6,2023-10-15,WAS,ATL,0,Model C - Efficiency,0.6494388880092801,1
2023_06_MIN_CHI,2023,6,2023-10-15,MIN,CHI,0,Model C - Efficiency,0.47017845535532726,0
2023_06_SEA_CIN,2023,6,2023-10-15,SEA,CIN,1,Model C - Efficiency,0.42181216324145876,0
2023_06_SF_CLE,2023,6,2023-10-15,SF,CLE,1,Model C - Efficiency,0.1917080422211105,0
2023_06_NO_HOU,2023,6,2023-10-15,NO,HOU,1,Model C - Efficiency,0.5138353326351143,1
2023_06_IND_JAX,2023,6,2023-10-15,IND,JAX,1,Model C - Efficiency,0.633885700711148,1
2023_06_CAR_MIA,2023,6,2023-10-15,CAR,MIA,1,Model C - Efficiency,0.8461055421324977,1
2023_06_NE_LV,2023,6,2023-10-15,NE,LV,1,Model C - Efficiency,0.8038213242494043,1
2023_06_ARI_LA,2023,6,2023-10-15,ARI,LA,1,Model C - Efficiency,0.7148055192425168,1
2023_06_PHI_NYJ,2023,6,2023-10-15,PHI,NYJ,1,Model C - Efficiency,0.347739851173854,0
2023_06_DET_TB,2023,6,2023-10-15,DET,TB,0,Model C - Efficiency,0.43503077422860276,0
2023_06_NYG_BUF,2023,6,2023-10-15,NYG,BUF,1,Model C - Efficiency,0.911475686402644,1
2023_06_DAL_LAC,2023,6,2023-10-16,DAL,LAC,0,Model C - Efficiency,0.5714954077382493,1
2023_07_JAX_NO,2023,7,2023-10-19,JAX,NO,0,Model C - Efficiency,0.564663316799585,1
2023_07_DET_BAL,2023,7,2023-10-22,DET,BAL,1,Model C - Efficiency,0.4874088249663969,0
2023_07_LV_CHI,2023,7,2023-10-22,LV,CHI,1,Model C - Efficiency,0.46157725570355373,0
2023_07_CLE_IND,2023,7,2023-10-22,CLE,IND,0,Model C - Efficiency,0.5361209468446049,1
2023_07_BUF_NE,2023,7,2023-10-22,BUF,NE,1,Model C - Efficiency,0.19380353480286677,0
2023_07_WAS_NYG,2023,7,2023-10-22,WAS,NYG,1,Model C - Efficiency,0.48956946890531783,0
2023_07_ATL_TB,2023,7,2023-10-22,ATL,TB,0,Model C - Efficiency,0.5389681767444768,1
2023_07_PIT_LA,2023,7,2023-10-22,PIT,LA,0,Model C - Efficiency,0.7812520508452078,1
2023_07_ARI_SEA,2023,7,2023-10-22,ARI,SEA,1,Model C - Efficiency,0.7641860372032669,1
2023_07_GB_DEN,2023,7,2023-10-22,GB,DEN,1,Model C - Efficiency,0.4401772582144895,0
2023_07_LAC_KC,2023,7,2023-10-22,LAC,KC,1,Model C - Efficiency,0.7233321248860668,1
2023_07_MIA_PHI,2023,7,2023-10-22,MIA,PHI,1,Model C - Efficiency,0.363420121044317,0
2023_07_SF_MIN,2023,7,2023-10-23,SF,MIN,1,Model C - Efficiency,0.3351555651097196,0
2023_08_TB_BUF,2023,8,2023-10-26,TB,BUF,1,Model C - Efficiency,0.8102720136556174,1
2023_08_HOU_CAR,2023,8,2023-10-29,HOU,CAR,1,Model C - Efficiency,0.42206280033786137,0
2023_08_LA_DAL,2023,8,2023-10-29,LA,DAL,1,Model C - Efficiency,0.5795207818938974,1
2023_08_MIN_GB,2023,8,2023-10-29,MIN,GB,0,Model C - Efficiency,0.5327218435381875,1
2023_08_NO_IND,2023,8,2023-10-29,NO,IND,0,Model C - Efficiency,0.5005910693853336,1
2023_08_NE_MIA,2023,8,2023-10-29,NE,MIA,1,Model C - Efficiency,0.7524430795027214,1
2023_08_NYJ_NYG,2023,8,2023-10-29,NYJ,NYG,0,Model C - Efficiency,0.562670957021221,1
2023_08_JAX_PIT,2023,8,2023-10-29,JAX,PIT,0,Model C - Efficiency,0.4254777210970432,0
2023_08_ATL_TEN,2023,8,2023-10-29,ATL,TEN,1,Model C - Efficiency,0.4469447290582384,0
2023_08_PHI_WAS,2023,8,2023-10-29,PHI,WAS,0,Model C - Efficiency,0.33528110688854035,0
2023_08_CLE_SEA,2023,8,2023-10-29,CLE,SEA,1,Model C - Efficiency,0.7406706763135014,1
2023_08_BAL_ARI,2023,8,2023-10-29,BAL,ARI,0,Model C - Efficiency,0.17447155616732485,0
2023_08_KC_DEN,2023,8,2023-10-29,KC,DEN,1,Model C - Efficiency,0.2926432170283708,0
2023_08_CIN_SF,2023,8,2023-10-29,CIN,SF,0,Model C - Efficiency,0.7567707366927438,1
2023_08_CHI_LAC,2023,8,2023-10-29,CHI,LAC,1,Model C - Efficiency,0.4287376894003869,0
2023_08_LV_DET,2023,8,2023-10-30,LV,DET,1,Model C - Efficiency,0.6668934480956703,1
2023_09_TEN_PIT,2023,9,2023-11-02,TEN,PIT,1,Model C - Efficiency,0.5395822867027972,1
2023_09_MIA_KC,2023,9,2023-11-05,MIA,KC,1,Model C - Efficiency,0.4795421966005776,0
2023_09_MIN_ATL,2023,9,2023-11-05,MIN,ATL,0,Model C - Efficiency,0.4559022730616092,0
2023_09_SEA_BAL,2023,9,2023-11-05,SEA,BAL,1,Model C - Efficiency,0.6305867277074347,1
2023_09_ARI_CLE,2023,9,2023-11-05,ARI,CLE,1,Model C - Efficiency,0.6044595838495167,1
2023_09_LA_GB,2023,9,2023-11-05,LA,GB,1,Model C - Efficiency,0.4846911827179673,0
2023_09_TB_HOU,2023,9,2023-11-05,TB,HOU,1,Model C - Efficiency,0.6326703933234339,1
2023_09_WAS_NE,2023,9,2023-11-05,WAS,NE,0,Model C - Efficiency,0.5309922493997026,1
2023_09_CHI_NO,2023,9,2023-11-05,CHI,NO,1,Model C - Efficiency,0.6139209458296175,1
2023_09_IND_CAR,2023,9,2023-11-05,IND,CAR,0,Model C - Efficiency,0.4953319837116959,0
2023_09_NYG_LV,2023,9,2023-11-05,NYG,LV,1,Model C - Efficiency,0.6340006712803496,1
2023_09_DAL_PHI,2023,9,2023-11-05,DAL,PHI,1,Model C - Efficiency,0.5130502461219608,1
2023_09_BUF_CIN,2023,9,2023-11-05,BUF,CIN,1,Model C - Efficiency,0.39360493475838093,0
2023_09_LAC_NYJ,2023,9,2023-11-06,LAC,NYJ,0,Model C - Efficiency,0.47337183189303705,0
2023_10_CAR_CHI,2023,10,2023-11-09,CAR,CHI,1,Model C - Efficiency,0.7192683299005942,1
2023_10_IND_NE,2023,10,2023-11-12,IND,NE,0,Model C - Efficiency,0.4990941693365533,0
2023_10_CLE_BAL,2023,10,2023-11-12,CLE,BAL,0,Model C - Efficiency,0.7747746651086101,1
2023_10_HOU_CIN,2023,10,2023-11-12,HOU,CIN,0,Model C - Efficiency,0.6267882932549806,1
2023_10_SF_JAX,2023,10,2023-11-12,SF,JAX,0,Model C - Efficiency,0.45787819628505894,0
2023_10_NO_MIN,2023,10,2023-11-12,NO,MIN,1,Model C - Efficiency,0.5082142423243573,1
2023_10_GB_PIT,2023,10,2023-11-12,GB,PIT,1,Model C - Efficiency,0.5118444332431795,1
2023_10_TEN_TB,2023,10,2023-11-12,TEN,TB,1,Model C - Efficiency,0.5120570291199888,1
2023_10_ATL_ARI,2023,10,2023-11-12,ATL,ARI,1,Model C - Efficiency,0.2871800526193285,0
2023_10_DET_LAC,2023,10,2023-11-12,DET,LAC,0,Model C - Efficiency,0.3846957849331299,0
2023_10_NYG_DAL,2023,10,2023-11-12,NYG,DAL,1,Model C - Efficiency,0.7946014156073403,1
2023_10_WAS_SEA,2023,10,2023-11-12,WAS,SEA,1,Model C - Efficiency,0.5076751027546954,1
2023_10_NYJ_LV,2023,10,2023-11-12,NYJ,LV,1,Model C - Efficiency,0.7280872296457095,1
2023_10_DEN_BUF,2023,10,2023-11-13,DEN,BUF,0,Model C - Efficiency,0.7536288788058363,1
2023_11_CIN_BAL,2023,11,2023-11-16,CIN,BAL,1,Model C - Efficiency,0.654422507422828,1
2023_11_DAL_CAR,2023,11,2023-11-19,DAL,CAR,0,Model C - Efficiency,0.2020606357230068,0
2023_11_PIT_CLE,2023,11,2023-11-19,PIT,CLE,1,Model C - Efficiency,0.5811336526074456,1
2023_11_CHI_DET,2023,11,2023-11-19,CHI,DET,1,Model C - Efficiency,0.6591165521165699,1
2023_11_LAC_GB,2023,11,2023-11-19,LAC,GB,1,Model C - Efficiency,0.5951266337676309,1
2023_11_ARI_HOU,2023,11,2023-11-19,ARI,HOU,1,Model C - Efficiency,0.7622771998677157,1
2023_11_TEN_JAX,2023,11,2023-11-19,TEN,JAX,1,Model C - Efficiency,0.590750984259442,1
2023_11_LV_MIA,2023,11,2023-11-19,LV,MIA,1,Model C - Efficiency,0.6339363527920515,1
2023_11_NYG_WAS,2023,11,2023-11-19,NYG,WAS,0,Model C - Efficiency,0.7557900225067016,1
2023_11_TB_SF,2023,11,2023-11-19,TB,SF,1,Model C - Efficiency,0.8316003966897607,1
2023_11_NYJ_BUF,2023,11,2023-11-19,NYJ,BUF,1,Model C - Efficiency,0.7834412361843117,1
2023_11_SEA_LA,2023,11,2023-11-19,SEA,LA,1,Model C - Efficiency,0.5077185917868245,1
2023_11_MIN_DEN,2023,11,2023-11-19,MIN,DEN,1,Model C - Efficiency,0.4415026195075022,0
2023_11_PHI_KC,2023,11,2023-11-20,PHI,KC,0,Model C - Efficiency,0.5352952856471414,1
2023_12_GB_DET,2023,12,2023-11-23,GB,DET,0,Model C - Efficiency,0.6987577913531114,1
2023_12_WAS_DAL,2023,12,2023-11-23,WAS,DAL,1,Model C - Efficiency,0.7529758130344953,1
2023_12_SF_SEA,2023,12,2023-11-23,SF,SEA,0,Model C - Efficiency,0.23244817431939105,0
2023_12_MIA_NYJ,2023,12,2023-11-24,MIA,NYJ,0,Model C - Efficiency,0.2806615863826708,0
2023_12_NO_ATL,2023,12,2023-11-26,NO,ATL,1,Model C - Efficiency,0.4686784555223719,0
2023_12_PIT_CIN,2023,12,2023-11-26,PIT,CIN,0,Model C - Efficiency,0.6264481549887683,1
2023_12_JAX_HOU,2023,12,2023-11-26,JAX,HOU,0,Model C - Efficiency,0.6466161325806614,1
2023_12_TB_IND,2023,12,2023-11-26,TB,IND,1,Model C - Efficiency,0.6072249538069814,1
2023_12_NE_NYG,2023,12,2023-11-26,NE,NYG,1,Model C - Efficiency,0.3675932161731734,0
2023_12_CAR_TEN,2023,12,2023-11-26,CAR,TEN,1,Model C - Efficiency,0.6760762122652781,1
2023_12_LA_ARI,2023,12,2023-11-26,LA,ARI,0,Model C - Efficiency,0.5039600972548144,1
2023_12_CLE_DEN,2023,12,2023-11-26,CLE,DEN,1,Model C - Efficiency,0.5327063808618707,1
2023_12_KC_LV,2023,12,2023-11-26,KC,LV,0,Model C - Efficiency,0.5355890998257539,1
2023_12_BUF_PHI,2023,12,2023-11-26,BUF,PHI,1,Model C - Efficiency,0.4503848004707263,0
2023_12_BAL_LAC,2023,12,2023-11-26,BAL,LAC,0,Model C - Efficiency,0.36075497587687594,0
2023_12_CHI_MIN,2023,12,2023-11-27,CHI,MIN,0,Model C - Efficiency,0.6054715874084382,1
2023_13_SEA_DAL,2023,13,2023-11-30,SEA,DAL,1,Model C - Efficiency,0.8264779109592553,1
2023_13_DEN_HOU,2023,13,2023-12-03,DEN,HOU,1,Model C - Efficiency,0.5737611066853118,1
2023_13_LAC_NE,2023,13,2023-12-03,LAC,NE,0,Model C - Efficiency,0.6175548254278799,1
2023_13_DET_NO,2023,13,2023-12-03,DET,NO,0,Model C - Efficiency,0.4723333024956994,0
2023_13_ATL_NYJ,2023,13,2023-12-03,ATL,NYJ,0,Model C - Efficiency,0.3532213098769039,0
2023_13_ARI_PIT,2023,13,2023-12-03,ARI,PIT,0,Model C - Efficiency,0.756797243863127,1
2023_13_IND_TEN,2023,13,2023-12-03,IND,TEN,0,Model C - Efficiency,0.48644471479717344,0
2023_13_MIA_WAS,2023,13,2023-12-03,MIA,WAS,0,Model C - Efficiency,0.3522281276601576,0
2023_13_CAR_TB,2023,13,2023-12-03,CAR,TB,1,Model C - Efficiency,0.720677095634061,1
2023_13_CLE_LA,2023,13,2023-12-03,CLE,LA,1,Model C - Efficiency,0.6577354391030298,1
2023_13_SF_PHI,2023,13,2023-12-03,SF,PHI,0,Model C - Efficiency,0.30549544700162673,0
2023_13_KC_GB,2023,13,2023-12-03,KC,GB,1,Model C - Efficiency,0.5590241397721553,1
2023_13_CIN_JAX,2023,13,2023-12-04,CIN,JAX,0,Model C - Efficiency,0.5830195083537183,1
2023_14_NE_PIT,2023,14,2023-12-07,NE,PIT,0,Model C - Efficiency,0.6636521043728871,1
2023_14_TB_ATL,2023,14,2023-12-10,TB,ATL,0,Model C - Efficiency,0.6061403701621201,1
2023_14_LA_BAL,2023,14,2023-12-10,LA,BAL,1,Model C - Efficiency,0.684964310478058,1
2023_14_DET_CHI,2023,14,2023-12-10,DET,CHI,1,Model C - Efficiency,0.5625367950913928,1
2023_14_IND_CIN,2023,14,2023-12-10,IND,CIN,1,Model C - Efficiency,0.5409250841107269,1
2023_14_JAX_CLE,2023,14,2023-12-10,JAX,CLE,1,Model C - Efficiency,0.4649180997512958,0
2023_14_CAR_NO,2023,14,2023-12-10,CAR,NO,1,Model C - Efficiency,0.7187989653000831,1
2023_14_HOU_NYJ,2023,14,2023-12-10,HOU,NYJ,1,Model C - Efficiency,0.2900276831741424,0
2023_14_MIN_LV,2023,14,2023-12-10,MIN,LV,0,Model C - Efficiency,0.49846984305090875,0
2023_14_SEA_SF,2023,14,2023-12-10,SEA,SF,1,Model C - Efficiency,0.8497063257627515,1
2023_14_BUF_KC,2023,14,2023-12-10,BUF,KC,0,Model C - Efficiency,0.44666551710531566,0
2023_14_DEN_LAC,2023,14,2023-12-10,DEN,LAC,0,Model C - Efficiency,0.5220221854454057,1
2023_14_PHI_DAL,2023,14,2023-12-10,PHI,DAL,1,Model C - Efficiency,0.8226840417179643,1
2023_14_TEN_MIA,2023,14,2023-12-11,TEN,MIA,0,Model C - Efficiency,0.7703472504583528,1
2023_14_GB_NYG,2023,14,2023-12-11,GB,NYG,1,Model C - Efficiency,0.30349199803391297,0
2023_15_LAC_LV,2023,15,2023-12-14,LAC,LV,1,Model C - Efficiency,0.4489184921455191,0
2023_15_MIN_CIN,2023,15,2023-12-16,MIN,CIN,1,Model C - Efficiency,0.5704844900786534,1
2023_15_PIT_IND,2023,15,2023-12-16,PIT,IND,1,Model C - Efficiency,0.5588575337973876,1
2023_15_DEN_DET,2023,15,2023-12-16,DEN,DET,1,Model C - Efficiency,0.5277896243106976,1
2023_15_ATL_CAR,2023,15,2023-12-17,ATL,CAR,1,Model C - Efficiency,0.3998410862517461,0
2023_15_CHI_CLE,2023,15,2023-12-17,CHI,CLE,1,Model C - Efficiency,0.4988768826835972,0
2023_15_TB_GB,2023,15,2023-12-17,TB,GB,0,Model C - Efficiency,0.6864609084873086,1
2023_15_NYJ_MIA,2023,15,2023-12-17,NYJ,MIA,1,Model C - Efficiency,0.7900883007417374,1
2023_15_KC_NE,2023,15,2023-12-17,KC,NE,0,Model C - Efficiency,0.44401563230826235,0
2023_15_NYG_NO,2023,15,2023-12-17,NYG,NO,1,Model C - Efficiency,0.6493421961216184,1
2023_15_HOU_TEN,2023,15,2023-12-17,HOU,TEN,0,Model C - Efficiency,0.6830231546926812,1
2023_15_SF_ARI,2023,15,2023-12-17,SF,ARI,0,Model C - Efficiency,0.17538649689525782,0
2023_15_WAS_LA,2023,15,2023-12-17,WAS,LA,1,Model C - Efficiency,0.7493643913301479,1
2023_15_DAL_BUF,2023,15,2023-12-17,DAL,BUF,1,Model C - Efficiency,0.43595199462565565,0
2023_15_BAL_JAX,2023,15,2023-12-17,BAL,JAX,0,Model C - Efficiency,0.39019812939476695,0
2023_15_PHI_SEA,2023,15,2023-12-18,PHI,SEA,1,Model C - Efficiency,0.4993372622130198,0
2023_16_NO_LA,2023,16,2023-12-21,NO,LA,1,Model C - Efficiency,0.4993542120057878,0
2023_16_CIN_PIT,2023,16,2023-12-23,CIN,PIT,1,Model C - Efficiency,0.4262264094859729,0
2023_16_BUF_LAC,2023,16,2023-12-23,BUF,LAC,0,Model C - Efficiency,0.3002231693619193,0
2023_16_IND_ATL,2023,16,2023-12-24,IND,ATL,1,Model C - Efficiency,0.47016776725791193,0
2023_16_GB_CAR,2023,16,2023-12-24,GB,CAR,0,Model C - Efficiency,0.41359633756302355,0
2023_16_CLE_HOU,2023,16,2023-12-24,CLE,HOU,0,Model C - Efficiency,0.5437663061073266,1
2023_16_DET_MIN,2023,16,2023-12-24,DET,MIN,0,Model C - Efficiency,0.4807130254242826,0
2023_16_WAS_NYJ,2023,16,2023-12-24,WAS,NYJ,1,Model C - Efficiency,0.4773044117633221,0
2023_16_SEA_TEN,2023,16,2023-12-24,SEA,TEN,0,Model C - Efficiency,0.5806290786026056,1
2023_16_JAX_TB,2023,16,2023-12-24,JAX,TB,1,Model C - Efficiency,0.6544233811878877,1
2023_16_ARI_CHI,2023,16,2023-12-24,ARI,CHI,1,Model C - Efficiency,0.6957322226372079,1
2023_16_DAL_MIA,2023,16,2023-12-24,DAL,MIA,1,Model C - Efficiency,0.6205770107706067,1
2023_16_NE_DEN,2023,16,2023-12-24,NE,DEN,0,Model C - Efficiency,0.6248006550052106,1
2023_16_LV_KC,2023,16,2023-12-25,LV,KC,0,Model C - Efficiency,0.6194654158270058,1
2023_16_NYG_PHI,2023,16,2023-12-25,NYG,PHI,1,Model C - Efficiency,0.7009347621013167,1
2023_16_BAL_SF,2023,16,2023-12-25,BAL,SF,0,Model C - Efficiency,0.6818880493780903,1
2023_17_NYJ_CLE,2023,17,2023-12-28,NYJ,CLE,1,Model C - Efficiency,0.7295215417333286,1
2023_17_DET_DAL,2023,17,2023-12-30,DET,DAL,1,Model C - Efficiency,0.525059971389563,1
2023_17_MIA_BAL,2023,17,2023-12-31,MIA,BAL,1,Model C - Efficiency,0.5479451224913643,1
2023_17_NE_BUF,2023,17,2023-12-31,NE,BUF,1,Model C - Efficiency,0.7592022903452393,1
2023_17_ATL_CHI,2023,17,2023-12-31,ATL,CHI,1,Model C - Efficiency,0.45462117098932014,0
2023_17_TEN_HOU,2023,17,2023-12-31,TEN,HOU,1,Model C - Efficiency,0.4325918540626854,0
2023_17_LV_IND,2023,17,2023-12-31,LV,IND,1,Model C - Efficiency,0.5860979401381784,1
2023_17_CAR_JAX,2023,17,2023-12-31,CAR,JAX,1,Model C - Efficiency,0.5590887161732271,1
2023_17_LA_NYG,2023,17,2023-12-31,LA,NYG,0,Model C - Efficiency,0.2510466123123859,0
2023_17_ARI_PHI,2023,17,2023-12-31,ARI,PHI,0,Model C - Efficiency,0.8105463618303469,1
2023_17_NO_TB,2023,17,2023-12-31,NO,TB,0,Model C - Efficiency,0.5798312466162855,1
2023_17_SF_WAS,2023,17,2023-12-31,SF,WAS,0,Model C - Efficiency,0.2294627466853403,0
2023_17_PIT_SEA,2023,17,2023-12-31,PIT,SEA,0,Model C - Efficiency,0.46353115741525686,0
2023_17_LAC_DEN,2023,17,2023-12-31,LAC,DEN,1,Model C - Efficiency,0.6920758273746439,1
2023_17_CIN_KC,2023,17,2023-12-31,CIN,KC,1,Model C - Efficiency,0.5916069616696786,1
2023_17_GB_MIN,2023,17,2023-12-31,GB,MIN,0,Model C - Efficiency,0.5002894266060186,1
2023_18_PIT_BAL,2023,18,2024-01-06,PIT,BAL,0,Model C - Efficiency,0.7733548206964547,1
2023_18_HOU_IND,2023,18,2024-01-06,HOU,IND,0,Model C - Efficiency,0.546084878627439,1
2023_18_TB_CAR,2023,18,2024-01-07,TB,CAR,0,Model C - Efficiency,0.3994512060896188,0
2023_18_CLE_CIN,2023,18,2024-01-07,CLE,CIN,1,Model C - Efficiency,0.42621484743315663,0
2023_18_MIN_DET,2023,18,2024-01-07,MIN,DET,1,Model C - Efficiency,0.7579653881868306,1
2023_18_NYJ_NE,2023,18,2024-01-07,NYJ,NE,0,Model C - Efficiency,0.571510654292778,1
2023_18_ATL_NO,2023,18,2024-01-07,ATL,NO,1,Model C - Efficiency,0.5682104194318279,1
2023_18_JAX_TEN,2023,18,2024-01-07,JAX,TEN,1,Model C - Efficiency,0.4318182598889563,0
2023_18_SEA_ARI,2023,18,2024-01-07,SEA,ARI,0,Model C - Efficiency,0.5085091055153771,1
2023_18_CHI_GB,2023,18,2024-01-07,CHI,GB,1,Model C - Efficiency,0.7196843302002034,1
2023_18_KC_LAC,2023,18,2024-01-07,KC,LAC,0,Model C - Efficiency,0.42519687484840857,0
2023_18_DEN_LV,2023,18,2024-01-07,DEN,LV,1,Model C - Efficiency,0.4715405594645732,0
2023_18_PHI_NYG,2023,18,2024-01-07,PHI,NYG,1,Model C - Efficiency,0.2870496785990225,0
2023_18_LA_SF,2023,18,2024-01-07,LA,SF,0,Model C - Efficiency,0.7272202154893295,1
2023_18_DAL_WAS,2023,18,2024-01-07,DAL,WAS,0,Model C - Efficiency,0.3088558389890886,0
2023_18_BUF_MIA,2023,18,2024-01-07,BUF,MIA,0,Model C - Efficiency,0.4249837294990938,0
2024_01_BAL_KC,2024,1,2024-09-05,BAL,KC,1,Model A - Simple,0.4347037074445468,0
2024_01_GB_PHI,2024,1,2024-09-06,GB,PHI,1,Model A - Simple,0.3317603305395772,0
2024_01_PIT_ATL,2024,1,2024-09-08,PIT,ATL,0,Model A - Simple,0.38763744453755883,0
2024_01_ARI_BUF,2024,1,2024-09-08,ARI,BUF,1,Model A - Simple,0.6452801475476605,1
2024_01_TEN_CHI,2024,1,2024-09-08,TEN,CHI,1,Model A - Simple,0.5928352855537199,1
2024_01_NE_CIN,2024,1,2024-09-08,NE,CIN,0,Model A - Simple,0.7187365960275466,1
2024_01_HOU_IND,2024,1,2024-09-08,HOU,IND,0,Model A - Simple,0.5238147256587387,1
2024_01_JAX_MIA,2024,1,2024-09-08,JAX,MIA,1,Model A - Simple,0.5659468851215336,1
2024_01_CAR_NO,2024,1,2024-09-08,CAR,NO,1,Model A - Simple,0.8066862854336253,1
2024_01_MIN_NYG,2024,1,2024-09-08,MIN,NYG,0,Model A - Simple,0.6378224280105838,1
2024_01_LV_LAC,2024,1,2024-09-08,LV,LAC,1,Model A - Simple,0.3667438769138378,0
2024_01_DEN_SEA,2024,1,2024-09-08,DEN,SEA,1,Model A - Simple,0.5775932942849392,1
2024_01_DAL_CLE,2024,1,2024-09-08,DAL,CLE,0,Model A - Simple,0.33294742778910247,0
2024_01_WAS_TB,2024,1,2024-09-08,WAS,TB,1,Model A - Simple,0.782460579365105,1
2024_01_LA_DET,2024,1,2024-09-08,LA,DET,1,Model A - Simple,0.5797307538103349,1
2024_01_NYJ_SF,2024,1,2024-09-09,NYJ,SF,1,Model A - Simple,0.7821407723735448,1
2024_02_BUF_MIA,2024,2,2024-09-12,BUF,MIA,0,Model A - Simple,0.4540052326772061,0
2024_02_LV_BAL,2024,2,2024-09-15,LV,BAL,0,Model A - Simple,0.6891519660698094,1
2024_02_LAC_CAR,2024,2,2024-09-15,LAC,CAR,0,Model A - Simple,0.37982258917750666,0
2024_02_NO_DAL,2024,2,2024-09-15,NO,DAL,0,Model A - Simple,0.4973201294147305,0
2024_02_TB_DET,2024,2,2024-09-15,TB,DET,0,Model A - Simple,0.5743996862925146,1
2024_02_IND_GB,2024,2,2024-09-15,IND,GB,1,Model A - Simple,0.7300810406642129,1
2024_02_CLE_JAX,2024,2,2024-09-15,CLE,JAX,0,Model A - Simple,0.5821965825723407,1
2024_02_SF_MIN,2024,2,2024-09-15,SF,MIN,1,Model A - Simple,0.3958075449146112,0
2024_02_SEA_NE,2024,2,2024-09-15,SEA,NE,0,Model A - Simple,0.42335484763204145,0
2024_02_NYJ_TEN,2024,2,2024-09-15,NYJ,TEN,0,Model A - Simple,0.5993150204277712,1
2024_02_NYG_WAS,2024,2,2024-09-15,NYG,WAS,1,Model A - Simple,0.4778764022372198,0
2024_02_LA_ARI,2024,2,2024-09-15,LA,ARI,1,Model A - Simple,0.48899628623367414,0
2024_02_PIT_DEN,2024,2,2024-09-15,PIT,DEN,0,Model A - Simple,0.39977011288794306,0
2024_02_CIN_KC,2024,2,2024-09-15,CIN,KC,1,Model A - Simple,0.6544884033382212,1
2024_02_CHI_HOU,2024,2,2024-09-15,CHI,HOU,1,Model A - Simple,0.5990485249992402,1
2024_02_ATL_PHI,2024,2,2024-09-16,ATL,PHI,0,Model A - Simple,0.6607054073739385,1
2024_03_NE_NYJ,2024,3,2024-09-19,NE,NYJ,1,Model A - Simple,0.5403034699825633,1
2024_03_NYG_CLE,2024,3,2024-09-22,NYG,CLE,0,Model A - Simple,0.606416439755281,1
2024_03_CHI_IND,2024,3,2024-09-22,CHI,IND,1,Model A - Simple,0.5819898737704934,1
2024_03_HOU_MIN,2024,3,2024-09-22,HOU,MIN,1,Model A - Simple,0.5578210532467027,1
2024_03_PHI_NO,2024,3,2024-09-22,PHI,NO,0,Model A - Simple,0.8069428976584753,1
2024_03_LAC_PIT,2024,3,2024-09-22,LAC,PIT,1,Model A - Simple,0.6076811064861514,1
2024_03_DEN_TB,2024,3,2024-09-22,DEN,TB,0,Model A - Simple,0.729428335472988,1
2024_03_GB_TEN,2024,3,2024-09-22,GB,TEN,0,Model A - Simple,0.34122192086287867,0
2024_03_CAR_LV,2024,3,2024-09-22,CAR,LV,0,Model A - Simple,0.7714880798813555,1
2024_03_MIA_SEA,2024,3,2024-09-22,MIA,SEA,1,Model A - Simple,0.5686825806518081,1
2024_03_DET_ARI,2024,3,2024-09-22,DET,ARI,0,Model A - Simple,0.5207335185060585,1
2024_03_BAL_DAL,2024,3,2024-09-22,BAL,DAL,0,Model A - Simple,0.5284436487063664,1
2024_03_SF_LA,2024,3,2024-09-22,SF,LA,1,Model A - Simple,0.4102869120619903,0
2024_03_KC_ATL,2024,3,2024-09-22,KC,ATL,0,Model A - Simple,0.3659119161137496,0
2024_03_JAX_BUF,2024,3,2024-09-23,JAX,BUF,1,Model A - Simple,0.7605290610459662,1
2024_03_WAS_CIN,2024,3,2024-09-23,WAS,CIN,0,Model A - Simple,0.6160961155924441,1
2024_04_DAL_NYG,2024,4,2024-09-26,DAL,NYG,0,Model A - Simple,0.48358237725428466,0
2024_04_NO_ATL,2024,4,2024-09-29,NO,ATL,1,Model A - Simple,0.22685293260768077,0
2024_04_CIN_CAR,2024,4,2024-09-29,CIN,CAR,0,Model A - Simple,0.3236931216230892,0
2024_04_LA_CHI,2024,4,2024-09-29,LA,CHI,1,Model A - Simple,0.5120952118321371,1
2024_04_MIN_GB,2024,4,2024-09-29,MIN,GB,0,Model A - Simple,0.5827203938373767,1
2024_04_JAX_HOU,2024,4,2024-09-29,JAX,HOU,1,Model A - Simple,0.6916278784236073,1
2024_04_PIT_IND,2024,4,2024-09-29,PIT,IND,1,Model A - Simple,0.42392519127463363,0
2024_04_DEN_NYJ,2024,4,2024-09-29,DEN,NYJ,0,Model A - Simple,0.672153758000853,1
2024_04_PHI_TB,2024,4,2024-09-29,PHI,TB,1,Model A - Simple,0.5323277767206751,1
2024_04_WAS_ARI,2024,4,2024-09-29,WAS,ARI,0,Model A - Simple,0.5468507209056654,1
2024_04_NE_SF,2024,4,2024-09-29,NE,SF,1,Model A - Simple,0.727537321318735,1
2024_04_KC_LAC,2024,4,2024-09-29,KC,LAC,0,Model A - Simple,0.474293794210041,0
2024_04_CLE_LV,2024,4,2024-09-29,CLE,LV,1,Model A - Simple,0.5603786607759585,1
2024_04_BUF_BAL,2024,4,2024-09-29,BUF,BAL,1,Model A - Simple,0.41832987502889774,0
2024_04_TEN_MIA,2024,4,2024-09-30,TEN,MIA,0,Model A - Simple,0.5967933993221107,1
2024_04_SEA_DET,2024,4,2024-09-30,SEA,DET,1,Model A - Simple,0.5676101184728081,1
2024_05_TB_ATL,2024,5,2024-10-03,TB,ATL,1,Model A - Simple,0.39754149013195994,0
2024_05_NYJ_MIN,2024,5,2024-10-06,NYJ,MIN,1,Model A - Simple,0.6859220679854164,1
2024_05_CAR_CHI,2024,5,2024-10-06,CAR,CHI,1,Model A - Simple,0.7067849391736595,1
2024_05_BAL_CIN,2024,5,2024-10-06,BAL,CIN,0,Model A - Simple,0.4099561098834369,0
2024_05_BUF_HOU,2024,5,2024-10-06,BUF,HOU,1,Model A - Simple,0.44439642458104,0
2024_05_IND_JAX,2024,5,2024-10-06,IND,JAX,1,Model A - Simple,0.3901328192648841,0
2024_05_MIA_NE,2024,5,2024-10-06,MIA,NE,0,Model A - Simple,0.5467924104883156,1
2024_05_CLE_WAS,2024,5,2024-10-06,CLE,WAS,1,Model A - Simple,0.8146546185876009,1
2024_05_LV_DEN,2024,5,2024-10-06,LV,DEN,1,Model A - Simple,0.625310347565085,1
2024_05_ARI_SF,2024,5,2024-10-06,ARI,SF,0,Model A - Simple,0.7541807482201437,1
2024_05_GB_LA,2024,5,2024-10-06,GB,LA,0,Model A - Simple,0.41899090324272587,0
2024_05_NYG_SEA,2024,5,2024-10-06,NYG,SEA,0,Model A - Simple,0.6756545271501974,1
2024_05_DAL_PIT,2024,5,2024-10-06,DAL,PIT,0,Model A - Simple,0.5862191812051067,1
2024_05_NO_KC,2024,5,2024-10-07,NO,KC,1,Model A - Simple,0.43421873829320023,0
2024_06_SF_SEA,2024,6,2024-10-10,SF,SEA,0,Model A - Simple,0.46187333499318767,0
2024_06_JAX_CHI,2024,6,2024-10-13,JAX,CHI,1,Model A - Simple,0.6666538064051394,1
2024_06_WAS_BAL,2024,6,2024-10-13,WAS,BAL,1,Model A - Simple,0.511834235238665,1
2024_06_ARI_GB,2024,6,2024-10-13,ARI,GB,1,Model A - Simple,0.6362927422630453,1
2024_06_HOU_NE,2024,6,2024-10-13,HOU,NE,0,Model A - Simple,0.39290665346135273,0
2024_06_TB_NO,2024,6,2024-10-13,TB,NO,0,Model A - Simple,0.5731934859590976,1
2024_06_CLE_PHI,2024,6,2024-10-13,CLE,PHI,1,Model A - Simple,0.7358537000753671,1
2024_06_IND_TEN,2024,6,2024-10-13,IND,TEN,0,Model A - Simple,0.4585805897142709,0
2024_06_LAC_DEN,2024,6,2024-10-13,LAC,DEN,0,Model A - Simple,0.49311356615683155,0
2024_06_PIT_LV,2024,6,2024-10-13,PIT,LV,0,Model A - Simple,0.35385242795076716,0
2024_06_ATL_CAR,2024,6,2024-10-13,ATL,CAR,0,Model A - Simple,0.325958381233879,0
2024_06_DET_DAL,2024,6,2024-10-13,DET,DAL,0,Model A - Simple,0.3690211680392564,0
2024_06_CIN_NYG,2024,6,2024-10-13,CIN,NYG,0,Model A - Simple,0.4344008046879549,0
2024_06_BUF_NYJ,2024,6,2024-10-14,BUF,NYJ,0,Model A - Simple,0.422677907056407,0
2024_07_DEN_NO,2024,7,2024-10-17,DEN,NO,0,Model A - Simple,0.5275099103886882,1
2024_07_NE_JAX,2024,7,2024-10-20,NE,JAX,1,Model A - Simple,0.6465520210702341,1
2024_07_SEA_ATL,2024,7,2024-10-20,SEA,ATL,0,Model A - Simple,0.6239800183295698,1
2024_07_TEN_BUF,2024,7,2024-10-20,TEN,BUF,1,Model A - Simple,0.7152943633935825,1
2024_07_CIN_CLE,2024,7,2024-10-20,CIN,CLE,0,Model A - Simple,0.341593993410102,0
2024_07_HOU_GB,2024,7,2024-10-20,HOU,GB,1,Model A - Simple,0.6112238121060217,1
2024_07_MIA_IND,2024,7,2024-10-20,MIA,IND,1,Model A - Simple,0.6416759026819717,1
2024_07_DET_MIN,2024,7,2024-10-20,DET,MIN,0,Model A - Simple,0.41864910597688165,0
2024_07_PHI_NYG,2024,7,2024-10-20,PHI,NYG,0,Model A - Simple,0.430672581906388,0
2024_07_LV_LA,2024,7,2024-10-20,LV,LA,1,Model A - Simple,0.7124655202557989,1
2024_07_CAR_WAS,2024,7,2024-10-20,CAR,WAS,1,Model A - Simple,0.8500907272379484,1
2024_07_KC_SF,2024,7,2024-10-20,KC,SF,0,Model A - Simple,0.5722484328587383,1
2024_07_NYJ_PIT,2024,7,2024-10-20,NYJ,PIT,1,Model A - Simple,0.6352528487168535,1
2024_07_BAL_TB,2024,7,2024-10-21,BAL,TB,0,Model A - Simple,0.5539776581376801,1
2024_07_LAC_ARI,2024,7,2024-10-21,LAC,ARI,1,Model A - Simple,0.4464830103188505,0
2024_08_MIN_LA,2024,8,2024-10-24,MIN,LA,1,Model A - Simple,0.4099443212145121,0
2024_08_PHI_CIN,2024,8,2024-10-27,PHI,CIN,0,Model A - Simple,0.4507379931284884,0
2024_08_BAL_CLE,2024,8,2024-10-27,BAL,CLE,1,Model A - Simple,0.25487228865976536,0
2024_08_TEN_DET,2024,8,2024-10-27,TEN,DET,1,Model A - Simple,0.8348475656706887,1
2024_08_IND_HOU,2024,8,2024-10-27,IND,HOU,1,Model A - Simple,0.5857106505798454,1
2024_08_GB_JAX,2024,8,2024-10-27,GB,JAX,0,Model A - Simple,0.429821019219881,0
2024_08_ARI_MIA,2024,8,2024-10-27,ARI,MIA,0,Model A - Simple,0.4740989455195721,0
2024_08_NYJ_NE,2024,8,2024-10-27,NYJ,NE,1,Model A - Simple,0.42952590533952756,0
2024_08_ATL_TB,2024,8,2024-10-27,ATL,TB,0,Model A - Simple,0.6140899144625998,1
2024_08_NO_LAC,2024,8,2024-10-27,NO,LAC,1,Model A - Simple,0.6903491732657158,1
2024_08_BUF_SEA,2024,8,2024-10-27,BUF,SEA,0,Model A - Simple,0.39354894001350177,0
2024_08_CAR_DEN,2024,8,2024-10-27,CAR,DEN,1,Model A - Simple,0.8553375822357556,1
2024_08_KC_LV,2024,8,2024-10-27,KC,LV,0,Model A - Simple,0.27712390169914836,0
2024_08_CHI_WAS,2024,8,2024-10-27,CHI,WAS,1,Model A - Simple,0.6277285323796732,1
2024_08_DAL_SF,2024,8,2024-10-27,DAL,SF,1,Model A - Simple,0.7210439743350269,1
2024_08_NYG_PIT,2024,8,2024-10-28,NYG,PIT,1,Model A - Simple,0.7929501166608026,1
2024_09_HOU_NYJ,2024,9,2024-10-31,HOU,NYJ,1,Model A - Simple,0.5379197979708512,1
2024_09_DAL_ATL,2024,9,2024-11-03,DAL,ATL,1,Model A - Simple,0.7422802464116042,1
2024_09_DEN_BAL,2024,9,2024-11-03,DEN,BAL,1,Model A - Simple,0.6338389395912426,1
2024_09_MIA_BUF,2024,9,2024-11-03,MIA,BUF,1,Model A - Simple,0.8101754577111607,1
2024_09_NO_CAR,2024,9,2024-11-03,NO,CAR,1,Model A - Simple,0.4333558124267572,0
2024_09_LV_CIN,2024,9,2024-11-03,LV,CIN,1,Model A - Simple,0.6784162378955749,1
2024_09_LAC_CLE,2024,9,2024-11-03,LAC,CLE,0,Model A - Simple,0.4370325210032048,0
2024_09_WAS_NYG,2024,9,2024-11-03,WAS,NYG,0,Model A - Simple,0.23891834441195248,0
2024_09_NE_TEN,2024,9,2024-11-03,NE,TEN,1,Model A - Simple,0.49525836604832363,0
2024_09_CHI_ARI,2024,9,2024-11-03,CHI,ARI,1,Model A - Simple,0.5234120988680293,1
2024_09_JAX_PHI,2024,9,2024-11-03,JAX,PHI,1,Model A - Simple,0.7123113284621504,1
2024_09_DET_GB,2024,9,2024-11-03,DET,GB,0,Model A - Simple,0.4402617319560165,0
2024_09_LA_SEA,2024,9,2024-11-03,LA,SEA,0,Model A - Simple,0.46685748918261905,0
2024_09_IND_MIN,2024,9,2024-11-03,IND,MIN,1,Model A - Simple,0.640625274766456,1
2024_09_TB_KC,2024,9,2024-11-04,TB,KC,1,Model A - Simple,0.6335373110185644,1
2024_10_CIN_BAL,2024,10,2024-11-07,CIN,BAL,1,Model A - Simple,0.7289226475722919,1
2024_10_NYG_CAR,2024,10,2024-11-10,NYG,CAR,1,Model A - Simple,0.4486276049881692,0
2024_10_NE_CHI,2024,10,2024-11-10,NE,CHI,0,Model A - Simple,0.6278884299890626,1
2024_10_BUF_IND,2024,10,2024-11-10,BUF,IND,0,Model A - Simple,0.30639422075629313,0
2024_10_MIN_JAX,2024,10,2024-11-10,MIN,JAX,0,Model A - Simple,0.4276206038934172,0
2024_10_DEN_KC,2024,10,2024-11-10,DEN,KC,1,Model A - Simple,0.6831145930933884,1
2024_10_ATL_NO,2024,10,2024-11-10,ATL,NO,1,Model A - Simple,0.40887058052436254,0
2024_10_SF_TB,2024,10,2024-11-10,SF,TB,0,Model A - Simple,0.4523556313483965,0
2024_10_PIT_WAS,2024,10,2024-11-10,PIT,WAS,0,Model A - Simple,0.6321272268862221,1
2024_10_TEN_LAC,2024,10,2024-11-10,TEN,LAC,1,Model A - Simple,0.7158791675903087,1
2024_10_NYJ_ARI,2024,10,2024-11-10,NYJ,ARI,1,Model A - Simple,0.5281173372422793,1
2024_10_PHI_DAL,2024,10,2024-11-10,PHI,DAL,0,Model A - Simple,0.2884320546894663,0
2024_10_DET_HOU,2024,10,2024-11-10,DET,HOU,0,Model A - Simple,0.37618701723441544,0
2024_10_MIA_LA,2024,10,2024-11-11,MIA,LA,0,Model A - Simple,0.5685931292433044,1
2024_11_WAS_PHI,2024,11,2024-11-14,WAS,PHI,1,Model A - Simple,0.6159907560658323,1
2024_11_GB_CHI,2024,11,2024-11-17,GB,CHI,0,Model A - Simple,0.3486656710863318,0
2024_11_JAX_DET,2024,11,2024-11-17,JAX,DET,1,Model A - Simple,0.7695202598731682,1
2024_11_LV_MIA,2024,11,2024-11-17,LV,MIA,1,Model A - Simple,0.691005544153071,1
2024_11_LA_NE,2024,11,2024-11-17,LA,NE,0,Model A - Simple,0.5725316306481232,1
2024_11_CLE_NO,2024,11,2024-11-17,CLE,NO,1,Model A - Simple,0.5632259621995817,1
2024_11_IND_NYJ,2024,11,2024-11-17,IND,NYJ,0,Model A - Simple,0.6063661757268938,1
2024_11_BAL_PIT,2024,11,2024-11-17,BAL,PIT,1,Model A - Simple,0.374662879663767,0
2024_11_MIN_TEN,2024,11,2024-11-17,MIN,TEN,0,Model A - Simple,0.3876074595705734,0
2024_11_ATL_DEN,2024,11,2024-11-17,ATL,DEN,1,Model A - Simple,0.46952919933986165,0
2024_11_SEA_SF,2024,11,2024-11-17,SEA,SF,0,Model A - Simple,0.7439886705665089,1
2024_11_KC_BUF,2024,11,2024-11-17,KC,BUF,1,Model A - Simple,0.6389981290992874,1
2024_11_CIN_LAC,2024,11,2024-11-17,CIN,LAC,1,Model A - Simple,0.6110445914170111,1
2024_11_HOU_DAL,2024,11,2024-11-18,HOU,DAL,0,Model A - Simple,0.3462165683283007,0
2024_12_PIT_CLE,2024,12,2024-11-21,PIT,CLE,1,Model A - Simple,0.4289198934365413,0
2024_12_KC_CAR,2024,12,2024-11-24,KC,CAR,0,Model A - Simple,0.39562632040240114,0
2024_12_MIN_CHI,2024,12,2024-11-24,MIN,CHI,0,Model A - Simple,0.41197083432275805,0
2024_12_TEN_HOU,2024,12,2024-11-24,TEN,HOU,0,Model A - Simple,0.6678708885962301,1
2024_12_DET_IND,2024,12,2024-11-24,DET,IND,0,Model A - Simple,0.2278449839868291,0
2024_12_NE_MIA,2024,12,2024-11-24,NE,MIA,1,Model A - Simple,0.6526742222679341,1
2024_12_TB_NYG,2024,12,2024-11-24,TB,NYG,0,Model A - Simple,0.44806513803819714,0
2024_12_DAL_WAS,2024,12,2024-11-24,DAL,WAS,0,Model A - Simple,0.8273119765443933,1
2024_12_DEN_LV,2024,12,2024-11-24,DEN,LV,0,Model A - Simple,0.2825768157175726,0
2024_12_SF_GB,2024,12,2024-11-24,SF,GB,1,Model A - Simple,0.4977347763571495,0
2024_12_ARI_SEA,2024,12,2024-11-24,ARI,SEA,1,Model A - Simple,0.29683316906315743,0
2024_12_PHI_LA,2024,12,2024-11-24,PHI,LA,0,Model A - Simple,0.39773141492792236,0
2024_12_BAL_LAC,2024,12,2024-11-25,BAL,LAC,0,Model A - Simple,0.4405856386817073,0
2024_13_CHI_DET,2024,13,2024-11-28,CHI,DET,1,Model A - Simple,0.802717677022449,1
2024_13_NYG_DAL,2024,13,2024-11-28,NYG,DAL,1,Model A - Simple,0.5087990385608646,1
2024_13_MIA_GB,2024,13,2024-11-28,MIA,GB,1,Model A - Simple,0.6136778007001602,1
2024_13_LV_KC,2024,13,2024-11-29,LV,KC,1,Model A - Simple,0.7790629764202709,1
2024_13_LAC_ATL,2024,13,2024-12-01,LAC,ATL,0,Model A - Simple,0.5266817285140192,1
2024_13_PIT_CIN,2024,13,2024-12-01,PIT,CIN,0,Model A - Simple,0.6062440673436192,1
2024_13_HOU_JAX,2024,13,2024-12-01,HOU,JAX,0,Model A - Simple,0.35372627753922375,0
2024_13_ARI_MIN,2024,13,2024-12-01,ARI,MIN,1,Model A - Simple,0.5592448995122238,1
2024_13_IND_NE,2024,13,2024-12-01,IND,NE,0,Model A - Simple,0.5802062295922316,1
2024_13_SEA_NYJ,2024,13,2024-12-01,SEA,NYJ,0,Model A - Simple,0.576379620880378,1
2024_13_TEN_WAS,2024,13,2024-12-01,TEN,WAS,1,Model A - Simple,0.6198222079050281,1
2024_13_TB_CAR,2024,13,2024-12-01,TB,CAR,0,Model A - Simple,0.37031074657644864,0
2024_13_LA_NO,2024,13,2024-12-01,LA,NO,0,Model A - Simple,0.6245575274450164,1
2024_13_PHI_BAL,2024,13,2024-12-01,PHI,BAL,0,Model A - Simple,0.5200495343025027,1
2024_13_SF_BUF,2024,13,2024-12-01,SF,BUF,1,Model A - Simple,0.7276787747111136,1
2024_13_CLE_DEN,2024,13,2024-12-02,CLE,DEN,1,Model A - Simple,0.7163276686981238,1
2024_14_GB_DET,2024,14,2024-12-05,GB,DET,1,Model A - Simple,0.6123280387348131,1
2024_14_NYJ_MIA,2024,14,2024-12-08,NYJ,MIA,1,Model A - Simple,0.7204723856566146,1
2024_14_ATL_MIN,2024,14,2024-12-08,ATL,MIN,1,Model A - Simple,0.6415016921024396,1
2024_14_NO_NYG,2024,14,2024-12-08,NO,NYG,0,Model A - Simple,0.41940474993929705,0
2024_14_CAR_PHI,2024,14,2024-12-08,CAR,PHI,1,Model A - Simple,0.7563273349202511,1
2024_14_CLE_PIT,2024,14,2024-12-08,CLE,PIT,1,Model A - Simple,0.6904237324075295,1
2024_14_LV_TB,2024,14,2024-12-08,LV,TB,1,Model A - Simple,0.6888377473568237,1
2024_14_JAX_TEN,2024,14,2024-12-08,JAX,TEN,0,Model A - Simple,0.6182481405912214,1
2024_14_SEA_ARI,2024,14,2024-12-08,SEA,ARI,0,Model A - Simple,0.6163093633402834,1
2024_14_BUF_LA,2024,14,2024-12-08,BUF,LA,1,Model A - Simple,0.3840491240549466,0
2024_14_CHI_SF,2024,14,2024-12-08,CHI,SF,1,Model A - Simple,0.4471725610588094,0
2024_14_LAC_KC,2024,14,2024-12-08,LAC,KC,1,Model A - Simple,0.6387573689008346,1
2024_14_CIN_DAL,2024,14,2024-12-09,CIN,DAL,0,Model A - Simple,0.429436266676273,0
2024_15_LA_SF,2024,15,2024-12-12,LA,SF,0,Model A - Simple,0.5427362056677376,1
2024_15_DAL_CAR,2024,15,2024-12-15,DAL,CAR,0,Model A - Simple,0.6355608508884267,1
2024_15_KC_CLE,2024,15,2024-12-15,KC,CLE,0,Model A - Simple,0.4443285581406229,0
2024_15_MIA_HOU,2024,15,2024-12-15,MIA,HOU,1,Model A - Simple,0.5365173982344231,1
2024_15_NYJ_JAX,2024,15,2024-12-15,NYJ,JAX,0,Model A - Simple,0.5172006171526073,1
2024_15_WAS_NO,2024,15,2024-12-15,WAS,NO,0,Model A - Simple,0.39765721783504476,0
2024_15_BAL_NYG,2024,15,2024-12-15,BAL,NYG,0,Model A - Simple,0.254017353332292,0
2024_15_CIN_TEN,2024,15,2024-12-15,CIN,TEN,0,Model A - Simple,0.41568904727694245,0
2024_15_NE_ARI,2024,15,2024-12-15,NE,ARI,1,Model A - Simple,0.5313542395256157,1
2024_15_IND_DEN,2024,15,2024-12-15,IND,DEN,1,Model A - Simple,0.7190644591742371,1
2024_15_BUF_DET,2024,15,2024-12-15,BUF,DET,0,Model A - Simple,0.4935834781428141,0
2024_15_TB_LAC,2024,15,2024-12-15,TB,LAC,0,Model A - Simple,0.45120004355370186,0
2024_15_PIT_PHI,2024,15,2024-12-15,PIT,PHI,1,Model A - Simple,0.6612487213493597,1
2024_15_GB_SEA,2024,15,2024-12-15,GB,SEA,0,Model A - Simple,0.44564410963615286,0
2024_15_CHI_MIN,2024,15,2024-12-16,CHI,MIN,1,Model A - Simple,0.7602646630437733,1
2024_15_ATL_LV,2024,15,2024-12-16,ATL,LV,0,Model A - Simple,0.5120009415890436,1
2024_16_DEN_LAC,2024,16,2024-12-19,DEN,LAC,1,Model A - Simple,0.36787566928367466,0
2024_16_HOU_KC,2024,16,2024-12-21,HOU,KC,1,Model A - Simple,0.6585586015887913,1
2024_16_PIT_BAL,2024,16,2024-12-21,PIT,BAL,1,Model A - Simple,0.8049707114732723,1
2024_16_NYG_ATL,2024,16,2024-12-22,NYG,ATL,1,Model A - Simple,0.6706641743427605,1
2024_16_ARI_CAR,2024,16,2024-12-22,ARI,CAR,1,Model A - Simple,0.36504485766663347,0
2024_16_DET_CHI,2024,16,2024-12-22,DET,CHI,0,Model A - Simple,0.3081962907231044,0
2024_16_CLE_CIN,2024,16,2024-12-22,CLE,CIN,1,Model A - Simple,0.7773971919682362,1
2024_16_TEN_IND,2024,16,2024-12-22,TEN,IND,1,Model A - Simple,0.5583378499404201,1
2024_16_LA_NYJ,2024,16,2024-12-22,LA,NYJ,0,Model A - Simple,0.5319708440926703,1
2024_16_PHI_WAS,2024,16,2024-12-22,PHI,WAS,1,Model A - Simple,0.4541163958256994,0
2024_16_MIN_SEA,2024,16,2024-12-22,MIN,SEA,0,Model A - Simple,0.37582285268642024,0
2024_16_NE_BUF,2024,16,2024-12-22,NE,BUF,1,Model A - Simple,0.7832669315125947,1
2024_16_JAX_LV,2024,16,2024-12-22,JAX,LV,1,Model A - Simple,0.5053657752692556,1
2024_16_SF_MIA,2024,16,2024-12-22,SF,MIA,1,Model A - Simple,0.597486690361383,1
2024_16_TB_DAL,2024,16,2024-12-22,TB,DAL,1,Model A - Simple,0.3782437162633432,0
2024_16_NO_GB,2024,16,2024-12-23,NO,GB,1,Model A - Simple,0.7222809321009239,1
2024_17_KC_PIT,2024,17,2024-12-25,KC,PIT,0,Model A - Simple,0.3682364242540948,0
2024_17_BAL_HOU,2024,17,2024-12-25,BAL,HOU,0,Model A - Simple,0.2951464663594787,0
2024_17_SEA_CHI,2024,17,2024-12-26,SEA,CHI,0,Model A - Simple,0.46000512178853525,0
2024_17_LAC_NE,2024,17,2024-12-28,LAC,NE,0,Model A - Simple,0.5612024759203602,1
2024_17_DEN_CIN,2024,17,2024-12-28,DEN,CIN,1,Model A - Simple,0.5920981509770751,1
2024_17_ARI_LA,2024,17,2024-12-28,ARI,LA,1,Model A - Simple,0.5717822695874422,1
2024_17_NYJ_BUF,2024,17,2024-12-29,NYJ,BUF,1,Model A - Simple,0.7136734707764162,1
2024_17_TEN_JAX,2024,17,2024-12-29,TEN,JAX,1,Model A - Simple,0.5517897115157063,1
2024_17_LV_NO,2024,17,2024-12-29,LV,NO,0,Model A - Simple,0.4776745795571462,0
2024_17_IND_NYG,2024,17,2024-12-29,IND,NYG,1,Model A - Simple,0.33550935152990774,0
2024_17_DAL_PHI,2024,17,2024-12-29,DAL,PHI,1,Model A - Simple,0.7051405657874104,1
2024_17_CAR_TB,2024,17,2024-12-29,CAR,TB,1,Model A - Simple,0.736119644243657,1
2024_17_MIA_CLE,2024,17,2024-12-29,MIA,CLE,0,Model A - Simple,0.296779679472592,0
2024_17_GB_MIN,2024,17,2024-12-29,GB,MIN,1,Model A - Simple,0.44290510186512855,0
2024_17_ATL_WAS,2024,17,2024-12-29,ATL,WAS,1,Model A - Simple,0.5827935436606994,1
2024_17_DET_SF,2024,17,2024-12-30,DET,SF,0,Model A - Simple,0.3688561791190124,0
2024_18_CLE_BAL,2024,18,2025-01-04,CLE,BAL,1,Model A - Simple,0.9183154611922528,1
2024_18_CIN_PIT,2024,18,2025-01-04,CIN,PIT,0,Model A - Simple,0.32592191864977393,0
2024_18_CAR_ATL,2024,18,2025-01-05,CAR,ATL,0,Model A - Simple,0.6754258684655111,1
2024_18_WAS_DAL,2024,18,2025-01-05,WAS,DAL,0,Model A - Simple,0.353410622539336,0
2024_18_CHI_GB,2024,18,2025-01-05,CHI,GB,0,Model A - Simple,0.7668100816491483,1
2024_18_JAX_IND,2024,18,2025-01-05,JAX,IND,1,Model A - Simple,0.5219305511504245,1
2024_18_BUF_NE,2024,18,2025-01-05,BUF,NE,1,Model A - Simple,0.20457492582320727,0
2024_18_NYG_PHI,2024,18,2025-01-05,NYG,PHI,1,Model A - Simple,0.8161603504832059,1
2024_18_NO_TB,2024,18,2025-01-05,NO,TB,1,Model A - Simple,0.865212331565545,1
2024_18_HOU_TEN,2024,18,2025-01-05,HOU,TEN,0,Model A - Simple,0.6020046706722022,1
2024_18_SF_ARI,2024,18,2025-01-05,SF,ARI,1,Model A - Simple,0.5799732468402994,1
2024_18_KC_DEN,2024,18,2025-01-05,KC,DEN,1,Model A - Simple,0.4574201101964376,0
2024_18_SEA_LA,2024,18,2025-01-05,SEA,LA,0,Model A - Simple,0.6223132757599372,1
2024_18_LAC_LV,2024,18,2025-01-05,LAC,LV,0,Model A - Simple,0.447979519342382,0
2024_18_MIA_NYJ,2024,18,2025-01-05,MIA,NYJ,1,Model A - Simple,0.4209065943460695,0
2024_18_MIN_DET,2024,18,2025-01-05,MIN,DET,1,Model A - Simple,0.6020360989433118,1
2024_01_BAL_KC,2024,1,2024-09-05,BAL,KC,1,Model B - Current,0.36969159670635027,0
2024_01_GB_PHI,2024,1,2024-09-06,GB,PHI,1,Model B - Current,0.3534671676396983,0
2024_01_PIT_ATL,2024,1,2024-09-08,PIT,ATL,0,Model B - Current,0.38862276207803514,0
2024_01_ARI_BUF,2024,1,2024-09-08,ARI,BUF,1,Model B - Current,0.72127072637044,1
2024_01_TEN_CHI,2024,1,2024-09-08,TEN,CHI,1,Model B - Current,0.5624003005128088,1
2024_01_NE_CIN,2024,1,2024-09-08,NE,CIN,0,Model B - Current,0.7514172995387303,1
2024_01_HOU_IND,2024,1,2024-09-08,HOU,IND,0,Model B - Current,0.46755464038993716,0
2024_01_JAX_MIA,2024,1,2024-09-08,JAX,MIA,1,Model B - Current,0.552001312160977,1
2024_01_CAR_NO,2024,1,2024-09-08,CAR,NO,1,Model B - Current,0.8008462232388268,1
2024_01_MIN_NYG,2024,1,2024-09-08,MIN,NYG,0,Model B - Current,0.637325882408809,1
2024_01_LV_LAC,2024,1,2024-09-08,LV,LAC,1,Model B - Current,0.4679039155922878,0
2024_01_DEN_SEA,2024,1,2024-09-08,DEN,SEA,1,Model B - Current,0.5338945058034624,1
2024_01_DAL_CLE,2024,1,2024-09-08,DAL,CLE,0,Model B - Current,0.29225723136480536,0
2024_01_WAS_TB,2024,1,2024-09-08,WAS,TB,1,Model B - Current,0.7437037513250496,1
2024_01_LA_DET,2024,1,2024-09-08,LA,DET,1,Model B - Current,0.5426554426640897,1
2024_01_NYJ_SF,2024,1,2024-09-09,NYJ,SF,1,Model B - Current,0.8324394290510463,1
2024_02_BUF_MIA,2024,2,2024-09-12,BUF,MIA,0,Model B - Current,0.38901725272146914,0
2024_02_LV_BAL,2024,2,2024-09-15,LV,BAL,0,Model B - Current,0.747693981920138,1
2024_02_LAC_CAR,2024,2,2024-09-15,LAC,CAR,0,Model B - Current,0.33369994774043615,0
2024_02_NO_DAL,2024,2,2024-09-15,NO,DAL,0,Model B - Current,0.5695931747555993,1
2024_02_TB_DET,2024,2,2024-09-15,TB,DET,0,Model B - Current,0.5888240507941135,1
2024_02_IND_GB,2024,2,2024-09-15,IND,GB,1,Model B - Current,0.7502935597923909,1
2024_02_CLE_JAX,2024,2,2024-09-15,CLE,JAX,0,Model B - Current,0.6351066325444703,1
2024_02_SF_MIN,2024,2,2024-09-15,SF,MIN,1,Model B - Current,0.34234506858343466,0
2024_02_SEA_NE,2024,2,2024-09-15,SEA,NE,0,Model B - Current,0.4095616655081891,0
2024_02_NYJ_TEN,2024,2,2024-09-15,NYJ,TEN,0,Model B - Current,0.5815535847474536,1
2024_02_NYG_WAS,2024,2,2024-09-15,NYG,WAS,1,Model B - Current,0.5216906934024158,1
2024_02_LA_ARI,2024,2,2024-09-15,LA,ARI,1,Model B - Current,0.380806372677119,0
2024_02_PIT_DEN,2024,2,2024-09-15,PIT,DEN,0,Model B - Current,0.3579258689606866,0
2024_02_CIN_KC,2024,2,2024-09-15,CIN,KC,1,Model B - Current,0.5958709629395056,1
2024_02_CHI_HOU,2024,2,2024-09-15,CHI,HOU,1,Model B - Current,0.6429138480174487,1
2024_02_ATL_PHI,2024,2,2024-09-16,ATL,PHI,0,Model B - Current,0.6279645430109725,1
2024_03_NE_NYJ,2024,3,2024-09-19,NE,NYJ,1,Model B - Current,0.5621829073145483,1
2024_03_NYG_CLE,2024,3,2024-09-22,NYG,CLE,0,Model B - Current,0.5733525400233772,1
2024_03_CHI_IND,2024,3,2024-09-22,CHI,IND,1,Model B - Current,0.5646602112359153,1
2024_03_HOU_MIN,2024,3,2024-09-22,HOU,MIN,1,Model B - Current,0.5639259708621354,1
2024_03_PHI_NO,2024,3,2024-09-22,PHI,NO,0,Model B - Current,0.7674994391075216,1
2024_03_LAC_PIT,2024,3,2024-09-22,LAC,PIT,1,Model B - Current,0.5844766404329578,1
2024_03_DEN_TB,2024,3,2024-09-22,DEN,TB,0,Model B - Current,0.7492454279825372,1
2024_03_GB_TEN,2024,3,2024-09-22,GB,TEN,0,Model B - Current,0.3805416579496311,0
2024_03_CAR_LV,2024,3,2024-09-22,CAR,LV,0,Model B - Current,0.7915689899614685,1
2024_03_MIA_SEA,2024,3,2024-09-22,MIA,SEA,1,Model B - Current,0.5826374385782473,1
2024_03_DET_ARI,2024,3,2024-09-22,DET,ARI,0,Model B - Current,0.43475289001095085,0
2024_03_BAL_DAL,2024,3,2024-09-22,BAL,DAL,0,Model B - Current,0.47730008853338474,0
2024_03_SF_LA,2024,3,2024-09-22,SF,LA,1,Model B - Current,0.4100921306948075,0
2024_03_KC_ATL,2024,3,2024-09-22,KC,ATL,0,Model B - Current,0.48553013864439015,0
2024_03_JAX_BUF,2024,3,2024-09-23,JAX,BUF,1,Model B - Current,0.7837704418040454,1
2024_03_WAS_CIN,2024,3,2024-09-23,WAS,CIN,0,Model B - Current,0.6539268643065519,1
2024_04_DAL_NYG,2024,4,2024-09-26,DAL,NYG,0,Model B - Current,0.5034304669661,1
2024_04_NO_ATL,2024,4,2024-09-29,NO,ATL,1,Model B - Current,0.32938770078568835,0
2024_04_CIN_CAR,2024,4,2024-09-29,CIN,CAR,0,Model B - Current,0.2835663812679136,0
2024_04_LA_CHI,2024,4,2024-09-29,LA,CHI,1,Model B - Current,0.482121454470532,0
2024_04_MIN_GB,2024,4,2024-09-29,MIN,GB,0,Model B - Current,0.4710591735769288,0
2024_04_JAX_HOU,2024,4,2024-09-29,JAX,HOU,1,Model B - Current,0.6796991364786229,1
2024_04_PIT_IND,2024,4,2024-09-29,PIT,IND,1,Model B - Current,0.4050018511642807,0
2024_04_DEN_NYJ,2024,4,2024-09-29,DEN,NYJ,0,Model B - Current,0.7190243497118387,1
2024_04_PHI_TB,2024,4,2024-09-29,PHI,TB,1,Model B - Current,0.5601290333256114,1
2024_04_WAS_ARI,2024,4,2024-09-29,WAS,ARI,0,Model B - Current,0.5167216712198419,1
2024_04_NE_SF,2024,4,2024-09-29,NE,SF,1,Model B - Current,0.7468228553043392,1
2024_04_KC_LAC,2024,4,2024-09-29,KC,LAC,0,Model B - Current,0.45011476733884714,0
2024_04_CLE_LV,2024,4,2024-09-29,CLE,LV,1,Model B - Current,0.6561306807335154,1
2024_04_BUF_BAL,2024,4,2024-09-29,BUF,BAL,1,Model B - Current,0.43969522578575365,0
2024_04_TEN_MIA,2024,4,2024-09-30,TEN,MIA,0,Model B - Current,0.5793620762376379,1
2024_04_SEA_DET,2024,4,2024-09-30,SEA,DET,1,Model B - Current,0.5961092854195887,1
2024_05_TB_ATL,2024,5,2024-10-03,TB,ATL,1,Model B - Current,0.40511698191490714,0
2024_05_NYJ_MIN,2024,5,2024-10-06,NYJ,MIN,1,Model B - Current,0.724286573839386,1
2024_05_CAR_CHI,2024,5,2024-10-06,CAR,CHI,1,Model B - Current,0.7204576526109489,1
2024_05_BAL_CIN,2024,5,2024-10-06,BAL,CIN,0,Model B - Current,0.40643953407775424,0
2024_05_BUF_HOU,2024,5,2024-10-06,BUF,HOU,1,Model B - Current,0.44428479120145864,0
2024_05_IND_JAX,2024,5,2024-10-06,IND,JAX,1,Model B - Current,0.43143715455998505,0
2024_05_MIA_NE,2024,5,2024-10-06,MIA,NE,0,Model B - Current,0.5705211950195146,1
2024_05_CLE_WAS,2024,5,2024-10-06,CLE,WAS,1,Model B - Current,0.8533356390073487,1
2024_05_LV_DEN,2024,5,2024-10-06,LV,DEN,1,Model B - Current,0.5338383791058396,1
2024_05_ARI_SF,2024,5,2024-10-06,ARI,SF,0,Model B - Current,0.7429819701948159,1
2024_05_GB_LA,2024,5,2024-10-06,GB,LA,0,Model B - Current,0.5610232344530194,1
2024_05_NYG_SEA,2024,5,2024-10-06,NYG,SEA,0,Model B - Current,0.7469280296474127,1
2024_05_DAL_PIT,2024,5,2024-10-06,DAL,PIT,0,Model B - Current,0.6149864616764262,1
2024_05_NO_KC,2024,5,2024-10-07,NO,KC,1,Model B - Current,0.5119858943789002,1
2024_06_SF_SEA,2024,6,2024-10-10,SF,SEA,0,Model B - Current,0.5339072742921722,1
2024_06_JAX_CHI,2024,6,2024-10-13,JAX,CHI,1,Model B - Current,0.713653811627383,1
2024_06_WAS_BAL,2024,6,2024-10-13,WAS,BAL,1,Model B - Current,0.5907889092153451,1
2024_06_ARI_GB,2024,6,2024-10-13,ARI,GB,1,Model B - Current,0.5897695203559665,1
2024_06_HOU_NE,2024,6,2024-10-13,HOU,NE,0,Model B - Current,0.4383587526636468,0
2024_06_TB_NO,2024,6,2024-10-13,TB,NO,0,Model B - Current,0.5010512790137026,1
2024_06_CLE_PHI,2024,6,2024-10-13,CLE,PHI,1,Model B - Current,0.7915098324078317,1
2024_06_IND_TEN,2024,6,2024-10-13,IND,TEN,0,Model B - Current,0.5549662800096475,1
2024_06_LAC_DEN,2024,6,2024-10-13,LAC,DEN,0,Model B - Current,0.5312533065803396,1
2024_06_PIT_LV,2024,6,2024-10-13,PIT,LV,0,Model B - Current,0.3765834126377662,0
2024_06_ATL_CAR,2024,6,2024-10-13,ATL,CAR,0,Model B - Current,0.30053155862719333,0
2024_06_DET_DAL,2024,6,2024-10-13,DET,DAL,0,Model B - Current,0.3014160959757232,0
2024_06_CIN_NYG,2024,6,2024-10-13,CIN,NYG,0,Model B - Current,0.44996254713820627,0
2024_06_BUF_NYJ,2024,6,2024-10-14,BUF,NYJ,0,Model B - Current,0.5347363769277054,1
2024_07_DEN_NO,2024,7,2024-10-17,DEN,NO,0,Model B - Current,0.5342466759982597,1
2024_07_NE_JAX,2024,7,2024-10-20,NE,JAX,1,Model B - Current,0.5594758919750993,1
2024_07_SEA_ATL,2024,7,2024-10-20,SEA,ATL,0,Model B - Current,0.6131771491571016,1
2024_07_TEN_BUF,2024,7,2024-10-20,TEN,BUF,1,Model B - Current,0.6853561622362603,1
2024_07_CIN_CLE,2024,7,2024-10-20,CIN,CLE,0,Model B - Current,0.28299893127161035,0
2024_07_HOU_GB,2024,7,2024-10-20,HOU,GB,1,Model B - Current,0.6174853997000239,1
2024_07_MIA_IND,2024,7,2024-10-20,MIA,IND,1,Model B - Current,0.5730275958247848,1
2024_07_DET_MIN,2024,7,2024-10-20,DET,MIN,0,Model B - Current,0.47398107262547495,0
2024_07_PHI_NYG,2024,7,2024-10-20,PHI,NYG,0,Model B - Current,0.4523575702723568,0
2024_07_LV_LA,2024,7,2024-10-20,LV,LA,1,Model B - Current,0.7316109582243129,1
2024_07_CAR_WAS,2024,7,2024-10-20,CAR,WAS,1,Model B - Current,0.8304824520800821,1
2024_07_KC_SF,2024,7,2024-10-20,KC,SF,0,Model B - Current,0.45919429811930607,0
2024_07_NYJ_PIT,2024,7,2024-10-20,NYJ,PIT,1,Model B - Current,0.6539036837076294,1
2024_07_BAL_TB,2024,7,2024-10-21,BAL,TB,0,Model B - Current,0.5746551947627042,1
2024_07_LAC_ARI,2024,7,2024-10-21,LAC,ARI,1,Model B - Current,0.5108062145467459,1
2024_08_MIN_LA,2024,8,2024-10-24,MIN,LA,1,Model B - Current,0.5301215585719179,1
2024_08_PHI_CIN,2024,8,2024-10-27,PHI,CIN,0,Model B - Current,0.4436103379747405,0
2024_08_BAL_CLE,2024,8,2024-10-27,BAL,CLE,1,Model B - Current,0.21295733430833946,0
2024_08_TEN_DET,2024,8,2024-10-27,TEN,DET,1,Model B - Current,0.8318521275405354,1
2024_08_IND_HOU,2024,8,2024-10-27,IND,HOU,1,Model B - Current,0.6037296350087381,1
2024_08_GB_JAX,2024,8,2024-10-27,GB,JAX,0,Model B - Current,0.44723397797943276,0
2024_08_ARI_MIA,2024,8,2024-10-27,ARI,MIA,0,Model B - Current,0.4819255568810786,0
2024_08_NYJ_NE,2024,8,2024-10-27,NYJ,NE,1,Model B - Current,0.411498387602187,0
2024_08_ATL_TB,2024,8,2024-10-27,ATL,TB,0,Model B - Current,0.590014396999323,1
2024_08_NO_LAC,2024,8,2024-10-27,NO,LAC,1,Model B - Current,0.629395590726813,1
2024_08_BUF_SEA,2024,8,2024-10-27,BUF,SEA,0,Model B - Current,0.4343612223095505,0
2024_08_CAR_DEN,2024,8,2024-10-27,CAR,DEN,1,Model B - Current,0.8491318977585451,1
2024_08_KC_LV,2024,8,2024-10-27,KC,LV,0,Model B - Current,0.24901019084146347,0
2024_08_CHI_WAS,2024,8,2024-10-27,CHI,WAS,1,Model B - Current,0.6259750900643744,1
2024_08_DAL_SF,2024,8,2024-10-27,DAL,SF,1,Model B - Current,0.7270005736372018,1
2024_08_NYG_PIT,2024,8,2024-10-28,NYG,PIT,1,Model B - Current,0.7423638951739661,1
2024_09_HOU_NYJ,2024,9,2024-10-31,HOU,NYJ,1,Model B - Current,0.5617820925175745,1
2024_09_DAL_ATL,2024,9,2024-11-03,DAL,ATL,1,Model B - Current,0.7939873505536658,1
2024_09_DEN_BAL,2024,9,2024-11-03,DEN,BAL,1,Model B - Current,0.6232866497739624,1
2024_09_MIA_BUF,2024,9,2024-11-03,MIA,BUF,1,Model B - Current,0.7738139278182115,1
2024_09_NO_CAR,2024,9,2024-11-03,NO,CAR,1,Model B - Current,0.4876504032518538,0
2024_09_LV_CIN,2024,9,2024-11-03,LV,CIN,1,Model B - Current,0.5576492325302603,1
2024_09_LAC_CLE,2024,9,2024-11-03,LAC,CLE,0,Model B - Current,0.4789259732453608,0
2024_09_WAS_NYG,2024,9,2024-11-03,WAS,NYG,0,Model B - Current,0.23488932701672643,0
2024_09_NE_TEN,2024,9,2024-11-03,NE,TEN,1,Model B - Current,0.5759036936635893,1
2024_09_CHI_ARI,2024,9,2024-11-03,CHI,ARI,1,Model B - Current,0.547320028447721,1
2024_09_JAX_PHI,2024,9,2024-11-03,JAX,PHI,1,Model B - Current,0.6794229020363391,1
2024_09_DET_GB,2024,9,2024-11-03,DET,GB,0,Model B - Current,0.4092006975335038,0
2024_09_LA_SEA,2024,9,2024-11-03,LA,SEA,0,Model B - Current,0.43177857322412927,0
2024_09_IND_MIN,2024,9,2024-11-03,IND,MIN,1,Model B - Current,0.7216942485854216,1
2024_09_TB_KC,2024,9,2024-11-04,TB,KC,1,Model B - Current,0.6720579801187944,1
2024_10_CIN_BAL,2024,10,2024-11-07,CIN,BAL,1,Model B - Current,0.7218469101741057,1
2024_10_NYG_CAR,2024,10,2024-11-10,NYG,CAR,1,Model B - Current,0.48214499553215123,0
2024_10_NE_CHI,2024,10,2024-11-10,NE,CHI,0,Model B - Current,0.6259084960821647,1
2024_10_BUF_IND,2024,10,2024-11-10,BUF,IND,0,Model B - Current,0.26469411833595496,0
2024_10_MIN_JAX,2024,10,2024-11-10,MIN,JAX,0,Model B - Current,0.37750974538570437,0
2024_10_DEN_KC,2024,10,2024-11-10,DEN,KC,1,Model B - Current,0.7566245536012216,1
2024_10_ATL_NO,2024,10,2024-11-10,ATL,NO,1,Model B - Current,0.34392197118439854,0
2024_10_SF_TB,2024,10,2024-11-10,SF,TB,0,Model B - Current,0.44485517139438585,0
2024_10_PIT_WAS,2024,10,2024-11-10,PIT,WAS,0,Model B - Current,0.6678929678724587,1
2024_10_TEN_LAC,2024,10,2024-11-10,TEN,LAC,1,Model B - Current,0.5820459984497351,1
2024_10_NYJ_ARI,2024,10,2024-11-10,NYJ,ARI,1,Model B - Current,0.5735383678220967,1
2024_10_PHI_DAL,2024,10,2024-11-10,PHI,DAL,0,Model B - Current,0.2997849881304569,0
2024_10_DET_HOU,2024,10,2024-11-10,DET,HOU,0,Model B - Current,0.3384484617121796,0
2024_10_MIA_LA,2024,10,2024-11-11,MIA,LA,0,Model B - Current,0.5828962839150947,1
2024_11_WAS_PHI,2024,11,2024-11-14,WAS,PHI,1,Model B - Current,0.6158026822701572,1
2024_11_GB_CHI,2024,11,2024-11-17,GB,CHI,0,Model B - Current,0.3433319144848264,0
2024_11_JAX_DET,2024,11,2024-11-17,JAX,DET,1,Model B - Current,0.7815860745830359,1
2024_11_LV_MIA,2024,11,2024-11-17,LV,MIA,1,Model B - Current,0.660628209529015,1
2024_11_LA_NE,2024,11,2024-11-17,LA,NE,0,Model B - Current,0.46614308769202784,0
2024_11_CLE_NO,2024,11,2024-11-17,CLE,NO,1,Model B - Current,0.539926766745675,1
2024_11_IND_NYJ,2024,11,2024-11-17,IND,NYJ,0,Model B - Current,0.629608592686041,1
2024_11_BAL_PIT,2024,11,2024-11-17,BAL,PIT,1,Model B - Current,0.3307265768143287,0
2024_11_MIN_TEN,2024,11,2024-11-17,MIN,TEN,0,Model B - Current,0.3453806398330417,0
2024_11_ATL_DEN,2024,11,2024-11-17,ATL,DEN,1,Model B - Current,0.38064278303502314,0
2024_11_SEA_SF,2024,11,2024-11-17,SEA,SF,0,Model B - Current,0.7126932459536403,1
2024_11_KC_BUF,2024,11,2024-11-17,KC,BUF,1,Model B - Current,0.629833857147895,1
2024_11_CIN_LAC,2024,11,2024-11-17,CIN,LAC,1,Model B - Current,0.5160768429266728,1
2024_11_HOU_DAL,2024,11,2024-11-18,HOU,DAL,0,Model B - Current,0.4354434194241845,0
2024_12_PIT_CLE,2024,12,2024-11-21,PIT,CLE,1,Model B - Current,0.44687195460702384,0
2024_12_KC_CAR,2024,12,2024-11-24,KC,CAR,0,Model B - Current,0.3739760503434656,0
2024_12_MIN_CHI,2024,12,2024-11-24,MIN,CHI,0,Model B - Current,0.3755759915481354,0
2024_12_TEN_HOU,2024,12,2024-11-24,TEN,HOU,0,Model B - Current,0.6470068204177764,1
2024_12_DET_IND,2024,12,2024-11-24,DET,IND,0,Model B - Current,0.18651962463700317,0
2024_12_NE_MIA,2024,12,2024-11-24,NE,MIA,1,Model B - Current,0.6596221948114197,1
2024_12_TB_NYG,2024,12,2024-11-24,TB,NYG,0,Model B - Current,0.4927845933136692,0
2024_12_DAL_WAS,2024,12,2024-11-24,DAL,WAS,0,Model B - Current,0.8270423883165031,1
2024_12_DEN_LV,2024,12,2024-11-24,DEN,LV,0,Model B - Current,0.3220280297654226,0
2024_12_SF_GB,2024,12,2024-11-24,SF,GB,1,Model B - Current,0.47249495008452613,0
2024_12_ARI_SEA,2024,12,2024-11-24,ARI,SEA,1,Model B - Current,0.3063687851254859,0
2024_12_PHI_LA,2024,12,2024-11-24,PHI,LA,0,Model B - Current,0.4557736781777615,0
2024_12_BAL_LAC,2024,12,2024-11-25,BAL,LAC,0,Model B - Current,0.3668756551885125,0
2024_13_CHI_DET,2024,13,2024-11-28,CHI,DET,1,Model B - Current,0.843534256864385,1
2024_13_NYG_DAL,2024,13,2024-11-28,NYG,DAL,1,Model B - Current,0.5243776898273854,1
2024_13_MIA_GB,2024,13,2024-11-28,MIA,GB,1,Model B - Current,0.5746355228146393,1
2024_13_LV_KC,2024,13,2024-11-29,LV,KC,1,Model B - Current,0.7822333005162958,1
2024_13_LAC_ATL,2024,13,2024-12-01,LAC,ATL,0,Model B - Current,0.6579991567421687,1
2024_13_PIT_CIN,2024,13,2024-12-01,PIT,CIN,0,Model B - Current,0.6258454308990867,1
2024_13_HOU_JAX,2024,13,2024-12-01,HOU,JAX,0,Model B - Current,0.3840346669817385,0
2024_13_ARI_MIN,2024,13,2024-12-01,ARI,MIN,1,Model B - Current,0.5592831237645974,1
2024_13_IND_NE,2024,13,2024-12-01,IND,NE,0,Model B - Current,0.6411516088162825,1
2024_13_SEA_NYJ,2024,13,2024-12-01,SEA,NYJ,0,Model B - Current,0.5286255826015027,1
2024_13_TEN_WAS,2024,13,2024-12-01,TEN,WAS,1,Model B - Current,0.6645033964337724,1
2024_13_TB_CAR,2024,13,2024-12-01,TB,CAR,0,Model B - Current,0.36634896419298224,0
2024_13_LA_NO,2024,13,2024-12-01,LA,NO,0,Model B - Current,0.5282080096652846,1
2024_13_PHI_BAL,2024,13,2024-12-01,PHI,BAL,0,Model B - Current,0.5077246465869802,1
2024_13_SF_BUF,2024,13,2024-12-01,SF,BUF,1,Model B - Current,0.7133113586809446,1
2024_13_CLE_DEN,2024,13,2024-12-02,CLE,DEN,1,Model B - Current,0.6976659386495637,1
2024_14_GB_DET,2024,14,2024-12-05,GB,DET,1,Model B - Current,0.6545437035447601,1
2024_14_NYJ_MIA,2024,14,2024-12-08,NYJ,MIA,1,Model B - Current,0.7711810894027517,1
2024_14_ATL_MIN,2024,14,2024-12-08,ATL,MIN,1,Model B - Current,0.6392913285867898,1
2024_14_NO_NYG,2024,14,2024-12-08,NO,NYG,0,Model B - Current,0.5028742998824981,1
2024_14_CAR_PHI,2024,14,2024-12-08,CAR,PHI,1,Model B - Current,0.7193585194272278,1
2024_14_CLE_PIT,2024,14,2024-12-08,CLE,PIT,1,Model B - Current,0.6889869101159133,1
2024_14_LV_TB,2024,14,2024-12-08,LV,TB,1,Model B - Current,0.6757025169739485,1
2024_14_JAX_TEN,2024,14,2024-12-08,JAX,TEN,0,Model B - Current,0.5924035272875714,1
2024_14_SEA_ARI,2024,14,2024-12-08,SEA,ARI,0,Model B - Current,0.6609099608848944,1
2024_14_BUF_LA,2024,14,2024-12-08,BUF,LA,1,Model B - Current,0.44332241082833634,0
2024_14_CHI_SF,2024,14,2024-12-08,CHI,SF,1,Model B - Current,0.4729258520856714,0
2024_14_LAC_KC,2024,14,2024-12-08,LAC,KC,1,Model B - Current,0.684291082649545,1
2024_14_CIN_DAL,2024,14,2024-12-09,CIN,DAL,0,Model B - Current,0.449686957349142,0
2024_15_LA_SF,2024,15,2024-12-12,LA,SF,0,Model B - Current,0.48325815601721916,0
2024_15_DAL_CAR,2024,15,2024-12-15,DAL,CAR,0,Model B - Current,0.6085026890117232,1
2024_15_KC_CLE,2024,15,2024-12-15,KC,CLE,0,Model B - Current,0.4094151899798635,0
2024_15_MIA_HOU,2024,15,2024-12-15,MIA,HOU,1,Model B - Current,0.387661603242176,0
2024_15_NYJ_JAX,2024,15,2024-12-15,NYJ,JAX,0,Model B - Current,0.47340077044108375,0
2024_15_WAS_NO,2024,15,2024-12-15,WAS,NO,0,Model B - Current,0.3386215752390849,0
2024_15_BAL_NYG,2024,15,2024-12-15,BAL,NYG,0,Model B - Current,0.2929235877239064,0
2024_15_CIN_TEN,2024,15,2024-12-15,CIN,TEN,0,Model B - Current,0.331934710088463,0
2024_15_NE_ARI,2024,15,2024-12-15,NE,ARI,1,Model B - Current,0.5413951652440102,1
2024_15_IND_DEN,2024,15,2024-12-15,IND,DEN,1,Model B - Current,0.6938686996712713,1
2024_15_BUF_DET,2024,15,2024-12-15,BUF,DET,0,Model B - Current,0.5944666632684101,1
2024_15_TB_LAC,2024,15,2024-12-15,TB,LAC,0,Model B - Current,0.36857106677406415,0
2024_15_PIT_PHI,2024,15,2024-12-15,PIT,PHI,1,Model B - Current,0.6613478732343068,1
2024_15_GB_SEA,2024,15,2024-12-15,GB,SEA,0,Model B - Current,0.4590722239737085,0
2024_15_CHI_MIN,2024,15,2024-12-16,CHI,MIN,1,Model B - Current,0.7942337491224137,1
2024_15_ATL_LV,2024,15,2024-12-16,ATL,LV,0,Model B - Current,0.4535377735163629,0
2024_16_DEN_LAC,2024,16,2024-12-19,DEN,LAC,1,Model B - Current,0.37080092195106124,0
2024_16_HOU_KC,2024,16,2024-12-21,HOU,KC,1,Model B - Current,0.6991945546807978,1
2024_16_PIT_BAL,2024,16,2024-12-21,PIT,BAL,1,Model B - Current,0.8000158212633723,1
2024_16_NYG_ATL,2024,16,2024-12-22,NYG,ATL,1,Model B - Current,0.7272786701107369,1
2024_16_ARI_CAR,2024,16,2024-12-22,ARI,CAR,1,Model B - Current,0.37038561982396045,0
2024_16_DET_CHI,2024,16,2024-12-22,DET,CHI,0,Model B - Current,0.28120723087334315,0
2024_16_CLE_CIN,2024,16,2024-12-22,CLE,CIN,1,Model B - Current,0.7548545070241925,1
2024_16_TEN_IND,2024,16,2024-12-22,TEN,IND,1,Model B - Current,0.5417513871545999,1
2024_16_LA_NYJ,2024,16,2024-12-22,LA,NYJ,0,Model B - Current,0.4383217962336977,0
2024_16_PHI_WAS,2024,16,2024-12-22,PHI,WAS,1,Model B - Current,0.5176885439322647,1
2024_16_MIN_SEA,2024,16,2024-12-22,MIN,SEA,0,Model B - Current,0.3202013579346167,0
2024_16_NE_BUF,2024,16,2024-12-22,NE,BUF,1,Model B - Current,0.6896489500586981,1
2024_16_JAX_LV,2024,16,2024-12-22,JAX,LV,1,Model B - Current,0.5573734456232754,1
2024_16_SF_MIA,2024,16,2024-12-22,SF,MIA,1,Model B - Current,0.7222131310326598,1
2024_16_TB_DAL,2024,16,2024-12-22,TB,DAL,1,Model B - Current,0.3925936620690725,0
2024_16_NO_GB,2024,16,2024-12-23,NO,GB,1,Model B - Current,0.7646850043526031,1
2024_17_KC_PIT,2024,17,2024-12-25,KC,PIT,0,Model B - Current,0.34626137078513103,0
2024_17_BAL_HOU,2024,17,2024-12-25,BAL,HOU,0,Model B - Current,0.2477816222929043,0
2024_17_SEA_CHI,2024,17,2024-12-26,SEA,CHI,0,Model B - Current,0.44425124724027987,0
2024_17_LAC_NE,2024,17,2024-12-28,LAC,NE,0,Model B - Current,0.6340259454645801,1
2024_17_DEN_CIN,2024,17,2024-12-28,DEN,CIN,1,Model B - Current,0.6777616357576516,1
2024_17_ARI_LA,2024,17,2024-12-28,ARI,LA,1,Model B - Current,0.6003712227270517,1
2024_17_NYJ_BUF,2024,17,2024-12-29,NYJ,BUF,1,Model B - Current,0.7176000836837635,1
2024_17_TEN_JAX,2024,17,2024-12-29,TEN,JAX,1,Model B - Current,0.49506865878874634,0
2024_17_LV_NO,2024,17,2024-12-29,LV,NO,0,Model B - Current,0.40476044423647983,0
2024_17_IND_NYG,2024,17,2024-12-29,IND,NYG,1,Model B - Current,0.39032556219029174,0
2024_17_DAL_PHI,2024,17,2024-12-29,DAL,PHI,1,Model B - Current,0.6468959370716513,1
2024_17_CAR_TB,2024,17,2024-12-29,CAR,TB,1,Model B - Current,0.8003198670720927,1
2024_17_MIA_CLE,2024,17,2024-12-29,MIA,CLE,0,Model B - Current,0.2549761637315826,0
2024_17_GB_MIN,2024,17,2024-12-29,GB,MIN,1,Model B - Current,0.473534139106405,0
2024_17_ATL_WAS,2024,17,2024-12-29,ATL,WAS,1,Model B - Current,0.55364656277927,1
2024_17_DET_SF,2024,17,2024-12-30,DET,SF,0,Model B - Current,0.3341614441724272,0
2024_18_CLE_BAL,2024,18,2025-01-04,CLE,BAL,1,Model B - Current,0.923065871150094,1
2024_18_CIN_PIT,2024,18,2025-01-04,CIN,PIT,0,Model B - Current,0.27358610574212255,0
2024_18_CAR_ATL,2024,18,2025-01-05,CAR,ATL,0,Model B - Current,0.7723552585389739,1
2024_18_WAS_DAL,2024,18,2025-01-05,WAS,DAL,0,Model B - Current,0.3606724094243212,0
2024_18_CHI_GB,2024,18,2025-01-05,CHI,GB,0,Model B - Current,0.7981842769482674,1
2024_18_JAX_IND,2024,18,2025-01-05,JAX,IND,1,Model B - Current,0.5539460789658044,1
2024_18_BUF_NE,2024,18,2025-01-05,BUF,NE,1,Model B - Current,0.27969630524249856,0
2024_18_NYG_PHI,2024,18,2025-01-05,NYG,PHI,1,Model B - Current,0.7941814434171384,1
2024_18_NO_TB,2024,18,2025-01-05,NO,TB,1,Model B - Current,0.8948837092816607,1
2024_18_HOU_TEN,2024,18,2025-01-05,HOU,TEN,0,Model B - Current,0.670860681382272,1
2024_18_SF_ARI,2024,18,2025-01-05,SF,ARI,1,Model B - Current,0.6148488455206673,1
2024_18_KC_DEN,2024,18,2025-01-05,KC,DEN,1,Model B - Current,0.3983314729601499,0
2024_18_SEA_LA,2024,18,2025-01-05,SEA,LA,0,Model B - Current,0.6336404740685518,1
2024_18_LAC_LV,2024,18,2025-01-05,LAC,LV,0,Model B - Current,0.4638430053586241,0
2024_18_MIA_NYJ,2024,18,2025-01-05,MIA,NYJ,1,Model B - Current,0.39812920349001985,0
2024_18_MIN_DET,2024,18,2025-01-05,MIN,DET,1,Model B - Current,0.5671773551721058,1
2024_01_BAL_KC,2024,1,2024-09-05,BAL,KC,1,Model C - Efficiency,0.3537641015470508,0
2024_01_GB_PHI,2024,1,2024-09-06,GB,PHI,1,Model C - Efficiency,0.3587246649158605,0
2024_01_PIT_ATL,2024,1,2024-09-08,PIT,ATL,0,Model C - Efficiency,0.392346508723327,0
2024_01_ARI_BUF,2024,1,2024-09-08,ARI,BUF,1,Model C - Efficiency,0.7186419780369426,1
2024_01_TEN_CHI,2024,1,2024-09-08,TEN,CHI,1,Model C - Efficiency,0.5594183762048133,1
2024_01_NE_CIN,2024,1,2024-09-08,NE,CIN,0,Model C - Efficiency,0.7502055788303469,1
2024_01_HOU_IND,2024,1,2024-09-08,HOU,IND,0,Model C - Efficiency,0.4586319850097374,0
2024_01_JAX_MIA,2024,1,2024-09-08,JAX,MIA,1,Model C - Efficiency,0.548823711784909,1
2024_01_CAR_NO,2024,1,2024-09-08,CAR,NO,1,Model C - Efficiency,0.8058318922104414,1
2024_01_MIN_NYG,2024,1,2024-09-08,MIN,NYG,0,Model C - Efficiency,0.6347579549336996,1
2024_01_LV_LAC,2024,1,2024-09-08,LV,LAC,1,Model C - Efficiency,0.4816497025104973,0
2024_01_DEN_SEA,2024,1,2024-09-08,DEN,SEA,1,Model C - Efficiency,0.5278732593276407,1
2024_01_DAL_CLE,2024,1,2024-09-08,DAL,CLE,0,Model C - Efficiency,0.29398474084090503,0
2024_01_WAS_TB,2024,1,2024-09-08,WAS,TB,1,Model C - Efficiency,0.7359983018261863,1
2024_01_LA_DET,2024,1,2024-09-08,LA,DET,1,Model C - Efficiency,0.5347123315571265,1
2024_01_NYJ_SF,2024,1,2024-09-09,NYJ,SF,1,Model C - Efficiency,0.8429516632855665,1
2024_02_BUF_MIA,2024,2,2024-09-12,BUF,MIA,0,Model C - Efficiency,0.3832538870948208,0
2024_02_LV_BAL,2024,2,2024-09-15,LV,BAL,0,Model C - Efficiency,0.7594047253295197,1
2024_02_LAC_CAR,2024,2,2024-09-15,LAC,CAR,0,Model C - Efficiency,0.33011842719227624,0
2024_02_NO_DAL,2024,2,2024-09-15,NO,DAL,0,Model C - Efficiency,0.5661045068232237,1
2024_02_TB_DET,2024,2,2024-09-15,TB,DET,0,Model C - Efficiency,0.5855263379510498,1
2024_02_IND_GB,2024,2,2024-09-15,IND,GB,1,Model C - Efficiency,0.7544881475289893,1
2024_02_CLE_JAX,2024,2,2024-09-15,CLE,JAX,0,Model C - Efficiency,0.6361650170463129,1
2024_02_SF_MIN,2024,2,2024-09-15,SF,MIN,1,Model C - Efficiency,0.33805069617866446,0
2024_02_SEA_NE,2024,2,2024-09-15,SEA,NE,0,Model C - Efficiency,0.4138287802287484,0
2024_02_NYJ_TEN,2024,2,2024-09-15,NYJ,TEN,0,Model C - Efficiency,0.5855276756722025,1
2024_02_NYG_WAS,2024,2,2024-09-15,NYG,WAS,1,Model C - Efficiency,0.5172815499540537,1
2024_02_LA_ARI,2024,2,2024-09-15,LA,ARI,1,Model C - Efficiency,0.3769180298245755,0
2024_02_PIT_DEN,2024,2,2024-09-15,PIT,DEN,0,Model C - Efficiency,0.35557002424833706,0
2024_02_CIN_KC,2024,2,2024-09-15,CIN,KC,1,Model C - Efficiency,0.5864054610696094,1
2024_02_CHI_HOU,2024,2,2024-09-15,CHI,HOU,1,Model C - Efficiency,0.6523678274949694,1
2024_02_ATL_PHI,2024,2,2024-09-16,ATL,PHI,0,Model C - Efficiency,0.628586007306405,1
2024_03_NE_NYJ,2024,3,2024-09-19,NE,NYJ,1,Model C - Efficiency,0.5613874129366647,1
2024_03_NYG_CLE,2024,3,2024-09-22,NYG,CLE,0,Model C - Efficiency,0.5760707147849177,1
2024_03_CHI_IND,2024,3,2024-09-22,CHI,IND,1,Model C - Efficiency,0.5579844885248633,1
2024_03_HOU_MIN,2024,3,2024-09-22,HOU,MIN,1,Model C - Efficiency,0.5630421605340679,1
2024_03_PHI_NO,2024,3,2024-09-22,PHI,NO,0,Model C - Efficiency,0.76570102819734,1
2024_03_LAC_PIT,2024,3,2024-09-22,LAC,PIT,1,Model C - Efficiency,0.5918758012856595,1
2024_03_DEN_TB,2024,3,2024-09-22,DEN,TB,0,Model C - Efficiency,0.7490163624453274,1
2024_03_GB_TEN,2024,3,2024-09-22,GB,TEN,0,Model C - Efficiency,0.36694807964272613,0
2024_03_CAR_LV,2024,3,2024-09-22,CAR,LV,0,Model C - Efficiency,0.786355325252535,1
2024_03_MIA_SEA,2024,3,2024-09-22,MIA,SEA,1,Model C - Efficiency,0.5756064273878239,1
2024_03_DET_ARI,2024,3,2024-09-22,DET,ARI,0,Model C - Efficiency,0.44587949999241216,0
2024_03_BAL_DAL,2024,3,2024-09-22,BAL,DAL,0,Model C - Efficiency,0.46925556319464157,0
2024_03_SF_LA,2024,3,2024-09-22,SF,LA,1,Model C - Efficiency,0.41030264202655764,0
2024_03_KC_ATL,2024,3,2024-09-22,KC,ATL,0,Model C - Efficiency,0.5039331907858272,1
2024_03_JAX_BUF,2024,3,2024-09-23,JAX,BUF,1,Model C - Efficiency,0.7838408497003508,1
2024_03_WAS_CIN,2024,3,2024-09-23,WAS,CIN,0,Model C - Efficiency,0.6623939309898771,1
2024_04_DAL_NYG,2024,4,2024-09-26,DAL,NYG,0,Model C - Efficiency,0.5126664480647365,1
2024_04_NO_ATL,2024,4,2024-09-29,NO,ATL,1,Model C - Efficiency,0.3286901446641266,0
2024_04_CIN_CAR,2024,4,2024-09-29,CIN,CAR,0,Model C - Efficiency,0.2823750193848151,0
2024_04_LA_CHI,2024,4,2024-09-29,LA,CHI,1,Model C - Efficiency,0.48222906398037996,0
2024_04_MIN_GB,2024,4,2024-09-29,MIN,GB,0,Model C - Efficiency,0.48102758294109993,0
2024_04_JAX_HOU,2024,4,2024-09-29,JAX,HOU,1,Model C - Efficiency,0.6588776024258715,1
2024_04_PIT_IND,2024,4,2024-09-29,PIT,IND,1,Model C - Efficiency,0.38847351582417583,0
2024_04_DEN_NYJ,2024,4,2024-09-29,DEN,NYJ,0,Model C - Efficiency,0.7165726620309248,1
2024_04_PHI_TB,2024,4,2024-09-29,PHI,TB,1,Model C - Efficiency,0.5644115973785319,1
2024_04_WAS_ARI,2024,4,2024-09-29,WAS,ARI,0,Model C - Efficiency,0.5240690302978507,1
2024_04_NE_SF,2024,4,2024-09-29,NE,SF,1,Model C - Efficiency,0.7523330609639315,1
2024_04_KC_LAC,2024,4,2024-09-29,KC,LAC,0,Model C - Efficiency,0.4533182219492825,0
2024_04_CLE_LV,2024,4,2024-09-29,CLE,LV,1,Model C - Efficiency,0.6382354254449467,1
2024_04_BUF_BAL,2024,4,2024-09-29,BUF,BAL,1,Model C - Efficiency,0.4452945807208223,0
2024_04_TEN_MIA,2024,4,2024-09-30,TEN,MIA,0,Model C - Efficiency,0.5774092225479869,1
2024_04_SEA_DET,2024,4,2024-09-30,SEA,DET,1,Model C - Efficiency,0.605863074829334,1
2024_05_TB_ATL,2024,5,2024-10-03,TB,ATL,1,Model C - Efficiency,0.3983425417059163,0
2024_05_NYJ_MIN,2024,5,2024-10-06,NYJ,MIN,1,Model C - Efficiency,0.7277246847979487,1
2024_05_CAR_CHI,2024,5,2024-10-06,CAR,CHI,1,Model C - Efficiency,0.7190983007286913,1
2024_05_BAL_CIN,2024,5,2024-10-06,BAL,CIN,0,Model C - Efficiency,0.4018200271904692,0
2024_05_BUF_HOU,2024,5,2024-10-06,BUF,HOU,1,Model C - Efficiency,0.43170868020842673,0
2024_05_IND_JAX,2024,5,2024-10-06,IND,JAX,1,Model C - Efficiency,0.4600644873036489,0
2024_05_MIA_NE,2024,5,2024-10-06,MIA,NE,0,Model C - Efficiency,0.5716389906812358,1
2024_05_CLE_WAS,2024,5,2024-10-06,CLE,WAS,1,Model C - Efficiency,0.8465500686066633,1
2024_05_LV_DEN,2024,5,2024-10-06,LV,DEN,1,Model C - Efficiency,0.5323358304017977,1
2024_05_ARI_SF,2024,5,2024-10-06,ARI,SF,0,Model C - Efficiency,0.7422733216429329,1
2024_05_GB_LA,2024,5,2024-10-06,GB,LA,0,Model C - Efficiency,0.54986652042447,1
2024_05_NYG_SEA,2024,5,2024-10-06,NYG,SEA,0,Model C - Efficiency,0.7452538461128084,1
2024_05_DAL_PIT,2024,5,2024-10-06,DAL,PIT,0,Model C - Efficiency,0.6213525260977237,1
2024_05_NO_KC,2024,5,2024-10-07,NO,KC,1,Model C - Efficiency,0.500739795035738,1
2024_06_SF_SEA,2024,6,2024-10-10,SF,SEA,0,Model C - Efficiency,0.5458238042319004,1
2024_06_JAX_CHI,2024,6,2024-10-13,JAX,CHI,1,Model C - Efficiency,0.7102223220326921,1
2024_06_WAS_BAL,2024,6,2024-10-13,WAS,BAL,1,Model C - Efficiency,0.6069228067265947,1
2024_06_ARI_GB,2024,6,2024-10-13,ARI,GB,1,Model C - Efficiency,0.5978220480680405,1
2024_06_HOU_NE,2024,6,2024-10-13,HOU,NE,0,Model C - Efficiency,0.4474315177282787,0
2024_06_TB_NO,2024,6,2024-10-13,TB,NO,0,Model C - Efficiency,0.4931809303885246,0
2024_06_CLE_PHI,2024,6,2024-10-13,CLE,PHI,1,Model C - Efficiency,0.7930204996333917,1
2024_06_IND_TEN,2024,6,2024-10-13,IND,TEN,0,Model C - Efficiency,0.5588249145456483,1
2024_06_LAC_DEN,2024,6,2024-10-13,LAC,DEN,0,Model C - Efficiency,0.5323391236723625,1
2024_06_PIT_LV,2024,6,2024-10-13,PIT,LV,0,Model C - Efficiency,0.37216041218136126,0
2024_06_ATL_CAR,2024,6,2024-10-13,ATL,CAR,0,Model C - Efficiency,0.3149042241263643,0
2024_06_DET_DAL,2024,6,2024-10-13,DET,DAL,0,Model C - Efficiency,0.2941165971386187,0
2024_06_CIN_NYG,2024,6,2024-10-13,CIN,NYG,0,Model C - Efficiency,0.4582892645942432,0
2024_06_BUF_NYJ,2024,6,2024-10-14,BUF,NYJ,0,Model C - Efficiency,0.5342927518773982,1
2024_07_DEN_NO,2024,7,2024-10-17,DEN,NO,0,Model C - Efficiency,0.5461813244066946,1
2024_07_NE_JAX,2024,7,2024-10-20,NE,JAX,1,Model C - Efficiency,0.5599134945663192,1
2024_07_SEA_ATL,2024,7,2024-10-20,SEA,ATL,0,Model C - Efficiency,0.6005082318589471,1
2024_07_TEN_BUF,2024,7,2024-10-20,TEN,BUF,1,Model C - Efficiency,0.6944736029889416,1
2024_07_CIN_CLE,2024,7,2024-10-20,CIN,CLE,0,Model C - Efficiency,0.2892752931014612,0
2024_07_HOU_GB,2024,7,2024-10-20,HOU,GB,1,Model C - Efficiency,0.6315536748416701,1
2024_07_MIA_IND,2024,7,2024-10-20,MIA,IND,1,Model C - Efficiency,0.566302915198607,1
2024_07_DET_MIN,2024,7,2024-10-20,DET,MIN,0,Model C - Efficiency,0.4740030878530302,0
2024_07_PHI_NYG,2024,7,2024-10-20,PHI,NYG,0,Model C - Efficiency,0.44891864539722687,0
2024_07_LV_LA,2024,7,2024-10-20,LV,LA,1,Model C - Efficiency,0.7371426068010672,1
2024_07_CAR_WAS,2024,7,2024-10-20,CAR,WAS,1,Model C - Efficiency,0.8199816056347098,1
2024_07_KC_SF,2024,7,2024-10-20,KC,SF,0,Model C - Efficiency,0.46199163885621763,0
2024_07_NYJ_PIT,2024,7,2024-10-20,NYJ,PIT,1,Model C - Efficiency,0.6572114981899725,1
2024_07_BAL_TB,2024,7,2024-10-21,BAL,TB,0,Model C - Efficiency,0.5699775208616622,1
2024_07_LAC_ARI,2024,7,2024-10-21,LAC,ARI,1,Model C - Efficiency,0.5158878600671308,1
2024_08_MIN_LA,2024,8,2024-10-24,MIN,LA,1,Model C - Efficiency,0.5354186397007172,1
2024_08_PHI_CIN,2024,8,2024-10-27,PHI,CIN,0,Model C - Efficiency,0.4512719526504568,0
2024_08_BAL_CLE,2024,8,2024-10-27,BAL,CLE,1,Model C - Efficiency,0.2052930935300835,0
2024_08_TEN_DET,2024,8,2024-10-27,TEN,DET,1,Model C - Efficiency,0.8389348578940387,1
2024_08_IND_HOU,2024,8,2024-10-27,IND,HOU,1,Model C - Efficiency,0.5983292112752241,1
2024_08_GB_JAX,2024,8,2024-10-27,GB,JAX,0,Model C - Efficiency,0.4577422894068535,0
2024_08_ARI_MIA,2024,8,2024-10-27,ARI,MIA,0,Model C - Efficiency,0.4891523048347168,0
2024_08_NYJ_NE,2024,8,2024-10-27,NYJ,NE,1,Model C - Efficiency,0.4129613236584308,0
2024_08_ATL_TB,2024,8,2024-10-27,ATL,TB,0,Model C - Efficiency,0.5966714002238572,1
2024_08_NO_LAC,2024,8,2024-10-27,NO,LAC,1,Model C - Efficiency,0.611583232226063,1
2024_08_BUF_SEA,2024,8,2024-10-27,BUF,SEA,0,Model C - Efficiency,0.4426081230746268,0
2024_08_CAR_DEN,2024,8,2024-10-27,CAR,DEN,1,Model C - Efficiency,0.8464273586943049,1
2024_08_KC_LV,2024,8,2024-10-27,KC,LV,0,Model C - Efficiency,0.25393851801399964,0
2024_08_CHI_WAS,2024,8,2024-10-27,CHI,WAS,1,Model C - Efficiency,0.6195440230239491,1
2024_08_DAL_SF,2024,8,2024-10-27,DAL,SF,1,Model C - Efficiency,0.7209875769687627,1
2024_08_NYG_PIT,2024,8,2024-10-28,NYG,PIT,1,Model C - Efficiency,0.7328868150899268,1
2024_09_HOU_NYJ,2024,9,2024-10-31,HOU,NYJ,1,Model C - Efficiency,0.566399185826268,1
2024_09_DAL_ATL,2024,9,2024-11-03,DAL,ATL,1,Model C - Efficiency,0.7909472689242679,1
2024_09_DEN_BAL,2024,9,2024-11-03,DEN,BAL,1,Model C - Efficiency,0.6375764122201907,1
2024_09_MIA_BUF,2024,9,2024-11-03,MIA,BUF,1,Model C - Efficiency,0.7674697586338418,1
2024_09_NO_CAR,2024,9,2024-11-03,NO,CAR,1,Model C - Efficiency,0.4786721017229683,0
2024_09_LV_CIN,2024,9,2024-11-03,LV,CIN,1,Model C - Efficiency,0.5536167365582725,1
2024_09_LAC_CLE,2024,9,2024-11-03,LAC,CLE,0,Model C - Efficiency,0.4875257619792686,0
2024_09_WAS_NYG,2024,9,2024-11-03,WAS,NYG,0,Model C - Efficiency,0.24258622060160287,0
2024_09_NE_TEN,2024,9,2024-11-03,NE,TEN,1,Model C - Efficiency,0.5783183066332329,1
2024_09_CHI_ARI,2024,9,2024-11-03,CHI,ARI,1,Model C - Efficiency,0.5489205865059352,1
2024_09_JAX_PHI,2024,9,2024-11-03,JAX,PHI,1,Model C - Efficiency,0.6739712540621667,1
2024_09_DET_GB,2024,9,2024-11-03,DET,GB,0,Model C - Efficiency,0.414725225013996,0
2024_09_LA_SEA,2024,9,2024-11-03,LA,SEA,0,Model C - Efficiency,0.4288951521952389,0
2024_09_IND_MIN,2024,9,2024-11-03,IND,MIN,1,Model C - Efficiency,0.7285389188316543,1
2024_09_TB_KC,2024,9,2024-11-04,TB,KC,1,Model C - Efficiency,0.6677796666176422,1
2024_10_CIN_BAL,2024,10,2024-11-07,CIN,BAL,1,Model C - Efficiency,0.7412136028446006,1
2024_10_NYG_CAR,2024,10,2024-11-10,NYG,CAR,1,Model C - Efficiency,0.4816157162265743,0
2024_10_NE_CHI,2024,10,2024-11-10,NE,CHI,0,Model C - Efficiency,0.623083300313869,1
2024_10_BUF_IND,2024,10,2024-11-10,BUF,IND,0,Model C - Efficiency,0.26450848384162284,0
2024_10_MIN_JAX,2024,10,2024-11-10,MIN,JAX,0,Model C - Efficiency,0.38418065354168507,0
2024_10_DEN_KC,2024,10,2024-11-10,DEN,KC,1,Model C - Efficiency,0.7573678985256762,1
2024_10_ATL_NO,2024,10,2024-11-10,ATL,NO,1,Model C - Efficiency,0.34618960361520545,0
2024_10_SF_TB,2024,10,2024-11-10,SF,TB,0,Model C - Efficiency,0.4431451744143351,0
2024_10_PIT_WAS,2024,10,2024-11-10,PIT,WAS,0,Model C - Efficiency,0.6705504903052698,1
2024_10_TEN_LAC,2024,10,2024-11-10,TEN,LAC,1,Model C - Efficiency,0.5723164959014397,1
2024_10_NYJ_ARI,2024,10,2024-11-10,NYJ,ARI,1,Model C - Efficiency,0.5733615978342596,1
2024_10_PHI_DAL,2024,10,2024-11-10,PHI,DAL,0,Model C - Efficiency,0.3012180581489347,0
2024_10_DET_HOU,2024,10,2024-11-10,DET,HOU,0,Model C - Efficiency,0.32797548871848237,0
2024_10_MIA_LA,2024,10,2024-11-11,MIA,LA,0,Model C - Efficiency,0.5762384314235578,1
2024_11_WAS_PHI,2024,11,2024-11-14,WAS,PHI,1,Model C - Efficiency,0.6138205750550274,1
2024_11_GB_CHI,2024,11,2024-11-17,GB,CHI,0,Model C - Efficiency,0.3437230740266475,0
2024_11_JAX_DET,2024,11,2024-11-17,JAX,DET,1,Model C - Efficiency,0.7785726032001058,1
2024_11_LV_MIA,2024,11,2024-11-17,LV,MIA,1,Model C - Efficiency,0.6656125729317698,1
2024_11_LA_NE,2024,11,2024-11-17,LA,NE,0,Model C - Efficiency,0.4644788417483346,0
2024_11_CLE_NO,2024,11,2024-11-17,CLE,NO,1,Model C - Efficiency,0.5402219133574965,1
2024_11_IND_NYJ,2024,11,2024-11-17,IND,NYJ,0,Model C - Efficiency,0.6315223663422461,1
2024_11_BAL_PIT,2024,11,2024-11-17,BAL,PIT,1,Model C - Efficiency,0.3183701043274321,0
2024_11_MIN_TEN,2024,11,2024-11-17,MIN,TEN,0,Model C - Efficiency,0.34416271806447235,0
2024_11_ATL_DEN,2024,11,2024-11-17,ATL,DEN,1,Model C - Efficiency,0.37535302301929757,0
2024_11_SEA_SF,2024,11,2024-11-17,SEA,SF,0,Model C - Efficiency,0.7064519175515551,1
2024_11_KC_BUF,2024,11,2024-11-17,KC,BUF,1,Model C - Efficiency,0.6323362573168254,1
2024_11_CIN_LAC,2024,11,2024-11-17,CIN,LAC,1,Model C - Efficiency,0.5309728099581167,1
2024_11_HOU_DAL,2024,11,2024-11-18,HOU,DAL,0,Model C - Efficiency,0.45355583150097223,0
2024_12_PIT_CLE,2024,12,2024-11-21,PIT,CLE,1,Model C - Efficiency,0.44474729283077913,0
2024_12_KC_CAR,2024,12,2024-11-24,KC,CAR,0,Model C - Efficiency,0.37223387643750055,0
2024_12_MIN_CHI,2024,12,2024-11-24,MIN,CHI,0,Model C - Efficiency,0.3729089307258007,0
2024_12_TEN_HOU,2024,12,2024-11-24,TEN,HOU,0,Model C - Efficiency,0.6449127610803681,1
2024_12_DET_IND,2024,12,2024-11-24,DET,IND,0,Model C - Efficiency,0.18092463276328638,0
2024_12_NE_MIA,2024,12,2024-11-24,NE,MIA,1,Model C - Efficiency,0.6614552653001452,1
2024_12_TB_NYG,2024,12,2024-11-24,TB,NYG,0,Model C - Efficiency,0.4970748581912074,0
2024_12_DAL_WAS,2024,12,2024-11-24,DAL,WAS,0,Model C - Efficiency,0.8255469463478585,1
2024_12_DEN_LV,2024,12,2024-11-24,DEN,LV,0,Model C - Efficiency,0.32424655991411744,0
2024_12_SF_GB,2024,12,2024-11-24,SF,GB,1,Model C - Efficiency,0.4915802467936834,0
2024_12_ARI_SEA,2024,12,2024-11-24,ARI,SEA,1,Model C - Efficiency,0.3092823127846103,0
2024_12_PHI_LA,2024,12,2024-11-24,PHI,LA,0,Model C - Efficiency,0.4616790904911611,0
2024_12_BAL_LAC,2024,12,2024-11-25,BAL,LAC,0,Model C - Efficiency,0.35759482930860587,0
2024_13_CHI_DET,2024,13,2024-11-28,CHI,DET,1,Model C - Efficiency,0.8492924706505925,1
2024_13_NYG_DAL,2024,13,2024-11-28,NYG,DAL,1,Model C - Efficiency,0.5319437849023168,1
2024_13_MIA_GB,2024,13,2024-11-28,MIA,GB,1,Model C - Efficiency,0.5919008337474064,1
2024_13_LV_KC,2024,13,2024-11-29,LV,KC,1,Model C - Efficiency,0.7772680838615015,1
2024_13_LAC_ATL,2024,13,2024-12-01,LAC,ATL,0,Model C - Efficiency,0.6587896749830572,1
2024_13_PIT_CIN,2024,13,2024-12-01,PIT,CIN,0,Model C - Efficiency,0.6129312122134478,1
2024_13_HOU_JAX,2024,13,2024-12-01,HOU,JAX,0,Model C - Efficiency,0.3976856247165199,0
2024_13_ARI_MIN,2024,13,2024-12-01,ARI,MIN,1,Model C - Efficiency,0.5645665342843494,1
2024_13_IND_NE,2024,13,2024-12-01,IND,NE,0,Model C - Efficiency,0.6441244377197057,1
2024_13_SEA_NYJ,2024,13,2024-12-01,SEA,NYJ,0,Model C - Efficiency,0.5257922351874591,1
2024_13_TEN_WAS,2024,13,2024-12-01,TEN,WAS,1,Model C - Efficiency,0.6721888638302784,1
2024_13_TB_CAR,2024,13,2024-12-01,TB,CAR,0,Model C - Efficiency,0.35887692246281777,0
2024_13_LA_NO,2024,13,2024-12-01,LA,NO,0,Model C - Efficiency,0.531491763502945,1
2024_13_PHI_BAL,2024,13,2024-12-01,PHI,BAL,0,Model C - Efficiency,0.52184644639174,1
2024_13_SF_BUF,2024,13,2024-12-01,SF,BUF,1,Model C - Efficiency,0.7091833705325413,1
2024_13_CLE_DEN,2024,13,2024-12-02,CLE,DEN,1,Model C - Efficiency,0.6948488145845483,1
2024_14_GB_DET,2024,14,2024-12-05,GB,DET,1,Model C - Efficiency,0.6505646928994145,1
2024_14_NYJ_MIA,2024,14,2024-12-08,NYJ,MIA,1,Model C - Efficiency,0.7595982040137248,1
2024_14_ATL_MIN,2024,14,2024-12-08,ATL,MIN,1,Model C - Efficiency,0.642649085883999,1
2024_14_NO_NYG,2024,14,2024-12-08,NO,NYG,0,Model C - Efficiency,0.509767456453325,1
2024_14_CAR_PHI,2024,14,2024-12-08,CAR,PHI,1,Model C - Efficiency,0.7155956460723573,1
2024_14_CLE_PIT,2024,14,2024-12-08,CLE,PIT,1,Model C - Efficiency,0.6930597050337621,1
2024_14_LV_TB,2024,14,2024-12-08,LV,TB,1,Model C - Efficiency,0.6740598134862843,1
2024_14_JAX_TEN,2024,14,2024-12-08,JAX,TEN,0,Model C - Efficiency,0.5736454291706459,1
2024_14_SEA_ARI,2024,14,2024-12-08,SEA,ARI,0,Model C - Efficiency,0.6619415395821548,1
2024_14_BUF_LA,2024,14,2024-12-08,BUF,LA,1,Model C - Efficiency,0.44182618937146134,0
2024_14_CHI_SF,2024,14,2024-12-08,CHI,SF,1,Model C - Efficiency,0.47211501002070216,0
2024_14_LAC_KC,2024,14,2024-12-08,LAC,KC,1,Model C - Efficiency,0.6757632700103225,1
2024_14_CIN_DAL,2024,14,2024-12-09,CIN,DAL,0,Model C - Efficiency,0.45989590269022496,0
2024_15_LA_SF,2024,15,2024-12-12,LA,SF,0,Model C - Efficiency,0.4766914070635054,0
2024_15_DAL_CAR,2024,15,2024-12-15,DAL,CAR,0,Model C - Efficiency,0.6000532569744774,1
2024_15_KC_CLE,2024,15,2024-12-15,KC,CLE,0,Model C - Efficiency,0.41332389055026464,0
2024_15_MIA_HOU,2024,15,2024-12-15,MIA,HOU,1,Model C - Efficiency,0.39546466973254696,0
2024_15_NYJ_JAX,2024,15,2024-12-15,NYJ,JAX,0,Model C - Efficiency,0.47544371099904253,0
2024_15_WAS_NO,2024,15,2024-12-15,WAS,NO,0,Model C - Efficiency,0.3393714168459721,0
2024_15_BAL_NYG,2024,15,2024-12-15,BAL,NYG,0,Model C - Efficiency,0.2970589566642417,0
2024_15_CIN_TEN,2024,15,2024-12-15,CIN,TEN,0,Model C - Efficiency,0.32456147417289183,0
2024_15_NE_ARI,2024,15,2024-12-15,NE,ARI,1,Model C - Efficiency,0.5398340223149887,1
2024_15_IND_DEN,2024,15,2024-12-15,IND,DEN,1,Model C - Efficiency,0.6900037673842178,1
2024_15_BUF_DET,2024,15,2024-12-15,BUF,DET,0,Model C - Efficiency,0.6084859482644237,1
2024_15_TB_LAC,2024,15,2024-12-15,TB,LAC,0,Model C - Efficiency,0.36839263779867754,0
2024_15_PIT_PHI,2024,15,2024-12-15,PIT,PHI,1,Model C - Efficiency,0.6468085717992968,1
2024_15_GB_SEA,2024,15,2024-12-15,GB,SEA,0,Model C - Efficiency,0.4541139231941175,0
2024_15_CHI_MIN,2024,15,2024-12-16,CHI,MIN,1,Model C - Efficiency,0.7940866731974842,1
2024_15_ATL_LV,2024,15,2024-12-16,ATL,LV,0,Model C - Efficiency,0.45211857564782476,0
2024_16_DEN_LAC,2024,16,2024-12-19,DEN,LAC,1,Model C - Efficiency,0.3801692401943308,0
2024_16_HOU_KC,2024,16,2024-12-21,HOU,KC,1,Model C - Efficiency,0.7006826441500984,1
2024_16_PIT_BAL,2024,16,2024-12-21,PIT,BAL,1,Model C - Efficiency,0.8031468684858383,1
2024_16_NYG_ATL,2024,16,2024-12-22,NYG,ATL,1,Model C - Efficiency,0.7205992808299659,1
2024_16_ARI_CAR,2024,16,2024-12-22,ARI,CAR,1,Model C - Efficiency,0.3684477220151976,0
2024_16_DET_CHI,2024,16,2024-12-22,DET,CHI,0,Model C - Efficiency,0.287920066009448,0
2024_16_CLE_CIN,2024,16,2024-12-22,CLE,CIN,1,Model C - Efficiency,0.7448763544865927,1
2024_16_TEN_IND,2024,16,2024-12-22,TEN,IND,1,Model C - Efficiency,0.5476963645695663,1
2024_16_LA_NYJ,2024,16,2024-12-22,LA,NYJ,0,Model C - Efficiency,0.4283451051003584,0
2024_16_PHI_WAS,2024,16,2024-12-22,PHI,WAS,1,Model C - Efficiency,0.5233406526910985,1
2024_16_MIN_SEA,2024,16,2024-12-22,MIN,SEA,0,Model C - Efficiency,0.3257530517921012,0
2024_16_NE_BUF,2024,16,2024-12-22,NE,BUF,1,Model C - Efficiency,0.679163453673386,1
2024_16_JAX_LV,2024,16,2024-12-22,JAX,LV,1,Model C - Efficiency,0.5583074367720887,1
2024_16_SF_MIA,2024,16,2024-12-22,SF,MIA,1,Model C - Efficiency,0.7123798632462646,1
2024_16_TB_DAL,2024,16,2024-12-22,TB,DAL,1,Model C - Efficiency,0.39114584755423937,0
2024_16_NO_GB,2024,16,2024-12-23,NO,GB,1,Model C - Efficiency,0.7738511259207309,1
2024_17_KC_PIT,2024,17,2024-12-25,KC,PIT,0,Model C - Efficiency,0.3527828126981523,0
2024_17_BAL_HOU,2024,17,2024-12-25,BAL,HOU,0,Model C - Efficiency,0.23565601185826526,0
2024_17_SEA_CHI,2024,17,2024-12-26,SEA,CHI,0,Model C - Efficiency,0.4289456201364872,0
2024_17_LAC_NE,2024,17,2024-12-28,LAC,NE,0,Model C - Efficiency,0.6373295446846757,1
2024_17_DEN_CIN,2024,17,2024-12-28,DEN,CIN,1,Model C - Efficiency,0.6796233817810691,1
2024_17_ARI_LA,2024,17,2024-12-28,ARI,LA,1,Model C - Efficiency,0.6054955818628601,1
2024_17_NYJ_BUF,2024,17,2024-12-29,NYJ,BUF,1,Model C - Efficiency,0.7197728471383217,1
2024_17_TEN_JAX,2024,17,2024-12-29,TEN,JAX,1,Model C - Efficiency,0.49959176896378193,0
2024_17_LV_NO,2024,17,2024-12-29,LV,NO,0,Model C - Efficiency,0.4060275127867111,0
2024_17_IND_NYG,2024,17,2024-12-29,IND,NYG,1,Model C - Efficiency,0.4071253092042321,0
2024_17_DAL_PHI,2024,17,2024-12-29,DAL,PHI,1,Model C - Efficiency,0.640970700611112,1
2024_17_CAR_TB,2024,17,2024-12-29,CAR,TB,1,Model C - Efficiency,0.8132134162895346,1
2024_17_MIA_CLE,2024,17,2024-12-29,MIA,CLE,0,Model C - Efficiency,0.2669686537061015,0
2024_17_GB_MIN,2024,17,2024-12-29,GB,MIN,1,Model C - Efficiency,0.4677420557266687,0
2024_17_ATL_WAS,2024,17,2024-12-29,ATL,WAS,1,Model C - Efficiency,0.5534161638560586,1
2024_17_DET_SF,2024,17,2024-12-30,DET,SF,0,Model C - Efficiency,0.3368331597634535,0
2024_18_CLE_BAL,2024,18,2025-01-04,CLE,BAL,1,Model C - Efficiency,0.9241662930172191,1
2024_18_CIN_PIT,2024,18,2025-01-04,CIN,PIT,0,Model C - Efficiency,0.27848876679546347,0
2024_18_CAR_ATL,2024,18,2025-01-05,CAR,ATL,0,Model C - Efficiency,0.7805271678180663,1
2024_18_WAS_DAL,2024,18,2025-01-05,WAS,DAL,0,Model C - Efficiency,0.3605682584575295,0
2024_18_CHI_GB,2024,18,2025-01-05,CHI,GB,0,Model C - Efficiency,0.8052157166266533,1
2024_18_JAX_IND,2024,18,2025-01-05,JAX,IND,1,Model C - Efficiency,0.5514737347480805,1
2024_18_BUF_NE,2024,18,2025-01-05,BUF,NE,1,Model C - Efficiency,0.28307831221671687,0
2024_18_NYG_PHI,2024,18,2025-01-05,NYG,PHI,1,Model C - Efficiency,0.7846156081039073,1
2024_18_NO_TB,2024,18,2025-01-05,NO,TB,1,Model C - Efficiency,0.8951875230037202,1
2024_18_HOU_TEN,2024,18,2025-01-05,HOU,TEN,0,Model C - Efficiency,0.6709404495627275,1
2024_18_SF_ARI,2024,18,2025-01-05,SF,ARI,1,Model C - Efficiency,0.6158245536559392,1
2024_18_KC_DEN,2024,18,2025-01-05,KC,DEN,1,Model C - Efficiency,0.40273393653662287,0
2024_18_SEA_LA,2024,18,2025-01-05,SEA,LA,0,Model C - Efficiency,0.6331153706304937,1
2024_18_LAC_LV,2024,18,2025-01-05,LAC,LV,0,Model C - Efficiency,0.4637755194197476,0
2024_18_MIA_NYJ,2024,18,2025-01-05,MIA,NYJ,1,Model C - Efficiency,0.40210934735479387,0
2024_18_MIN_DET,2024,18,2025-01-05,MIN,DET,1,Model C - Efficiency,0.5695028405997584,1
2025_01_DAL_PHI,2025,1,2025-09-04,DAL,PHI,1,Model A - Simple,0.7832570999000391,1
2025_01_KC_LAC,2025,1,2025-09-05,KC,LAC,1,Model A - Simple,0.747203351047864,1
2025_01_TB_ATL,2025,1,2025-09-07,TB,ATL,0,Model A - Simple,0.3539629071427926,0
2025_01_CIN_CLE,2025,1,2025-09-07,CIN,CLE,0,Model A - Simple,0.1976063297053966,0
2025_01_MIA_IND,2025,1,2025-09-07,MIA,IND,1,Model A - Simple,0.4951571101020293,0
2025_01_CAR_JAX,2025,1,2025-09-07,CAR,JAX,1,Model A - Simple,0.5471684213545398,1
2025_01_LV_NE,2025,1,2025-09-07,LV,NE,0,Model A - Simple,0.4865479761627017,0
2025_01_ARI_NO,2025,1,2025-09-07,ARI,NO,0,Model A - Simple,0.30726372546976577,0
2025_01_PIT_NYJ,2025,1,2025-09-07,PIT,NYJ,0,Model A - Simple,0.6758000872319022,1
2025_01_NYG_WAS,2025,1,2025-09-07,NYG,WAS,1,Model A - Simple,0.7235946791734651,1
2025_01_TEN_DEN,2025,1,2025-09-07,TEN,DEN,1,Model A - Simple,0.8205227182360784,1
2025_01_SF_SEA,2025,1,2025-09-07,SF,SEA,0,Model A - Simple,0.5837740352854461,1
2025_01_DET_GB,2025,1,2025-09-07,DET,GB,1,Model A - Simple,0.47234561667139174,0
2025_01_HOU_LA,2025,1,2025-09-07,HOU,LA,1,Model A - Simple,0.6323681333192731,1
2025_01_BAL_BUF,2025,1,2025-09-07,BAL,BUF,1,Model A - Simple,0.36392575395856447,0
2025_01_MIN_CHI,2025,1,2025-09-08,MIN,CHI,0,Model A - Simple,0.43908798795051124,0
2025_02_WAS_GB,2025,2,2025-09-11,WAS,GB,1,Model A - Simple,0.534648359140172,1
2025_02_CLE_BAL,2025,2,2025-09-14,CLE,BAL,1,Model A - Simple,0.9106610896219114,1
2025_02_JAX_CIN,2025,2,2025-09-14,JAX,CIN,1,Model A - Simple,0.552501734823324,1
2025_02_NYG_DAL,2025,2,2025-09-14,NYG,DAL,1,Model A - Simple,0.6221987410259103,1
2025_02_CHI_DET,2025,2,2025-09-14,CHI,DET,1,Model A - Simple,0.7211682599786511,1
2025_02_NE_MIA,2025,2,2025-09-14,NE,MIA,0,Model A - Simple,0.5853431266673562,1
2025_02_SF_NO,2025,2,2025-09-14,SF,NO,0,Model A - Simple,0.3708899733521216,0
2025_02_BUF_NYJ,2025,2,2025-09-14,BUF,NYJ,0,Model A - Simple,0.4595442633988249,0
2025_02_SEA_PIT,2025,2,2025-09-14,SEA,PIT,0,Model A - Simple,0.5097396095310266,1
2025_02_LA_TEN,2025,2,2025-09-14,LA,TEN,0,Model A - Simple,0.37829127742028423,0
2025_02_CAR_ARI,2025,2,2025-09-14,CAR,ARI,1,Model A - Simple,0.7063026098029735,1
2025_02_DEN_IND,2025,2,2025-09-14,DEN,IND,1,Model A - Simple,0.42804118939885,0
2025_02_PHI_KC,2025,2,2025-09-14,PHI,KC,0,Model A - Simple,0.3605804351192032,0
2025_02_ATL_MIN,2025,2,2025-09-14,ATL,MIN,0,Model A - Simple,0.48098410578309664,0
2025_02_TB_HOU,2025,2,2025-09-15,TB,HOU,0,Model A - Simple,0.28735646583605506,0
2025_02_LAC_LV,2025,2,2025-09-15,LAC,LV,0,Model A - Simple,0.35890673315307425,0
2025_03_MIA_BUF,2025,3,2025-09-18,MIA,BUF,1,Model A - Simple,0.7656494112444291,1
2025_03_ATL_CAR,2025,3,2025-09-21,ATL,CAR,1,Model A - Simple,0.38660698116946207,0
2025_03_GB_CLE,2025,3,2025-09-21,GB,CLE,1,Model A - Simple,0.22092859256078717,0
2025_03_HOU_JAX,2025,3,2025-09-21,HOU,JAX,1,Model A - Simple,0.7232801542850811,1
2025_03_CIN_MIN,2025,3,2025-09-21,CIN,MIN,1,Model A - Simple,0.4279511907010291,0
2025_03_PIT_NE,2025,3,2025-09-21,PIT,NE,0,Model A - Simple,0.56118271840485,1
2025_03_LA_PHI,2025,3,2025-09-21,LA,PHI,1,Model A - Simple,0.6204017434487605,1
2025_03_NYJ_TB,2025,3,2025-09-21,NYJ,TB,1,Model A - Simple,0.7088900826781706,1
2025_03_IND_TEN,2025,3,2025-09-21,IND,TEN,0,Model A - Simple,0.25770345174528697,0
2025_03_LV_WAS,2025,3,2025-09-21,LV,WAS,1,Model A - Simple,0.7041167445825799,1
2025_03_DEN_LAC,2025,3,2025-09-21,DEN,LAC,1,Model A - Simple,0.5770519716388239,1
2025_03_NO_SEA,2025,3,2025-09-21,NO,SEA,1,Model A - Simple,0.5914767058805914,1
2025_03_DAL_CHI,2025,3,2025-09-21,DAL,CHI,1,Model A - Simple,0.5082296814502009,1
2025_03_ARI_SF,2025,3,2025-09-21,ARI,SF,1,Model A - Simple,0.5484107738669928,1
2025_03_KC_NYG,2025,3,2025-09-21,KC,NYG,0,Model A - Simple,0.44070806543160934,0
2025_03_DET_BAL,2025,3,2025-09-22,DET,BAL,0,Model A - Simple,0.7163833719995688,1
2025_04_SEA_ARI,2025,4,2025-09-25,SEA,ARI,0,Model A - Simple,0.6550755652886255,1
2025_04_MIN_PIT,2025,4,2025-09-28,MIN,PIT,1,Model A - Simple,0.5275348631820284,1
2025_04_WAS_ATL,2025,4,2025-09-28,WAS,ATL,1,Model A - Simple,0.3748571679981193,0
2025_04_NO_BUF,2025,4,2025-09-28,NO,BUF,1,Model A - Simple,0.7856490316247989,1
2025_04_CLE_DET,2025,4,2025-09-28,CLE,DET,1,Model A - Simple,0.7777450080955884,1
2025_04_TEN_HOU,2025,4,2025-09-28,TEN,HOU,1,Model A - Simple,0.6929854217544412,1
2025_04_CAR_NE,2025,4,2025-09-28,CAR,NE,1,Model A - Simple,0.5863485360481135,1
2025_04_LAC_NYG,2025,4,2025-09-28,LAC,NYG,1,Model A - Simple,0.25584480316128844,0
2025_04_PHI_TB,2025,4,2025-09-28,PHI,TB,0,Model A - Simple,0.5736199530841813,1
2025_04_IND_LA,2025,4,2025-09-28,IND,LA,1,Model A - Simple,0.385898955595505,0
2025_04_JAX_SF,2025,4,2025-09-28,JAX,SF,0,Model A - Simple,0.5397799255134291,1
2025_04_BAL_KC,2025,4,2025-09-28,BAL,KC,1,Model A - Simple,0.4102072320352486,0
2025_04_CHI_LV,2025,4,2025-09-28,CHI,LV,0,Model A - Simple,0.5284731793697898,1
2025_04_NYJ_MIA,2025,4,2025-09-29,NYJ,MIA,1,Model A - Simple,0.4687874849239354,0
2025_04_CIN_DEN,2025,4,2025-09-29,CIN,DEN,1,Model A - Simple,0.7750700477210312,1
2025_05_SF_LA,2025,5,2025-10-02,SF,LA,0,Model A - Simple,0.5812939479641147,1
2025_05_MIN_CLE,2025,5,2025-10-05,MIN,CLE,0,Model A - Simple,0.43364437282031393,0
2025_05_HOU_BAL,2025,5,2025-10-05,HOU,BAL,0,Model A - Simple,0.6018139511147632,1
2025_05_MIA_CAR,2025,5,2025-10-05,MIA,CAR,1,Model A - Simple,0.5356614036578221,1
2025_05_LV_IND,2025,5,2025-10-05,LV,IND,1,Model A - Simple,0.7641283219446008,1
2025_05_NYG_NO,2025,5,2025-10-05,NYG,NO,1,Model A - Simple,0.5956432783624499,1
2025_05_DAL_NYJ,2025,5,2025-10-05,DAL,NYJ,0,Model A - Simple,0.5183549038653252,1
2025_05_DEN_PHI,2025,5,2025-10-05,DEN,PHI,0,Model A - Simple,0.4985372937550681,0
2025_05_TEN_ARI,2025,5,2025-10-05,TEN,ARI,0,Model A - Simple,0.8341928966483723,1
2025_05_TB_SEA,2025,5,2025-10-05,TB,SEA,0,Model A - Simple,0.5001821280261243,1
2025_05_DET_CIN,2025,5,2025-10-05,DET,CIN,0,Model A - Simple,0.208797753241362,0
2025_05_WAS_LAC,2025,5,2025-10-05,WAS,LAC,0,Model A - Simple,0.49815638037162996,0
2025_05_NE_BUF,2025,5,2025-10-05,NE,BUF,0,Model A - Simple,0.6411460382379918,1
2025_05_KC_JAX,2025,5,2025-10-06,KC,JAX,1,Model A - Simple,0.5493604257775472,1
2025_06_PHI_NYG,2025,6,2025-10-09,PHI,NYG,1,Model A - Simple,0.32263083959776995,0
2025_06_DEN_NYJ,2025,6,2025-10-12,DEN,NYJ,0,Model A - Simple,0.3937090614863439,0
2025_06_LA_BAL,2025,6,2025-10-12,LA,BAL,0,Model A - Simple,0.37455281170440324,0
2025_06_DAL_CAR,2025,6,2025-10-12,DAL,CAR,1,Model A - Simple,0.38041051984016366,0
2025_06_ARI_IND,2025,6,2025-10-12,ARI,IND,1,Model A - Simple,0.7595796424403852,1
2025_06_SEA_JAX,2025,6,2025-10-12,SEA,JAX,0,Model A - Simple,0.5742772890506728,1
2025_06_LAC_MIA,2025,6,2025-10-12,LAC,MIA,0,Model A - Simple,0.4845705453091797,0
2025_06_NE_NO,2025,6,2025-10-12,NE,NO,0,Model A - Simple,0.44956077207691447,0
2025_06_CLE_PIT,2025,6,2025-10-12,CLE,PIT,1,Model A - Simple,0.72397937168066,1
2025_06_TEN_LV,2025,6,2025-10-12,TEN,LV,1,Model A - Simple,0.6488179230571377,1
2025_06_CIN_GB,2025,6,2025-10-12,CIN,GB,1,Model A - Simple,0.8813359387884686,1
2025_06_SF_TB,2025,6,2025-10-12,SF,TB,1,Model A - Simple,0.5537344163689851,1
2025_06_DET_KC,2025,6,2025-10-12,DET,KC,1,Model A - Simple,0.5366207380499106,1
2025_06_BUF_ATL,2025,6,2025-10-13,BUF,ATL,1,Model A - Simple,0.47890167305242987,0
2025_06_CHI_WAS,2025,6,2025-10-13,CHI,WAS,0,Model A - Simple,0.6630396392855644,1
2025_07_PIT_CIN,2025,7,2025-10-16,PIT,CIN,1,Model A - Simple,0.28514892687704957,0
2025_07_LA_JAX,2025,7,2025-10-19,LA,JAX,0,Model A - Simple,0.5077002004295468,1
2025_07_NO_CHI,2025,7,2025-10-19,NO,CHI,1,Model A - Simple,0.6516100444708828,1
2025_07_MIA_CLE,2025,7,2025-10-19,MIA,CLE,1,Model A - Simple,0.45808610605426375,0
2025_07_LV_KC,2025,7,2025-10-19,LV,KC,1,Model A - Simple,0.7678026452136772,1
2025_07_PHI_MIN,2025,7,2025-10-19,PHI,MIN,0,Model A - Simple,0.5936357119798134,1
2025_07_CAR_NYJ,2025,7,2025-10-19,CAR,NYJ,0,Model A - Simple,0.4458350313846671,0
2025_07_NE_TEN,2025,7,2025-10-19,NE,TEN,0,Model A - Simple,0.25597794624210857,0
2025_07_NYG_DEN,2025,7,2025-10-19,NYG,DEN,1,Model A - Simple,0.6904656379810762,1
2025_07_IND_LAC,2025,7,2025-10-19,IND,LAC,0,Model A - Simple,0.35886222686377683,0
2025_07_GB_ARI,2025,7,2025-10-19,GB,ARI,0,Model A - Simple,0.40236837426850164,0
2025_07_WAS_DAL,2025,7,2025-10-19,WAS,DAL,1,Model A - Simple,0.567611554359816,1
2025_07_ATL_SF,2025,7,2025-10-19,ATL,SF,1,Model A - Simple,0.49628288551144273,0
2025_07_TB_DET,2025,7,2025-10-20,TB,DET,1,Model A - Simple,0.49836951450578365,0
2025_07_HOU_SEA,2025,7,2025-10-20,HOU,SEA,1,Model A - Simple,0.4111075007948838,0
2025_08_MIN_LAC,2025,8,2025-10-23,MIN,LAC,1,Model A - Simple,0.581083084058764,1
2025_08_MIA_ATL,2025,8,2025-10-26,MIA,ATL,0,Model A - Simple,0.7048916428905692,1
2025_08_CHI_BAL,2025,8,2025-10-26,CHI,BAL,1,Model A - Simple,0.3406072206701822,0
2025_08_BUF_CAR,2025,8,2025-10-26,BUF,CAR,0,Model A - Simple,0.45845040704552,0
2025_08_NYJ_CIN,2025,8,2025-10-26,NYJ,CIN,0,Model A - Simple,0.6246781898633833,1
2025_08_SF_HOU,2025,8,2025-10-26,SF,HOU,1,Model A - Simple,0.5845955978345388,1
2025_08_CLE_NE,2025,8,2025-10-26,CLE,NE,1,Model A - Simple,0.7482632194640314,1
2025_08_NYG_PHI,2025,8,2025-10-26,NYG,PHI,1,Model A - Simple,0.6330005269929468,1
2025_08_TB_NO,2025,8,2025-10-26,TB,NO,0,Model A - Simple,0.41686019002699015,0
2025_08_DAL_DEN,2025,8,2025-10-26,DAL,DEN,1,Model A - Simple,0.5077832385541825,1
2025_08_TEN_IND,2025,8,2025-10-26,TEN,IND,1,Model A - Simple,0.9027932797618788,1
2025_08_GB_PIT,2025,8,2025-10-26,GB,PIT,0,Model A - Simple,0.5386561435197897,1
2025_08_WAS_KC,2025,8,2025-10-27,WAS,KC,1,Model A - Simple,0.7745362238328825,1
2025_09_BAL_MIA,2025,9,2025-10-30,BAL,MIA,0,Model A - Simple,0.560644261285107,1
2025_09_CHI_CIN,2025,9,2025-11-02,CHI,CIN,0,Model A - Simple,0.45461419857873464,0
2025_09_MIN_DET,2025,9,2025-11-02,MIN,DET,0,Model A - Simple,0.7926991837601293,1
2025_09_CAR_GB,2025,9,2025-11-02,CAR,GB,0,Model A - Simple,0.8295444487874476,1
2025_09_DEN_HOU,2025,9,2025-11-02,DEN,HOU,0,Model A - Simple,0.5088988024965376,1
2025_09_ATL_NE,2025,9,2025-11-02,ATL,NE,1,Model A - Simple,0.7969808161524989,1
2025_09_SF_NYG,2025,9,2025-11-02,SF,NYG,0,Model A - Simple,0.5287461541071983,1
2025_09_IND_PIT,2025,9,2025-11-02,IND,PIT,1,Model A - Simple,0.28427107481175473,0
2025_09_LAC_TEN,2025,9,2025-11-02,LAC,TEN,0,Model A - Simple,0.2235230694311105,0
2025_09_NO_LA,2025,9,2025-11-02,NO,LA,1,Model A - Simple,0.8271203153478474,1
2025_09_JAX_LV,2025,9,2025-11-02,JAX,LV,0,Model A - Simple,0.3148398686376318,0
2025_09_KC_BUF,2025,9,2025-11-02,KC,BUF,1,Model A - Simple,0.45740170154703214,0
2025_09_SEA_WAS,2025,9,2025-11-02,SEA,WAS,0,Model A - Simple,0.4202000638932296,0
2025_09_ARI_DAL,2025,9,2025-11-03,ARI,DAL,0,Model A - Simple,0.5927897364179456,1
2025_10_LV_DEN,2025,10,2025-11-06,LV,DEN,1,Model A - Simple,0.7869224164720122,1
2025_10_ATL_IND,2025,10,2025-11-09,ATL,IND,1,Model A - Simple,0.7641601539993207,1
2025_10_NO_CAR,2025,10,2025-11-09,NO,CAR,0,Model A - Simple,0.7116534077747588,1
2025_10_NYG_CHI,2025,10,2025-11-09,NYG,CHI,1,Model A - Simple,0.6977322675331202,1
2025_10_JAX_HOU,2025,10,2025-11-09,JAX,HOU,1,Model A - Simple,0.5928571154041161,1
2025_10_BUF_MIA,2025,10,2025-11-09,BUF,MIA,1,Model A - Simple,0.2942192401127508,0
2025_10_BAL_MIN,2025,10,2025-11-09,BAL,MIN,0,Model A - Simple,0.36168490216531235,0
2025_10_CLE_NYJ,2025,10,2025-11-09,CLE,NYJ,1,Model A - Simple,0.6266934423341158,1
2025_10_NE_TB,2025,10,2025-11-09,NE,TB,0,Model A - Simple,0.4886562125060549,0
2025_10_ARI_SEA,2025,10,2025-11-09,ARI,SEA,1,Model A - Simple,0.6489002961699726,1
2025_10_LA_SF,2025,10,2025-11-09,LA,SF,0,Model A - Simple,0.4066962920719111,0
2025_10_DET_WAS,2025,10,2025-11-09,DET,WAS,0,Model A - Simple,0.36594412858257,0
2025_10_PIT_LAC,2025,10,2025-11-09,PIT,LAC,1,Model A - Simple,0.6597313142305449,1
2025_10_PHI_GB,2025,10,2025-11-10,PHI,GB,0,Model A - Simple,0.5074086005236046,1
2025_11_NYJ_NE,2025,11,2025-11-13,NYJ,NE,1,Model A - Simple,0.759164317949515,1
2025_11_WAS_MIA,2025,11,2025-11-16,WAS,MIA,1,Model A - Simple,0.6593878301206623,1
2025_11_CAR_ATL,2025,11,2025-11-16,CAR,ATL,0,Model A - Simple,0.650622836770886,1
2025_11_TB_BUF,2025,11,2025-11-16,TB,BUF,1,Model A - Simple,0.6056635385091785,1
2025_11_LAC_JAX,2025,11,2025-11-16,LAC,JAX,1,Model A - Simple,0.3834644996097797,0
2025_11_CHI_MIN,2025,11,2025-11-16,CHI,MIN,0,Model A - Simple,0.32379804040235793,0
2025_11_GB_NYG,2025,11,2025-11-16,GB,NYG,0,Model A - Simple,0.4584727432360451,0
2025_11_CIN_PIT,2025,11,2025-11-16,CIN,PIT,1,Model A - Simple,0.44151726966722926,0
2025_11_HOU_TEN,2025,11,2025-11-16,HOU,TEN,0,Model A - Simple,0.27885404083817494,0
2025_11_SF_ARI,2025,11,2025-11-16,SF,ARI,0,Model A - Simple,0.4904004750273682,0
2025_11_SEA_LA,2025,11,2025-11-16,SEA,LA,1,Model A - Simple,0.6364023458980657,1
2025_11_BAL_CLE,2025,11,2025-11-16,BAL,CLE,0,Model A - Simple,0.41905063579147195,0
2025_11_KC_DEN,2025,11,2025-11-16,KC,DEN,1,Model A - Simple,0.412407261964344,0
2025_11_DET_PHI,2025,11,2025-11-16,DET,PHI,1,Model A - Simple,0.5016463852119749,1
2025_11_DAL_LV,2025,11,2025-11-17,DAL,LV,0,Model A - Simple,0.3440739528963075,0
2025_12_BUF_HOU,2025,12,2025-11-20,BUF,HOU,1,Model A - Simple,0.5009086377075032,1
2025_12_NYJ_BAL,2025,12,2025-11-23,NYJ,BAL,1,Model A - Simple,0.7022636865413395,1
2025_12_PIT_CHI,2025,12,2025-11-23,PIT,CHI,1,Model A - Simple,0.615474098251205,1
2025_12_NE_CIN,2025,12,2025-11-23,NE,CIN,0,Model A - Simple,0.2933721633984267,0
2025_12_NYG_DET,2025,12,2025-11-23,NYG,DET,1,Model A - Simple,0.6032925428506072,1
2025_12_MIN_GB,2025,12,2025-11-23,MIN,GB,1,Model A - Simple,0.777707607883357,1
2025_12_IND_KC,2025,12,2025-11-23,IND,KC,1,Model A - Simple,0.4613995333393508,0
2025_12_SEA_TEN,2025,12,2025-11-23,SEA,TEN,0,Model A - Simple,0.30000144063043566,0
2025_12_JAX_ARI,2025,12,2025-11-23,JAX,ARI,0,Model A - Simple,0.4726751143224929,0
2025_12_CLE_LV,2025,12,2025-11-23,CLE,LV,0,Model A - Simple,0.4839666626784407,0
2025_12_PHI_DAL,2025,12,2025-11-23,PHI,DAL,1,Model A - Simple,0.5347109705718959,1
2025_12_ATL_NO,2025,12,2025-11-23,ATL,NO,0,Model A - Simple,0.5382547153997205,1
2025_12_TB_LA,2025,12,2025-11-23,TB,LA,1,Model A - Simple,0.6887471166699604,1
2025_12_CAR_SF,2025,12,2025-11-24,CAR,SF,1,Model A - Simple,0.7028839373353922,1
2025_13_GB_DET,2025,13,2025-11-27,GB,DET,0,Model A - Simple,0.44990182374079196,0
2025_13_KC_DAL,2025,13,2025-11-27,KC,DAL,1,Model A - Simple,0.48225914759351834,0
2025_13_CIN_BAL,2025,13,2025-11-27,CIN,BAL,0,Model A - Simple,0.7133975223314377,1
2025_13_CHI_PHI,2025,13,2025-11-28,CHI,PHI,0,Model A - Simple,0.5557616417493274,1
2025_13_LA_CAR,2025,13,2025-11-30,LA,CAR,1,Model A - Simple,0.2545814639800101,0
2025_13_SF_CLE,2025,13,2025-11-30,SF,CLE,0,Model A - Simple,0.37715542497335147,0
2025_13_HOU_IND,2025,13,2025-11-30,HOU,IND,0,Model A - Simple,0.6119385511477464,1
2025_13_NO_MIA,2025,13,2025-11-30,NO,MIA,1,Model A - Simple,0.6925469058157534,1
2025_13_ATL_NYJ,2025,13,2025-11-30,ATL,NYJ,1,Model A - Simple,0.4497073468514689,0
2025_13_ARI_TB,2025,13,2025-11-30,ARI,TB,1,Model A - Simple,0.46310853130229696,0
2025_13_JAX_TEN,2025,13,2025-11-30,JAX,TEN,0,Model A - Simple,0.37931786457972133,0
2025_13_MIN_SEA,2025,13,2025-11-30,MIN,SEA,1,Model A - Simple,0.8248360732326215,1
2025_13_LV_LAC,2025,13,2025-11-30,LV,LAC,1,Model A - Simple,0.7234229484185489,1
2025_13_BUF_PIT,2025,13,2025-11-30,BUF,PIT,0,Model A - Simple,0.5001698746521138,1
2025_13_DEN_WAS,2025,13,2025-11-30,DEN,WAS,0,Model A - Simple,0.4550412544324059,0
2025_13_NYG_NE,2025,13,2025-12-01,NYG,NE,1,Model A - Simple,0.6760676174710167,1
2025_14_DAL_DET,2025,14,2025-12-04,DAL,DET,1,Model A - Simple,0.5074244009290608,1
2025_14_SEA_ATL,2025,14,2025-12-07,SEA,ATL,0,Model A - Simple,0.4480695201085561,0
2025_14_PIT_BAL,2025,14,2025-12-07,PIT,BAL,0,Model A - Simple,0.6297307679808003,1
2025_14_TEN_CLE,2025,14,2025-12-07,TEN,CLE,0,Model A - Simple,0.6463440615389916,1
2025_14_CHI_GB,2025,14,2025-12-07,CHI,GB,1,Model A - Simple,0.6644567538492756,1
2025_14_IND_JAX,2025,14,2025-12-07,IND,JAX,1,Model A - Simple,0.5439442454485691,1
2025_14_WAS_MIN,2025,14,2025-12-07,WAS,MIN,1,Model A - Simple,0.29054634831313864,0
2025_14_MIA_NYJ,2025,14,2025-12-07,MIA,NYJ,0,Model A - Simple,0.4602737290537992,0
2025_14_NO_TB,2025,14,2025-12-07,NO,TB,0,Model A - Simple,0.5868292350752523,1
2025_14_DEN_LV,2025,14,2025-12-07,DEN,LV,0,Model A - Simple,0.24433859306875383,0
2025_14_LA_ARI,2025,14,2025-12-07,LA,ARI,0,Model A - Simple,0.37216025962039007,0
2025_14_CIN_BUF,2025,14,2025-12-07,CIN,BUF,1,Model A - Simple,0.679985949867907,1
2025_14_HOU_KC,2025,14,2025-12-07,HOU,KC,0,Model A - Simple,0.619268637711538,1
2025_14_PHI_LAC,2025,14,2025-12-08,PHI,LAC,1,Model A - Simple,0.5306450743458675,1
2025_15_ATL_TB,2025,15,2025-12-11,ATL,TB,0,Model A - Simple,0.5396558445997951,1
2025_15_CLE_CHI,2025,15,2025-12-14,CLE,CHI,1,Model A - Simple,0.6819616072336206,1
2025_15_BAL_CIN,2025,15,2025-12-14,BAL,CIN,0,Model A - Simple,0.5792022700774807,1
2025_15_ARI_HOU,2025,15,2025-12-14,ARI,HOU,1,Model A - Simple,0.6938148569405985,1
2025_15_NYJ_JAX,2025,15,2025-12-14,NYJ,JAX,1,Model A - Simple,0.8045027817594597,1
2025_15_LAC_KC,2025,15,2025-12-14,LAC,KC,0,Model A - Simple,0.5815037748016315,1
2025_15_BUF_NE,2025,15,2025-12-14,BUF,NE,0,Model A - Simple,0.6027648029435537,1
2025_15_WAS_NYG,2025,15,2025-12-14,WAS,NYG,0,Model A - Simple,0.6986186400741377,1
2025_15_LV_PHI,2025,15,2025-12-14,LV,PHI,1,Model A - Simple,0.7351088682856314,1
2025_15_GB_DEN,2025,15,2025-12-14,GB,DEN,1,Model A - Simple,0.47085355848729626,0
2025_15_DET_LA,2025,15,2025-12-14,DET,LA,1,Model A - Simple,0.651284703625638,1
2025_15_CAR_NO,2025,15,2025-12-14,CAR,NO,1,Model A - Simple,0.509636800844619,1
2025_15_IND_SEA,2025,15,2025-12-14,IND,SEA,1,Model A - Simple,0.7263620943050115,1
2025_15_TEN_SF,2025,15,2025-12-14,TEN,SF,1,Model A - Simple,0.7988141520348734,1
2025_15_MIN_DAL,2025,15,2025-12-14,MIN,DAL,0,Model A - Simple,0.6425568050429681,1
2025_15_MIA_PIT,2025,15,2025-12-15,MIA,PIT,1,Model A - Simple,0.436845365269563,0
2025_16_LA_SEA,2025,16,2025-12-18,LA,SEA,1,Model A - Simple,0.4893124957634905,0
2025_16_GB_CHI,2025,16,2025-12-20,GB,CHI,1,Model A - Simple,0.5399936584663916,1
2025_16_PHI_WAS,2025,16,2025-12-20,PHI,WAS,0,Model A - Simple,0.31940510174168424,0
2025_16_NE_BAL,2025,16,2025-12-21,NE,BAL,0,Model A - Simple,0.4562756023222829,0
2025_16_TB_CAR,2025,16,2025-12-21,TB,CAR,1,Model A - Simple,0.5952061964849017,1
2025_16_BUF_CLE,2025,16,2025-12-21,BUF,CLE,0,Model A - Simple,0.2466162310492172,0
2025_16_LAC_DAL,2025,16,2025-12-21,LAC,DAL,0,Model A - Simple,0.555430249955472,1
2025_16_NYJ_NO,2025,16,2025-12-21,NYJ,NO,1,Model A - Simple,0.7415962978056231,1
2025_16_MIN_NYG,2025,16,2025-12-21,MIN,NYG,0,Model A - Simple,0.5365671944523728,1
2025_16_KC_TEN,2025,16,2025-12-21,KC,TEN,1,Model A - Simple,0.4608402443579372,0
2025_16_ATL_ARI,2025,16,2025-12-21,ATL,ARI,0,Model A - Simple,0.4473488364153833,0
2025_16_JAX_DEN,2025,16,2025-12-21,JAX,DEN,0,Model A - Simple,0.49242477485128416,0
2025_16_PIT_DET,2025,16,2025-12-21,PIT,DET,0,Model A - Simple,0.5850976147527286,1
2025_16_LV_HOU,2025,16,2025-12-21,LV,HOU,1,Model A - Simple,0.8554356527594186,1
2025_16_CIN_MIA,2025,16,2025-12-21,CIN,MIA,0,Model A - Simple,0.6951751253653499,1
2025_16_SF_IND,2025,16,2025-12-22,SF,IND,0,Model A - Simple,0.43031812098148425,0
2025_17_DAL_WAS,2025,17,2025-12-25,DAL,WAS,0,Model A - Simple,0.44392671041674003,0
2025_17_DET_MIN,2025,17,2025-12-25,DET,MIN,1,Model A - Simple,0.508401713046028,1
2025_17_DEN_KC,2025,17,2025-12-25,DEN,KC,0,Model A - Simple,0.39506621790551366,0
2025_17_SEA_CAR,2025,17,2025-12-28,SEA,CAR,0,Model A - Simple,0.46179112959140156,0
2025_17_ARI_CIN,2025,17,2025-12-28,ARI,CIN,1,Model A - Simple,0.6361040209039809,1
2025_17_PIT_CLE,2025,17,2025-12-28,PIT,CLE,1,Model A - Simple,0.30569147639630856,0
2025_17_BAL_GB,2025,17,2025-12-27,BAL,GB,0,Model A - Simple,0.6028398207785156,1
2025_17_JAX_IND,2025,17,2025-12-28,JAX,IND,0,Model A - Simple,0.3232155336782399,0
2025_17_HOU_LAC,2025,17,2025-12-27,HOU,LAC,0,Model A - Simple,0.6144718928904346,1
2025_17_NYG_LV,2025,17,2025-12-28,NYG,LV,0,Model A - Simple,0.46146231416042105,0
2025_17_TB_MIA,2025,17,2025-12-28,TB,MIA,1,Model A - Simple,0.5555532588596288,1
2025_17_NE_NYJ,2025,17,2025-12-28,NE,NYJ,0,Model A - Simple,0.1937435146025753,0
2025_17_NO_TEN,2025,17,2025-12-28,NO,TEN,0,Model A - Simple,0.49950142483796606,0
2025_17_PHI_BUF,2025,17,2025-12-28,PHI,BUF,0,Model A - Simple,0.4959503485504258,0
2025_17_CHI_SF,2025,17,2025-12-28,CHI,SF,1,Model A - Simple,0.6161072369034105,1
2025_17_LA_ATL,2025,17,2025-12-29,LA,ATL,1,Model A - Simple,0.3480035539913989,0
2025_18_NO_ATL,2025,18,2026-01-04,NO,ATL,1,Model A - Simple,0.48426821944107673,0
2025_18_NYJ_BUF,2025,18,2026-01-04,NYJ,BUF,1,Model A - Simple,0.8416725456329126,1
2025_18_DET_CHI,2025,18,2026-01-04,DET,CHI,0,Model A - Simple,0.6895289494876566,1
2025_18_CLE_CIN,2025,18,2026-01-04,CLE,CIN,0,Model A - Simple,0.7759406412050277,1
2025_18_LAC_DEN,2025,18,2026-01-04,LAC,DEN,1,Model A - Simple,0.6128867475610769,1
2025_18_IND_HOU,2025,18,2026-01-04,IND,HOU,1,Model A - Simple,0.6739531807168191,1
2025_18_TEN_JAX,2025,18,2026-01-04,TEN,JAX,1,Model A - Simple,0.7497759538740847,1
2025_18_ARI_LA,2025,18,2026-01-04,ARI,LA,1,Model A - Simple,0.7324438742463854,1
2025_18_KC_LV,2025,18,2026-01-04,KC,LV,1,Model A - Simple,0.43709840393294114,0
2025_18_GB_MIN,2025,18,2026-01-04,GB,MIN,1,Model A - Simple,0.5177812721849772,1
2025_18_MIA_NE,2025,18,2026-01-04,MIA,NE,1,Model A - Simple,0.7737120834548645,1
2025_18_DAL_NYG,2025,18,2026-01-04,DAL,NYG,1,Model A - Simple,0.5455190561148292,1
2025_18_WAS_PHI,2025,18,2026-01-04,WAS,PHI,0,Model A - Simple,0.713220825825429,1
2025_18_BAL_PIT,2025,18,2026-01-04,BAL,PIT,1,Model A - Simple,0.4722717127741119,0
2025_18_SEA_SF,2025,18,2026-01-03,SEA,SF,0,Model A - Simple,0.5995546574863317,1
2025_18_CAR_TB,2025,18,2026-01-03,CAR,TB,1,Model A - Simple,0.6365860656865516,1
2025_01_DAL_PHI,2025,1,2025-09-04,DAL,PHI,1,Model B - Current,0.7433602231802372,1
2025_01_KC_LAC,2025,1,2025-09-05,KC,LAC,1,Model B - Current,0.810773727410494,1
2025_01_TB_ATL,2025,1,2025-09-07,TB,ATL,0,Model B - Current,0.4120238063217148,0
2025_01_CIN_CLE,2025,1,2025-09-07,CIN,CLE,0,Model B - Current,0.1552011614668214,0
2025_01_MIA_IND,2025,1,2025-09-07,MIA,IND,1,Model B - Current,0.4759910003744937,0
2025_01_CAR_JAX,2025,1,2025-09-07,CAR,JAX,1,Model B - Current,0.5871573747980251,1
2025_01_LV_NE,2025,1,2025-09-07,LV,NE,0,Model B - Current,0.5247871553638066,1
2025_01_ARI_NO,2025,1,2025-09-07,ARI,NO,0,Model B - Current,0.2615705384256277,0
2025_01_PIT_NYJ,2025,1,2025-09-07,PIT,NYJ,0,Model B - Current,0.6949739621293437,1
2025_01_NYG_WAS,2025,1,2025-09-07,NYG,WAS,1,Model B - Current,0.7634509982598493,1
2025_01_TEN_DEN,2025,1,2025-09-07,TEN,DEN,1,Model B - Current,0.7931649096400796,1
2025_01_SF_SEA,2025,1,2025-09-07,SF,SEA,0,Model B - Current,0.5869592154579942,1
2025_01_DET_GB,2025,1,2025-09-07,DET,GB,1,Model B - Current,0.4746904655233235,0
2025_01_HOU_LA,2025,1,2025-09-07,HOU,LA,1,Model B - Current,0.6603463822964007,1
2025_01_BAL_BUF,2025,1,2025-09-07,BAL,BUF,1,Model B - Current,0.340165731866368,0
2025_01_MIN_CHI,2025,1,2025-09-08,MIN,CHI,0,Model B - Current,0.4111142466231394,0
2025_02_WAS_GB,2025,2,2025-09-11,WAS,GB,1,Model B - Current,0.5033406794241635,1
2025_02_CLE_BAL,2025,2,2025-09-14,CLE,BAL,1,Model B - Current,0.9085072420826386,1
2025_02_JAX_CIN,2025,2,2025-09-14,JAX,CIN,1,Model B - Current,0.630273831626071,1
2025_02_NYG_DAL,2025,2,2025-09-14,NYG,DAL,1,Model B - Current,0.6627490197367417,1
2025_02_CHI_DET,2025,2,2025-09-14,CHI,DET,1,Model B - Current,0.763506631580963,1
2025_02_NE_MIA,2025,2,2025-09-14,NE,MIA,0,Model B - Current,0.5991297279577564,1
2025_02_SF_NO,2025,2,2025-09-14,SF,NO,0,Model B - Current,0.32354187631391984,0
2025_02_BUF_NYJ,2025,2,2025-09-14,BUF,NYJ,0,Model B - Current,0.48401691360427707,0
2025_02_SEA_PIT,2025,2,2025-09-14,SEA,PIT,0,Model B - Current,0.39661712237735863,0
2025_02_LA_TEN,2025,2,2025-09-14,LA,TEN,0,Model B - Current,0.3509656313069538,0
2025_02_CAR_ARI,2025,2,2025-09-14,CAR,ARI,1,Model B - Current,0.7598437705648442,1
2025_02_DEN_IND,2025,2,2025-09-14,DEN,IND,1,Model B - Current,0.46361361933883216,0
2025_02_PHI_KC,2025,2,2025-09-14,PHI,KC,0,Model B - Current,0.30531693872447213,0
2025_02_ATL_MIN,2025,2,2025-09-14,ATL,MIN,0,Model B - Current,0.4463993110195293,0
2025_02_TB_HOU,2025,2,2025-09-15,TB,HOU,0,Model B - Current,0.29529938496312885,0
2025_02_LAC_LV,2025,2,2025-09-15,LAC,LV,0,Model B - Current,0.3354002539048856,0
2025_03_MIA_BUF,2025,3,2025-09-18,MIA,BUF,1,Model B - Current,0.7054211136488265,1
2025_03_ATL_CAR,2025,3,2025-09-21,ATL,CAR,1,Model B - Current,0.3153848938232481,0
2025_03_GB_CLE,2025,3,2025-09-21,GB,CLE,1,Model B - Current,0.21567007802626914,0
2025_03_HOU_JAX,2025,3,2025-09-21,HOU,JAX,1,Model B - Current,0.742224876687072,1
2025_03_CIN_MIN,2025,3,2025-09-21,CIN,MIN,1,Model B - Current,0.4416037653340933,0
2025_03_PIT_NE,2025,3,2025-09-21,PIT,NE,0,Model B - Current,0.635077030554306,1
2025_03_LA_PHI,2025,3,2025-09-21,LA,PHI,1,Model B - Current,0.6123635212110659,1
2025_03_NYJ_TB,2025,3,2025-09-21,NYJ,TB,1,Model B - Current,0.6760861475387541,1
2025_03_IND_TEN,2025,3,2025-09-21,IND,TEN,0,Model B - Current,0.21944555828269136,0
2025_03_LV_WAS,2025,3,2025-09-21,LV,WAS,1,Model B - Current,0.7437668831820703,1
2025_03_DEN_LAC,2025,3,2025-09-21,DEN,LAC,1,Model B - Current,0.623546515951069,1
2025_03_NO_SEA,2025,3,2025-09-21,NO,SEA,1,Model B - Current,0.6711195638352171,1
2025_03_DAL_CHI,2025,3,2025-09-21,DAL,CHI,1,Model B - Current,0.4728721158970816,0
2025_03_ARI_SF,2025,3,2025-09-21,ARI,SF,1,Model B - Current,0.6049007791988561,1
2025_03_KC_NYG,2025,3,2025-09-21,KC,NYG,0,Model B - Current,0.4738111067454274,0
2025_03_DET_BAL,2025,3,2025-09-22,DET,BAL,0,Model B - Current,0.6610614578477788,1
2025_04_SEA_ARI,2025,4,2025-09-25,SEA,ARI,0,Model B - Current,0.5550737005361818,1
2025_04_MIN_PIT,2025,4,2025-09-28,MIN,PIT,1,Model B - Current,0.41891662524766193,0
2025_04_WAS_ATL,2025,4,2025-09-28,WAS,ATL,1,Model B - Current,0.3877362330345196,0
2025_04_NO_BUF,2025,4,2025-09-28,NO,BUF,1,Model B - Current,0.7635148329132517,1
2025_04_CLE_DET,2025,4,2025-09-28,CLE,DET,1,Model B - Current,0.8227385412175205,1
2025_04_TEN_HOU,2025,4,2025-09-28,TEN,HOU,1,Model B - Current,0.6773619590483511,1
2025_04_CAR_NE,2025,4,2025-09-28,CAR,NE,1,Model B - Current,0.6141457837696179,1
2025_04_LAC_NYG,2025,4,2025-09-28,LAC,NYG,1,Model B - Current,0.21647091133635363,0
2025_04_PHI_TB,2025,4,2025-09-28,PHI,TB,0,Model B - Current,0.49332946612744294,0
2025_04_IND_LA,2025,4,2025-09-28,IND,LA,1,Model B - Current,0.38526228727869377,0
2025_04_JAX_SF,2025,4,2025-09-28,JAX,SF,0,Model B - Current,0.615320703356789,1
2025_04_BAL_KC,2025,4,2025-09-28,BAL,KC,1,Model B - Current,0.4126700503355719,0
2025_04_CHI_LV,2025,4,2025-09-28,CHI,LV,0,Model B - Current,0.5215391967788787,1
2025_04_NYJ_MIA,2025,4,2025-09-29,NYJ,MIA,1,Model B - Current,0.4719642601700448,0
2025_04_CIN_DEN,2025,4,2025-09-29,CIN,DEN,1,Model B - Current,0.6862312242743066,1
2025_05_SF_LA,2025,5,2025-10-02,SF,LA,0,Model B - Current,0.5584535517005852,1
2025_05_MIN_CLE,2025,5,2025-10-05,MIN,CLE,0,Model B - Current,0.3080929513124,0
2025_05_HOU_BAL,2025,5,2025-10-05,HOU,BAL,0,Model B - Current,0.6329115335828616,1
2025_05_MIA_CAR,2025,5,2025-10-05,MIA,CAR,1,Model B - Current,0.6111556181075894,1
2025_05_LV_IND,2025,5,2025-10-05,LV,IND,1,Model B - Current,0.7717991141570332,1
2025_05_NYG_NO,2025,5,2025-10-05,NYG,NO,1,Model B - Current,0.625975724422137,1
2025_05_DAL_NYJ,2025,5,2025-10-05,DAL,NYJ,0,Model B - Current,0.5846676131259111,1
2025_05_DEN_PHI,2025,5,2025-10-05,DEN,PHI,0,Model B - Current,0.5522124376252527,1
2025_05_TEN_ARI,2025,5,2025-10-05,TEN,ARI,0,Model B - Current,0.8178129704822699,1
2025_05_TB_SEA,2025,5,2025-10-05,TB,SEA,0,Model B - Current,0.6402975321061339,1
2025_05_DET_CIN,2025,5,2025-10-05,DET,CIN,0,Model B - Current,0.2229584514787265,0
2025_05_WAS_LAC,2025,5,2025-10-05,WAS,LAC,0,Model B - Current,0.505764199617833,1
2025_05_NE_BUF,2025,5,2025-10-05,NE,BUF,0,Model B - Current,0.6624037332543178,1
2025_05_KC_JAX,2025,5,2025-10-06,KC,JAX,1,Model B - Current,0.6133083230038205,1
2025_06_PHI_NYG,2025,6,2025-10-09,PHI,NYG,1,Model B - Current,0.3808655757878383,0
2025_06_DEN_NYJ,2025,6,2025-10-12,DEN,NYJ,0,Model B - Current,0.48707618837518685,0
2025_06_LA_BAL,2025,6,2025-10-12,LA,BAL,0,Model B - Current,0.2849373237263595,0
2025_06_DAL_CAR,2025,6,2025-10-12,DAL,CAR,1,Model B - Current,0.42202025948042704,0
2025_06_ARI_IND,2025,6,2025-10-12,ARI,IND,1,Model B - Current,0.8146298173955258,1
2025_06_SEA_JAX,2025,6,2025-10-12,SEA,JAX,0,Model B - Current,0.5445022610958629,1
2025_06_LAC_MIA,2025,6,2025-10-12,LAC,MIA,0,Model B - Current,0.4080539544368678,0
2025_06_NE_NO,2025,6,2025-10-12,NE,NO,0,Model B - Current,0.5017434906596089,1
2025_06_CLE_PIT,2025,6,2025-10-12,CLE,PIT,1,Model B - Current,0.7912201054791729,1
2025_06_TEN_LV,2025,6,2025-10-12,TEN,LV,1,Model B - Current,0.7188643564988676,1
2025_06_CIN_GB,2025,6,2025-10-12,CIN,GB,1,Model B - Current,0.8519294942805468,1
2025_06_SF_TB,2025,6,2025-10-12,SF,TB,1,Model B - Current,0.3924385787715698,0
2025_06_DET_KC,2025,6,2025-10-12,DET,KC,1,Model B - Current,0.5497626249019267,1
2025_06_BUF_ATL,2025,6,2025-10-13,BUF,ATL,1,Model B - Current,0.47163357186816784,0
2025_06_CHI_WAS,2025,6,2025-10-13,CHI,WAS,0,Model B - Current,0.7147095556619955,1
2025_07_PIT_CIN,2025,7,2025-10-16,PIT,CIN,1,Model B - Current,0.31852955723496207,0
2025_07_LA_JAX,2025,7,2025-10-19,LA,JAX,0,Model B - Current,0.4096032810182133,0
2025_07_NO_CHI,2025,7,2025-10-19,NO,CHI,1,Model B - Current,0.6264083289194579,1
2025_07_MIA_CLE,2025,7,2025-10-19,MIA,CLE,1,Model B - Current,0.45492293752066154,0
2025_07_LV_KC,2025,7,2025-10-19,LV,KC,1,Model B - Current,0.7459715509990613,1
2025_07_PHI_MIN,2025,7,2025-10-19,PHI,MIN,0,Model B - Current,0.6578701966706724,1
2025_07_CAR_NYJ,2025,7,2025-10-19,CAR,NYJ,0,Model B - Current,0.4186457887933065,0
2025_07_NE_TEN,2025,7,2025-10-19,NE,TEN,0,Model B - Current,0.2750194168818566,0
2025_07_NYG_DEN,2025,7,2025-10-19,NYG,DEN,1,Model B - Current,0.6418992042584892,1
2025_07_IND_LAC,2025,7,2025-10-19,IND,LAC,0,Model B - Current,0.32269773029751825,0
2025_07_GB_ARI,2025,7,2025-10-19,GB,ARI,0,Model B - Current,0.3595599344075081,0
2025_07_WAS_DAL,2025,7,2025-10-19,WAS,DAL,1,Model B - Current,0.47663462167169773,0
2025_07_ATL_SF,2025,7,2025-10-19,ATL,SF,1,Model B - Current,0.5501301384599881,1
2025_07_TB_DET,2025,7,2025-10-20,TB,DET,1,Model B - Current,0.5937491178581079,1
2025_07_HOU_SEA,2025,7,2025-10-20,HOU,SEA,1,Model B - Current,0.4423919009541586,0
2025_08_MIN_LAC,2025,8,2025-10-23,MIN,LAC,1,Model B - Current,0.48548994015271174,0
2025_08_MIA_ATL,2025,8,2025-10-26,MIA,ATL,0,Model B - Current,0.7689079092193134,1
2025_08_CHI_BAL,2025,8,2025-10-26,CHI,BAL,1,Model B - Current,0.36624812204112017,0
2025_08_BUF_CAR,2025,8,2025-10-26,BUF,CAR,0,Model B - Current,0.45165144329767165,0
2025_08_NYJ_CIN,2025,8,2025-10-26,NYJ,CIN,0,Model B - Current,0.6322708706306706,1
2025_08_SF_HOU,2025,8,2025-10-26,SF,HOU,1,Model B - Current,0.5124246018034035,1
2025_08_CLE_NE,2025,8,2025-10-26,CLE,NE,1,Model B - Current,0.8069221632553282,1
2025_08_NYG_PHI,2025,8,2025-10-26,NYG,PHI,1,Model B - Current,0.6321605265123915,1
2025_08_TB_NO,2025,8,2025-10-26,TB,NO,0,Model B - Current,0.5030087688594954,1
2025_08_DAL_DEN,2025,8,2025-10-26,DAL,DEN,1,Model B - Current,0.513415612105103,1
2025_08_TEN_IND,2025,8,2025-10-26,TEN,IND,1,Model B - Current,0.8912427767717299,1
2025_08_GB_PIT,2025,8,2025-10-26,GB,PIT,0,Model B - Current,0.4875289306214468,0
2025_08_WAS_KC,2025,8,2025-10-27,WAS,KC,1,Model B - Current,0.7638104857733224,1
2025_09_BAL_MIA,2025,9,2025-10-30,BAL,MIA,0,Model B - Current,0.5125779044300887,1
2025_09_CHI_CIN,2025,9,2025-11-02,CHI,CIN,0,Model B - Current,0.4889490430317501,0
2025_09_MIN_DET,2025,9,2025-11-02,MIN,DET,0,Model B - Current,0.7638903310783948,1
2025_09_CAR_GB,2025,9,2025-11-02,CAR,GB,0,Model B - Current,0.8037398994230028,1
2025_09_DEN_HOU,2025,9,2025-11-02,DEN,HOU,0,Model B - Current,0.5399228230983208,1
2025_09_ATL_NE,2025,9,2025-11-02,ATL,NE,1,Model B - Current,0.7649031088910877,1
2025_09_SF_NYG,2025,9,2025-11-02,SF,NYG,0,Model B - Current,0.43524766315919844,0
2025_09_IND_PIT,2025,9,2025-11-02,IND,PIT,1,Model B - Current,0.30377889231831057,0
2025_09_LAC_TEN,2025,9,2025-11-02,LAC,TEN,0,Model B - Current,0.2298823493873592,0
2025_09_NO_LA,2025,9,2025-11-02,NO,LA,1,Model B - Current,0.8174974208675492,1
2025_09_JAX_LV,2025,9,2025-11-02,JAX,LV,0,Model B - Current,0.32429412518757567,0
2025_09_KC_BUF,2025,9,2025-11-02,KC,BUF,1,Model B - Current,0.42941146002110425,0
2025_09_SEA_WAS,2025,9,2025-11-02,SEA,WAS,0,Model B - Current,0.45460432096606923,0
2025_09_ARI_DAL,2025,9,2025-11-03,ARI,DAL,0,Model B - Current,0.5929681846407875,1
2025_10_LV_DEN,2025,10,2025-11-06,LV,DEN,1,Model B - Current,0.7154750285715636,1
2025_10_ATL_IND,2025,10,2025-11-09,ATL,IND,1,Model B - Current,0.7626695269594936,1
2025_10_NO_CAR,2025,10,2025-11-09,NO,CAR,0,Model B - Current,0.7104607876326567,1
2025_10_NYG_CHI,2025,10,2025-11-09,NYG,CHI,1,Model B - Current,0.7213896189418072,1
2025_10_JAX_HOU,2025,10,2025-11-09,JAX,HOU,1,Model B - Current,0.5339438730589636,1
2025_10_BUF_MIA,2025,10,2025-11-09,BUF,MIA,1,Model B - Current,0.26104293627580516,0
2025_10_BAL_MIN,2025,10,2025-11-09,BAL,MIN,0,Model B - Current,0.38370348970435625,0
2025_10_CLE_NYJ,2025,10,2025-11-09,CLE,NYJ,1,Model B - Current,0.7296908307461157,1
2025_10_NE_TB,2025,10,2025-11-09,NE,TB,0,Model B - Current,0.44387188650897896,0
2025_10_ARI_SEA,2025,10,2025-11-09,ARI,SEA,1,Model B - Current,0.6898145097868082,1
2025_10_LA_SF,2025,10,2025-11-09,LA,SF,0,Model B - Current,0.35351151276046744,0
2025_10_DET_WAS,2025,10,2025-11-09,DET,WAS,0,Model B - Current,0.45123932791786703,0
2025_10_PIT_LAC,2025,10,2025-11-09,PIT,LAC,1,Model B - Current,0.7277962464891796,1
2025_10_PHI_GB,2025,10,2025-11-10,PHI,GB,0,Model B - Current,0.5613646129650862,1
2025_11_NYJ_NE,2025,11,2025-11-13,NYJ,NE,1,Model B - Current,0.7452336231086721,1
2025_11_WAS_MIA,2025,11,2025-11-16,WAS,MIA,1,Model B - Current,0.5794964913880387,1
2025_11_CAR_ATL,2025,11,2025-11-16,CAR,ATL,0,Model B - Current,0.6185600982381798,1
2025_11_TB_BUF,2025,11,2025-11-16,TB,BUF,1,Model B - Current,0.6413300341029684,1
2025_11_LAC_JAX,2025,11,2025-11-16,LAC,JAX,1,Model B - Current,0.3543536661523612,0
2025_11_CHI_MIN,2025,11,2025-11-16,CHI,MIN,0,Model B - Current,0.3436507509418566,0
2025_11_GB_NYG,2025,11,2025-11-16,GB,NYG,0,Model B - Current,0.380437544824981,0
2025_11_CIN_PIT,2025,11,2025-11-16,CIN,PIT,1,Model B - Current,0.447891481425465,0
2025_11_HOU_TEN,2025,11,2025-11-16,HOU,TEN,0,Model B - Current,0.3027282969307938,0
2025_11_SF_ARI,2025,11,2025-11-16,SF,ARI,0,Model B - Current,0.44647487403082897,0
2025_11_SEA_LA,2025,11,2025-11-16,SEA,LA,1,Model B - Current,0.6535676697910368,1
2025_11_BAL_CLE,2025,11,2025-11-16,BAL,CLE,0,Model B - Current,0.30345748873769746,0
2025_11_KC_DEN,2025,11,2025-11-16,KC,DEN,1,Model B - Current,0.3867685845180885,0
2025_11_DET_PHI,2025,11,2025-11-16,DET,PHI,1,Model B - Current,0.4665751081158655,0
2025_11_DAL_LV,2025,11,2025-11-17,DAL,LV,0,Model B - Current,0.3799974814956952,0
2025_12_BUF_HOU,2025,12,2025-11-20,BUF,HOU,1,Model B - Current,0.49616595246624134,0
2025_12_NYJ_BAL,2025,12,2025-11-23,NYJ,BAL,1,Model B - Current,0.7291440101481439,1
2025_12_PIT_CHI,2025,12,2025-11-23,PIT,CHI,1,Model B - Current,0.6365095494907534,1
2025_12_NE_CIN,2025,12,2025-11-23,NE,CIN,0,Model B - Current,0.31467942265449006,0
2025_12_NYG_DET,2025,12,2025-11-23,NYG,DET,1,Model B - Current,0.6583659672425541,1
2025_12_MIN_GB,2025,12,2025-11-23,MIN,GB,1,Model B - Current,0.7411434351225376,1
2025_12_IND_KC,2025,12,2025-11-23,IND,KC,1,Model B - Current,0.41578679919912515,0
2025_12_SEA_TEN,2025,12,2025-11-23,SEA,TEN,0,Model B - Current,0.23365374789915277,0
2025_12_JAX_ARI,2025,12,2025-11-23,JAX,ARI,0,Model B - Current,0.4571283184202259,0
2025_12_CLE_LV,2025,12,2025-11-23,CLE,LV,0,Model B - Current,0.599505267367501,1
2025_12_PHI_DAL,2025,12,2025-11-23,PHI,DAL,1,Model B - Current,0.6022604496653643,1
2025_12_ATL_NO,2025,12,2025-11-23,ATL,NO,0,Model B - Current,0.5091055206967126,1
2025_12_TB_LA,2025,12,2025-11-23,TB,LA,1,Model B - Current,0.7541317825285166,1
2025_12_CAR_SF,2025,12,2025-11-24,CAR,SF,1,Model B - Current,0.742840621408387,1
2025_13_GB_DET,2025,13,2025-11-27,GB,DET,0,Model B - Current,0.44638674212617624,0
2025_13_KC_DAL,2025,13,2025-11-27,KC,DAL,1,Model B - Current,0.5128411071713169,1
2025_13_CIN_BAL,2025,13,2025-11-27,CIN,BAL,0,Model B - Current,0.6740062572344012,1
2025_13_CHI_PHI,2025,13,2025-11-28,CHI,PHI,0,Model B - Current,0.5139858861013904,1
2025_13_LA_CAR,2025,13,2025-11-30,LA,CAR,1,Model B - Current,0.208171633263375,0
2025_13_SF_CLE,2025,13,2025-11-30,SF,CLE,0,Model B - Current,0.24679618772588674,0
2025_13_HOU_IND,2025,13,2025-11-30,HOU,IND,0,Model B - Current,0.6219859706359637,1
2025_13_NO_MIA,2025,13,2025-11-30,NO,MIA,1,Model B - Current,0.6705088991998942,1
2025_13_ATL_NYJ,2025,13,2025-11-30,ATL,NYJ,1,Model B - Current,0.38820306599613286,0
2025_13_ARI_TB,2025,13,2025-11-30,ARI,TB,1,Model B - Current,0.41846012558963386,0
2025_13_JAX_TEN,2025,13,2025-11-30,JAX,TEN,0,Model B - Current,0.29246094664164857,0
2025_13_MIN_SEA,2025,13,2025-11-30,MIN,SEA,1,Model B - Current,0.8149044586753427,1
2025_13_LV_LAC,2025,13,2025-11-30,LV,LAC,1,Model B - Current,0.7409981236562374,1
2025_13_BUF_PIT,2025,13,2025-11-30,BUF,PIT,0,Model B - Current,0.5449643166548316,1
2025_13_DEN_WAS,2025,13,2025-11-30,DEN,WAS,0,Model B - Current,0.5139401819976595,1
2025_13_NYG_NE,2025,13,2025-12-01,NYG,NE,1,Model B - Current,0.744100751958433,1
2025_14_DAL_DET,2025,14,2025-12-04,DAL,DET,1,Model B - Current,0.49915612054411873,0
2025_14_SEA_ATL,2025,14,2025-12-07,SEA,ATL,0,Model B - Current,0.4603004328097115,0
2025_14_PIT_BAL,2025,14,2025-12-07,PIT,BAL,0,Model B - Current,0.6102442819961462,1
2025_14_TEN_CLE,2025,14,2025-12-07,TEN,CLE,0,Model B - Current,0.6605539816352931,1
2025_14_CHI_GB,2025,14,2025-12-07,CHI,GB,1,Model B - Current,0.6630027897350836,1
2025_14_IND_JAX,2025,14,2025-12-07,IND,JAX,1,Model B - Current,0.5760457418532167,1
2025_14_WAS_MIN,2025,14,2025-12-07,WAS,MIN,1,Model B - Current,0.32941712276259155,0
2025_14_MIA_NYJ,2025,14,2025-12-07,MIA,NYJ,0,Model B - Current,0.44465555606504226,0
2025_14_NO_TB,2025,14,2025-12-07,NO,TB,0,Model B - Current,0.5199009465894409,1
2025_14_DEN_LV,2025,14,2025-12-07,DEN,LV,0,Model B - Current,0.3230787341551556,0
2025_14_LA_ARI,2025,14,2025-12-07,LA,ARI,0,Model B - Current,0.364395049398769,0
2025_14_CIN_BUF,2025,14,2025-12-07,CIN,BUF,1,Model B - Current,0.6700052864388668,1
2025_14_HOU_KC,2025,14,2025-12-07,HOU,KC,0,Model B - Current,0.597448612696148,1
2025_14_PHI_LAC,2025,14,2025-12-08,PHI,LAC,1,Model B - Current,0.55426613556923,1
2025_15_ATL_TB,2025,15,2025-12-11,ATL,TB,0,Model B - Current,0.48459500020931806,0
2025_15_CLE_CHI,2025,15,2025-12-14,CLE,CHI,1,Model B - Current,0.7194316092584104,1
2025_15_BAL_CIN,2025,15,2025-12-14,BAL,CIN,0,Model B - Current,0.5857886625389109,1
2025_15_ARI_HOU,2025,15,2025-12-14,ARI,HOU,1,Model B - Current,0.6083899819571386,1
2025_15_NYJ_JAX,2025,15,2025-12-14,NYJ,JAX,1,Model B - Current,0.8002188836030979,1
2025_15_LAC_KC,2025,15,2025-12-14,LAC,KC,0,Model B - Current,0.5794478643550138,1
2025_15_BUF_NE,2025,15,2025-12-14,BUF,NE,0,Model B - Current,0.5774591121325241,1
2025_15_WAS_NYG,2025,15,2025-12-14,WAS,NYG,0,Model B - Current,0.6338639079890147,1
2025_15_LV_PHI,2025,15,2025-12-14,LV,PHI,1,Model B - Current,0.708993033451077,1
2025_15_GB_DEN,2025,15,2025-12-14,GB,DEN,1,Model B - Current,0.4864075443732692,0
2025_15_DET_LA,2025,15,2025-12-14,DET,LA,1,Model B - Current,0.770246525275507,1
2025_15_CAR_NO,2025,15,2025-12-14,CAR,NO,1,Model B - Current,0.5615522261282583,1
2025_15_IND_SEA,2025,15,2025-12-14,IND,SEA,1,Model B - Current,0.7612314658638857,1
2025_15_TEN_SF,2025,15,2025-12-14,TEN,SF,1,Model B - Current,0.8385060055785531,1
2025_15_MIN_DAL,2025,15,2025-12-14,MIN,DAL,0,Model B - Current,0.5884216810163846,1
2025_15_MIA_PIT,2025,15,2025-12-15,MIA,PIT,1,Model B - Current,0.384086763376655,0
2025_16_LA_SEA,2025,16,2025-12-18,LA,SEA,1,Model B - Current,0.4154699229350974,0
2025_16_GB_CHI,2025,16,2025-12-20,GB,CHI,1,Model B - Current,0.570340918502258,1
2025_16_PHI_WAS,2025,16,2025-12-20,PHI,WAS,0,Model B - Current,0.3418160034633059,0
2025_16_NE_BAL,2025,16,2025-12-21,NE,BAL,0,Model B - Current,0.4404908806289746,0
2025_16_TB_CAR,2025,16,2025-12-21,TB,CAR,1,Model B - Current,0.5243265728395292,1
2025_16_BUF_CLE,2025,16,2025-12-21,BUF,CLE,0,Model B - Current,0.2196546428276249,0
2025_16_LAC_DAL,2025,16,2025-12-21,LAC,DAL,0,Model B - Current,0.5206943668189087,1
2025_16_NYJ_NO,2025,16,2025-12-21,NYJ,NO,1,Model B - Current,0.7525883900712913,1
2025_16_MIN_NYG,2025,16,2025-12-21,MIN,NYG,0,Model B - Current,0.47498010842402294,0
2025_16_KC_TEN,2025,16,2025-12-21,KC,TEN,1,Model B - Current,0.41186476556900764,0
2025_16_ATL_ARI,2025,16,2025-12-21,ATL,ARI,0,Model B - Current,0.46200366543883387,0
2025_16_JAX_DEN,2025,16,2025-12-21,JAX,DEN,0,Model B - Current,0.5002453603263698,1
2025_16_PIT_DET,2025,16,2025-12-21,PIT,DET,0,Model B - Current,0.5041516953218966,1
2025_16_LV_HOU,2025,16,2025-12-21,LV,HOU,1,Model B - Current,0.8386572535658078,1
2025_16_CIN_MIA,2025,16,2025-12-21,CIN,MIA,0,Model B - Current,0.6972622373176112,1
2025_16_SF_IND,2025,16,2025-12-22,SF,IND,0,Model B - Current,0.4041212294405817,0
2025_17_DAL_WAS,2025,17,2025-12-25,DAL,WAS,0,Model B - Current,0.47381050095741445,0
2025_17_DET_MIN,2025,17,2025-12-25,DET,MIN,1,Model B - Current,0.6341254539714234,1
2025_17_DEN_KC,2025,17,2025-12-25,DEN,KC,0,Model B - Current,0.3812099859209231,0
2025_17_SEA_CAR,2025,17,2025-12-28,SEA,CAR,0,Model B - Current,0.34769310357138045,0
2025_17_ARI_CIN,2025,17,2025-12-28,ARI,CIN,1,Model B - Current,0.6531900648038075,1
2025_17_PIT_CLE,2025,17,2025-12-28,PIT,CLE,1,Model B - Current,0.3381694014823129,0
2025_17_BAL_GB,2025,17,2025-12-27,BAL,GB,0,Model B - Current,0.6021625670679285,1
2025_17_JAX_IND,2025,17,2025-12-28,JAX,IND,0,Model B - Current,0.3696696325147016,0
2025_17_HOU_LAC,2025,17,2025-12-27,HOU,LAC,0,Model B - Current,0.6588400880976885,1
2025_17_NYG_LV,2025,17,2025-12-28,NYG,LV,0,Model B - Current,0.47602035129564185,0
2025_17_TB_MIA,2025,17,2025-12-28,TB,MIA,1,Model B - Current,0.5527952197731536,1
2025_17_NE_NYJ,2025,17,2025-12-28,NE,NYJ,0,Model B - Current,0.182787255725983,0
2025_17_NO_TEN,2025,17,2025-12-28,NO,TEN,0,Model B - Current,0.4473890004071737,0
2025_17_PHI_BUF,2025,17,2025-12-28,PHI,BUF,0,Model B - Current,0.5197995621063672,1
2025_17_CHI_SF,2025,17,2025-12-28,CHI,SF,1,Model B - Current,0.5911963287294104,1
2025_17_LA_ATL,2025,17,2025-12-29,LA,ATL,1,Model B - Current,0.2983528980865596,0
2025_18_NO_ATL,2025,18,2026-01-04,NO,ATL,1,Model B - Current,0.4806348447127205,0
2025_18_NYJ_BUF,2025,18,2026-01-04,NYJ,BUF,1,Model B - Current,0.8612783843577153,1
2025_18_DET_CHI,2025,18,2026-01-04,DET,CHI,0,Model B - Current,0.701925900487122,1
2025_18_CLE_CIN,2025,18,2026-01-04,CLE,CIN,0,Model B - Current,0.7845809859410913,1
2025_18_LAC_DEN,2025,18,2026-01-04,LAC,DEN,1,Model B - Current,0.6600154486022899,1
2025_18_IND_HOU,2025,18,2026-01-04,IND,HOU,1,Model B - Current,0.6585538257026623,1
2025_18_TEN_JAX,2025,18,2026-01-04,TEN,JAX,1,Model B - Current,0.771493255359891,1
2025_18_ARI_LA,2025,18,2026-01-04,ARI,LA,1,Model B - Current,0.7931496355572496,1
2025_18_KC_LV,2025,18,2026-01-04,KC,LV,1,Model B - Current,0.43407526369863003,0
2025_18_GB_MIN,2025,18,2026-01-04,GB,MIN,1,Model B - Current,0.5104943283812252,1
2025_18_MIA_NE,2025,18,2026-01-04,MIA,NE,1,Model B - Current,0.8025558785821684,1
2025_18_DAL_NYG,2025,18,2026-01-04,DAL,NYG,1,Model B - Current,0.5252834169247353,1
2025_18_WAS_PHI,2025,18,2026-01-04,WAS,PHI,0,Model B - Current,0.6926217474294831,1
2025_18_BAL_PIT,2025,18,2026-01-04,BAL,PIT,1,Model B - Current,0.44472723905959166,0
2025_18_SEA_SF,2025,18,2026-01-03,SEA,SF,0,Model B - Current,0.5383500293685761,1
2025_18_CAR_TB,2025,18,2026-01-03,CAR,TB,1,Model B - Current,0.6469318958168986,1
2025_01_DAL_PHI,2025,1,2025-09-04,DAL,PHI,1,Model C - Efficiency,0.7476010882629651,1
2025_01_KC_LAC,2025,1,2025-09-05,KC,LAC,1,Model C - Efficiency,0.8216771916247034,1
2025_01_TB_ATL,2025,1,2025-09-07,TB,ATL,0,Model C - Efficiency,0.4045926016533904,0
2025_01_CIN_CLE,2025,1,2025-09-07,CIN,CLE,0,Model C - Efficiency,0.16223926430072172,0
2025_01_MIA_IND,2025,1,2025-09-07,MIA,IND,1,Model C - Efficiency,0.4783717527329786,0
2025_01_CAR_JAX,2025,1,2025-09-07,CAR,JAX,1,Model C - Efficiency,0.6007739268130468,1
2025_01_LV_NE,2025,1,2025-09-07,LV,NE,0,Model C - Efficiency,0.5329091615921183,1
2025_01_ARI_NO,2025,1,2025-09-07,ARI,NO,0,Model C - Efficiency,0.27157974705610427,0
2025_01_PIT_NYJ,2025,1,2025-09-07,PIT,NYJ,0,Model C - Efficiency,0.692228754014886,1
2025_01_NYG_WAS,2025,1,2025-09-07,NYG,WAS,1,Model C - Efficiency,0.7534972645698282,1
2025_01_TEN_DEN,2025,1,2025-09-07,TEN,DEN,1,Model C - Efficiency,0.7953367437617918,1
2025_01_SF_SEA,2025,1,2025-09-07,SF,SEA,0,Model C - Efficiency,0.588150237066051,1
2025_01_DET_GB,2025,1,2025-09-07,DET,GB,1,Model C - Efficiency,0.4757926201159299,0
2025_01_HOU_LA,2025,1,2025-09-07,HOU,LA,1,Model C - Efficiency,0.6685938260211348,1
2025_01_BAL_BUF,2025,1,2025-09-07,BAL,BUF,1,Model C - Efficiency,0.3372651372481172,0
2025_01_MIN_CHI,2025,1,2025-09-08,MIN,CHI,0,Model C - Efficiency,0.39754139666144456,0
2025_02_WAS_GB,2025,2,2025-09-11,WAS,GB,1,Model C - Efficiency,0.5069517550695212,1
2025_02_CLE_BAL,2025,2,2025-09-14,CLE,BAL,1,Model C - Efficiency,0.9063034914684899,1
2025_02_JAX_CIN,2025,2,2025-09-14,JAX,CIN,1,Model C - Efficiency,0.6323469223429921,1
2025_02_NYG_DAL,2025,2,2025-09-14,NYG,DAL,1,Model C - Efficiency,0.6485774220224301,1
2025_02_CHI_DET,2025,2,2025-09-14,CHI,DET,1,Model C - Efficiency,0.7674727786993336,1
2025_02_NE_MIA,2025,2,2025-09-14,NE,MIA,0,Model C - Efficiency,0.6095077396481501,1
2025_02_SF_NO,2025,2,2025-09-14,SF,NO,0,Model C - Efficiency,0.32819515832417373,0
2025_02_BUF_NYJ,2025,2,2025-09-14,BUF,NYJ,0,Model C - Efficiency,0.48695152833009236,0
2025_02_SEA_PIT,2025,2,2025-09-14,SEA,PIT,0,Model C - Efficiency,0.3929564413491471,0
2025_02_LA_TEN,2025,2,2025-09-14,LA,TEN,0,Model C - Efficiency,0.3560691249674948,0
2025_02_CAR_ARI,2025,2,2025-09-14,CAR,ARI,1,Model C - Efficiency,0.7625505297777945,1
2025_02_DEN_IND,2025,2,2025-09-14,DEN,IND,1,Model C - Efficiency,0.46103407731552626,0
2025_02_PHI_KC,2025,2,2025-09-14,PHI,KC,0,Model C - Efficiency,0.3006492273571026,0
2025_02_ATL_MIN,2025,2,2025-09-14,ATL,MIN,0,Model C - Efficiency,0.4471321163898906,0
2025_02_TB_HOU,2025,2,2025-09-15,TB,HOU,0,Model C - Efficiency,0.2854714840776975,0
2025_02_LAC_LV,2025,2,2025-09-15,LAC,LV,0,Model C - Efficiency,0.3325835801279661,0
2025_03_MIA_BUF,2025,3,2025-09-18,MIA,BUF,1,Model C - Efficiency,0.6871412364996252,1
2025_03_ATL_CAR,2025,3,2025-09-21,ATL,CAR,1,Model C - Efficiency,0.31871617429420673,0
2025_03_GB_CLE,2025,3,2025-09-21,GB,CLE,1,Model C - Efficiency,0.22252843755256996,0
2025_03_HOU_JAX,2025,3,2025-09-21,HOU,JAX,1,Model C - Efficiency,0.7465043997176979,1
2025_03_CIN_MIN,2025,3,2025-09-21,CIN,MIN,1,Model C - Efficiency,0.4398169256913509,0
2025_03_PIT_NE,2025,3,2025-09-21,PIT,NE,0,Model C - Efficiency,0.6444417326066301,1
2025_03_LA_PHI,2025,3,2025-09-21,LA,PHI,1,Model C - Efficiency,0.6079648299796226,1
2025_03_NYJ_TB,2025,3,2025-09-21,NYJ,TB,1,Model C - Efficiency,0.6668156261679935,1
2025_03_IND_TEN,2025,3,2025-09-21,IND,TEN,0,Model C - Efficiency,0.21618687971196718,0
2025_03_LV_WAS,2025,3,2025-09-21,LV,WAS,1,Model C - Efficiency,0.7423986767064874,1
2025_03_DEN_LAC,2025,3,2025-09-21,DEN,LAC,1,Model C - Efficiency,0.6198360956763681,1
2025_03_NO_SEA,2025,3,2025-09-21,NO,SEA,1,Model C - Efficiency,0.6627620397161625,1
2025_03_DAL_CHI,2025,3,2025-09-21,DAL,CHI,1,Model C - Efficiency,0.47055363199401323,0
2025_03_ARI_SF,2025,3,2025-09-21,ARI,SF,1,Model C - Efficiency,0.616455015809205,1
2025_03_KC_NYG,2025,3,2025-09-21,KC,NYG,0,Model C - Efficiency,0.4838722688315781,0
2025_03_DET_BAL,2025,3,2025-09-22,DET,BAL,0,Model C - Efficiency,0.65404928145545,1
2025_04_SEA_ARI,2025,4,2025-09-25,SEA,ARI,0,Model C - Efficiency,0.5351564458903644,1
2025_04_MIN_PIT,2025,4,2025-09-28,MIN,PIT,1,Model C - Efficiency,0.4147968651854119,0
2025_04_WAS_ATL,2025,4,2025-09-28,WAS,ATL,1,Model C - Efficiency,0.3832442901572715,0
2025_04_NO_BUF,2025,4,2025-09-28,NO,BUF,1,Model C - Efficiency,0.754201910115317,1
2025_04_CLE_DET,2025,4,2025-09-28,CLE,DET,1,Model C - Efficiency,0.8208288882281506,1
2025_04_TEN_HOU,2025,4,2025-09-28,TEN,HOU,1,Model C - Efficiency,0.6640529547721801,1
2025_04_CAR_NE,2025,4,2025-09-28,CAR,NE,1,Model C - Efficiency,0.6213469325333852,1
2025_04_LAC_NYG,2025,4,2025-09-28,LAC,NYG,1,Model C - Efficiency,0.21821146190630303,0
2025_04_PHI_TB,2025,4,2025-09-28,PHI,TB,0,Model C - Efficiency,0.5029834898319973,1
2025_04_IND_LA,2025,4,2025-09-28,IND,LA,1,Model C - Efficiency,0.37794732895785066,0
2025_04_JAX_SF,2025,4,2025-09-28,JAX,SF,0,Model C - Efficiency,0.6265466895544527,1
2025_04_BAL_KC,2025,4,2025-09-28,BAL,KC,1,Model C - Efficiency,0.4237216598220494,0
2025_04_CHI_LV,2025,4,2025-09-28,CHI,LV,0,Model C - Efficiency,0.5220592399384726,1
2025_04_NYJ_MIA,2025,4,2025-09-29,NYJ,MIA,1,Model C - Efficiency,0.47611637623637454,0
2025_04_CIN_DEN,2025,4,2025-09-29,CIN,DEN,1,Model C - Efficiency,0.6777205940692734,1
2025_05_SF_LA,2025,5,2025-10-02,SF,LA,0,Model C - Efficiency,0.5460880926425514,1
2025_05_MIN_CLE,2025,5,2025-10-05,MIN,CLE,0,Model C - Efficiency,0.3168144094523486,0
2025_05_HOU_BAL,2025,5,2025-10-05,HOU,BAL,0,Model C - Efficiency,0.6359374102952201,1
2025_05_MIA_CAR,2025,5,2025-10-05,MIA,CAR,1,Model C - Efficiency,0.5919581904150545,1
2025_05_LV_IND,2025,5,2025-10-05,LV,IND,1,Model C - Efficiency,0.7817480925048668,1
2025_05_NYG_NO,2025,5,2025-10-05,NYG,NO,1,Model C - Efficiency,0.6275144582075236,1
2025_05_DAL_NYJ,2025,5,2025-10-05,DAL,NYJ,0,Model C - Efficiency,0.6015662191877094,1
2025_05_DEN_PHI,2025,5,2025-10-05,DEN,PHI,0,Model C - Efficiency,0.5457564211742253,1
2025_05_TEN_ARI,2025,5,2025-10-05,TEN,ARI,0,Model C - Efficiency,0.8109832384989172,1
2025_05_TB_SEA,2025,5,2025-10-05,TB,SEA,0,Model C - Efficiency,0.6627782915160619,1
2025_05_DET_CIN,2025,5,2025-10-05,DET,CIN,0,Model C - Efficiency,0.227091758487437,0
2025_05_WAS_LAC,2025,5,2025-10-05,WAS,LAC,0,Model C - Efficiency,0.5330979509044574,1
2025_05_NE_BUF,2025,5,2025-10-05,NE,BUF,0,Model C - Efficiency,0.6424307952563231,1
2025_05_KC_JAX,2025,5,2025-10-06,KC,JAX,1,Model C - Efficiency,0.6087716144310136,1
2025_06_PHI_NYG,2025,6,2025-10-09,PHI,NYG,1,Model C - Efficiency,0.3951888559339934,0
2025_06_DEN_NYJ,2025,6,2025-10-12,DEN,NYJ,0,Model C - Efficiency,0.5015536104693242,1
2025_06_LA_BAL,2025,6,2025-10-12,LA,BAL,0,Model C - Efficiency,0.2994436909624013,0
2025_06_DAL_CAR,2025,6,2025-10-12,DAL,CAR,1,Model C - Efficiency,0.42319074547858077,0
2025_06_ARI_IND,2025,6,2025-10-12,ARI,IND,1,Model C - Efficiency,0.8177811517117362,1
2025_06_SEA_JAX,2025,6,2025-10-12,SEA,JAX,0,Model C - Efficiency,0.5306003840696306,1
2025_06_LAC_MIA,2025,6,2025-10-12,LAC,MIA,0,Model C - Efficiency,0.3883066075619099,0
2025_06_NE_NO,2025,6,2025-10-12,NE,NO,0,Model C - Efficiency,0.4956548864462051,0
2025_06_CLE_PIT,2025,6,2025-10-12,CLE,PIT,1,Model C - Efficiency,0.7838465829015744,1
2025_06_TEN_LV,2025,6,2025-10-12,TEN,LV,1,Model C - Efficiency,0.7185776786766095,1
2025_06_CIN_GB,2025,6,2025-10-12,CIN,GB,1,Model C - Efficiency,0.8461995763342363,1
2025_06_SF_TB,2025,6,2025-10-12,SF,TB,1,Model C - Efficiency,0.3785619989830069,0
2025_06_DET_KC,2025,6,2025-10-12,DET,KC,1,Model C - Efficiency,0.5487856228683466,1
2025_06_BUF_ATL,2025,6,2025-10-13,BUF,ATL,1,Model C - Efficiency,0.4805435707719641,0
2025_06_CHI_WAS,2025,6,2025-10-13,CHI,WAS,0,Model C - Efficiency,0.7181224590539137,1
2025_07_PIT_CIN,2025,7,2025-10-16,PIT,CIN,1,Model C - Efficiency,0.3312210207833,0
2025_07_LA_JAX,2025,7,2025-10-19,LA,JAX,0,Model C - Efficiency,0.41949137591080043,0
2025_07_NO_CHI,2025,7,2025-10-19,NO,CHI,1,Model C - Efficiency,0.6259070568308384,1
2025_07_MIA_CLE,2025,7,2025-10-19,MIA,CLE,1,Model C - Efficiency,0.46626817387456515,0
2025_07_LV_KC,2025,7,2025-10-19,LV,KC,1,Model C - Efficiency,0.744811706030676,1
2025_07_PHI_MIN,2025,7,2025-10-19,PHI,MIN,0,Model C - Efficiency,0.6583634569685671,1
2025_07_CAR_NYJ,2025,7,2025-10-19,CAR,NYJ,0,Model C - Efficiency,0.41923652356865204,0
2025_07_NE_TEN,2025,7,2025-10-19,NE,TEN,0,Model C - Efficiency,0.265916564684149,0
2025_07_NYG_DEN,2025,7,2025-10-19,NYG,DEN,1,Model C - Efficiency,0.6412703976203888,1
2025_07_IND_LAC,2025,7,2025-10-19,IND,LAC,0,Model C - Efficiency,0.3338530305760047,0
2025_07_GB_ARI,2025,7,2025-10-19,GB,ARI,0,Model C - Efficiency,0.35273189429437984,0
2025_07_WAS_DAL,2025,7,2025-10-19,WAS,DAL,1,Model C - Efficiency,0.44951269842151814,0
2025_07_ATL_SF,2025,7,2025-10-19,ATL,SF,1,Model C - Efficiency,0.5558951412286272,1
2025_07_TB_DET,2025,7,2025-10-20,TB,DET,1,Model C - Efficiency,0.6036613294705121,1
2025_07_HOU_SEA,2025,7,2025-10-20,HOU,SEA,1,Model C - Efficiency,0.4553156024630086,0
2025_08_MIN_LAC,2025,8,2025-10-23,MIN,LAC,1,Model C - Efficiency,0.49557166420882953,0
2025_08_MIA_ATL,2025,8,2025-10-26,MIA,ATL,0,Model C - Efficiency,0.7721292307754019,1
2025_08_CHI_BAL,2025,8,2025-10-26,CHI,BAL,1,Model C - Efficiency,0.36772096043807206,0
2025_08_BUF_CAR,2025,8,2025-10-26,BUF,CAR,0,Model C - Efficiency,0.45069009235232016,0
2025_08_NYJ_CIN,2025,8,2025-10-26,NYJ,CIN,0,Model C - Efficiency,0.6365662315139834,1
2025_08_SF_HOU,2025,8,2025-10-26,SF,HOU,1,Model C - Efficiency,0.49945596612431004,0
2025_08_CLE_NE,2025,8,2025-10-26,CLE,NE,1,Model C - Efficiency,0.8123674485783281,1
2025_08_NYG_PHI,2025,8,2025-10-26,NYG,PHI,1,Model C - Efficiency,0.6305937735877666,1
2025_08_TB_NO,2025,8,2025-10-26,TB,NO,0,Model C - Efficiency,0.48696004649102154,0
2025_08_DAL_DEN,2025,8,2025-10-26,DAL,DEN,1,Model C - Efficiency,0.5267186955878068,1
2025_08_TEN_IND,2025,8,2025-10-26,TEN,IND,1,Model C - Efficiency,0.8859447748694039,1
2025_08_GB_PIT,2025,8,2025-10-26,GB,PIT,0,Model C - Efficiency,0.4747828724684008,0
2025_08_WAS_KC,2025,8,2025-10-27,WAS,KC,1,Model C - Efficiency,0.7646675186544932,1
2025_09_BAL_MIA,2025,9,2025-10-30,BAL,MIA,0,Model C - Efficiency,0.5169977975171967,1
2025_09_CHI_CIN,2025,9,2025-11-02,CHI,CIN,0,Model C - Efficiency,0.49473625173292435,0
2025_09_MIN_DET,2025,9,2025-11-02,MIN,DET,0,Model C - Efficiency,0.7682097642189885,1
2025_09_CAR_GB,2025,9,2025-11-02,CAR,GB,0,Model C - Efficiency,0.8016974267985015,1
2025_09_DEN_HOU,2025,9,2025-11-02,DEN,HOU,0,Model C - Efficiency,0.5417020341901819,1
2025_09_ATL_NE,2025,9,2025-11-02,ATL,NE,1,Model C - Efficiency,0.7718381953378067,1
2025_09_SF_NYG,2025,9,2025-11-02,SF,NYG,0,Model C - Efficiency,0.4218581322294135,0
2025_09_IND_PIT,2025,9,2025-11-02,IND,PIT,1,Model C - Efficiency,0.3095903800405802,0
2025_09_LAC_TEN,2025,9,2025-11-02,LAC,TEN,0,Model C - Efficiency,0.22616174919198465,0
2025_09_NO_LA,2025,9,2025-11-02,NO,LA,1,Model C - Efficiency,0.8026603330099255,1
2025_09_JAX_LV,2025,9,2025-11-02,JAX,LV,0,Model C - Efficiency,0.32022388338361185,0
2025_09_KC_BUF,2025,9,2025-11-02,KC,BUF,1,Model C - Efficiency,0.4165050921196002,0
2025_09_SEA_WAS,2025,9,2025-11-02,SEA,WAS,0,Model C - Efficiency,0.4611330012822571,0
2025_09_ARI_DAL,2025,9,2025-11-03,ARI,DAL,0,Model C - Efficiency,0.5889856584395186,1
2025_10_LV_DEN,2025,10,2025-11-06,LV,DEN,1,Model C - Efficiency,0.7152616012821221,1
2025_10_ATL_IND,2025,10,2025-11-09,ATL,IND,1,Model C - Efficiency,0.771417482592691,1
2025_10_NO_CAR,2025,10,2025-11-09,NO,CAR,0,Model C - Efficiency,0.6989686905005554,1
2025_10_NYG_CHI,2025,10,2025-11-09,NYG,CHI,1,Model C - Efficiency,0.7229053307850205,1
2025_10_JAX_HOU,2025,10,2025-11-09,JAX,HOU,1,Model C - Efficiency,0.532554737248995,1
2025_10_BUF_MIA,2025,10,2025-11-09,BUF,MIA,1,Model C - Efficiency,0.2622215667225119,0
2025_10_BAL_MIN,2025,10,2025-11-09,BAL,MIN,0,Model C - Efficiency,0.3749835463528697,0
2025_10_CLE_NYJ,2025,10,2025-11-09,CLE,NYJ,1,Model C - Efficiency,0.7251284942694816,1
2025_10_NE_TB,2025,10,2025-11-09,NE,TB,0,Model C - Efficiency,0.44832320439697043,0
2025_10_ARI_SEA,2025,10,2025-11-09,ARI,SEA,1,Model C - Efficiency,0.6991410546131249,1
2025_10_LA_SF,2025,10,2025-11-09,LA,SF,0,Model C - Efficiency,0.3690438402486307,0
2025_10_DET_WAS,2025,10,2025-11-09,DET,WAS,0,Model C - Efficiency,0.46512198180308884,0
2025_10_PIT_LAC,2025,10,2025-11-09,PIT,LAC,1,Model C - Efficiency,0.740644363304963,1
2025_10_PHI_GB,2025,10,2025-11-10,PHI,GB,0,Model C - Efficiency,0.5743628888650967,1
2025_11_NYJ_NE,2025,11,2025-11-13,NYJ,NE,1,Model C - Efficiency,0.7631509310666995,1
2025_11_WAS_MIA,2025,11,2025-11-16,WAS,MIA,1,Model C - Efficiency,0.5664471743747636,1
2025_11_CAR_ATL,2025,11,2025-11-16,CAR,ATL,0,Model C - Efficiency,0.6198632602275213,1
2025_11_TB_BUF,2025,11,2025-11-16,TB,BUF,1,Model C - Efficiency,0.626218170734231,1
2025_11_LAC_JAX,2025,11,2025-11-16,LAC,JAX,1,Model C - Efficiency,0.348590296600704,0
2025_11_CHI_MIN,2025,11,2025-11-16,CHI,MIN,0,Model C - Efficiency,0.34380353499671523,0
2025_11_GB_NYG,2025,11,2025-11-16,GB,NYG,0,Model C - Efficiency,0.3764618048947246,0
2025_11_CIN_PIT,2025,11,2025-11-16,CIN,PIT,1,Model C - Efficiency,0.4632154857795441,0
2025_11_HOU_TEN,2025,11,2025-11-16,HOU,TEN,0,Model C - Efficiency,0.30538560492128064,0
2025_11_SF_ARI,2025,11,2025-11-16,SF,ARI,0,Model C - Efficiency,0.4447236408597934,0
2025_11_SEA_LA,2025,11,2025-11-16,SEA,LA,1,Model C - Efficiency,0.6308917249944104,1
2025_11_BAL_CLE,2025,11,2025-11-16,BAL,CLE,0,Model C - Efficiency,0.3069295216961718,0
2025_11_KC_DEN,2025,11,2025-11-16,KC,DEN,1,Model C - Efficiency,0.38031462931046234,0
2025_11_DET_PHI,2025,11,2025-11-16,DET,PHI,1,Model C - Efficiency,0.4722051275313881,0
2025_11_DAL_LV,2025,11,2025-11-17,DAL,LV,0,Model C - Efficiency,0.37816354884330206,0
2025_12_BUF_HOU,2025,12,2025-11-20,BUF,HOU,1,Model C - Efficiency,0.5028440395132034,1
2025_12_NYJ_BAL,2025,12,2025-11-23,NYJ,BAL,1,Model C - Efficiency,0.7388791869388095,1
2025_12_PIT_CHI,2025,12,2025-11-23,PIT,CHI,1,Model C - Efficiency,0.6355734164689768,1
2025_12_NE_CIN,2025,12,2025-11-23,NE,CIN,0,Model C - Efficiency,0.3146123313379115,0
2025_12_NYG_DET,2025,12,2025-11-23,NYG,DET,1,Model C - Efficiency,0.6595048089191385,1
2025_12_MIN_GB,2025,12,2025-11-23,MIN,GB,1,Model C - Efficiency,0.7386072916131995,1
2025_12_IND_KC,2025,12,2025-11-23,IND,KC,1,Model C - Efficiency,0.4198107794011805,0
2025_12_SEA_TEN,2025,12,2025-11-23,SEA,TEN,0,Model C - Efficiency,0.22088105828085805,0
2025_12_JAX_ARI,2025,12,2025-11-23,JAX,ARI,0,Model C - Efficiency,0.45498316347781464,0
2025_12_CLE_LV,2025,12,2025-11-23,CLE,LV,0,Model C - Efficiency,0.6120399235824053,1
2025_12_PHI_DAL,2025,12,2025-11-23,PHI,DAL,1,Model C - Efficiency,0.6047215755720394,1
2025_12_ATL_NO,2025,12,2025-11-23,ATL,NO,0,Model C - Efficiency,0.5122763269765964,1
2025_12_TB_LA,2025,12,2025-11-23,TB,LA,1,Model C - Efficiency,0.7517326251389402,1
2025_12_CAR_SF,2025,12,2025-11-24,CAR,SF,1,Model C - Efficiency,0.753786691742415,1
2025_13_GB_DET,2025,13,2025-11-27,GB,DET,0,Model C - Efficiency,0.44922999362441657,0
2025_13_KC_DAL,2025,13,2025-11-27,KC,DAL,1,Model C - Efficiency,0.5088936147709965,1
2025_13_CIN_BAL,2025,13,2025-11-27,CIN,BAL,0,Model C - Efficiency,0.664174818327677,1
2025_13_CHI_PHI,2025,13,2025-11-28,CHI,PHI,0,Model C - Efficiency,0.5113596308863193,1
2025_13_LA_CAR,2025,13,2025-11-30,LA,CAR,1,Model C - Efficiency,0.21236191308248034,0
2025_13_SF_CLE,2025,13,2025-11-30,SF,CLE,0,Model C - Efficiency,0.24540290884717628,0
2025_13_HOU_IND,2025,13,2025-11-30,HOU,IND,0,Model C - Efficiency,0.6230041636343887,1
2025_13_NO_MIA,2025,13,2025-11-30,NO,MIA,1,Model C - Efficiency,0.6651194909438042,1
2025_13_ATL_NYJ,2025,13,2025-11-30,ATL,NYJ,1,Model C - Efficiency,0.37911587181050005,0
2025_13_ARI_TB,2025,13,2025-11-30,ARI,TB,1,Model C - Efficiency,0.4132376392352739,0
2025_13_JAX_TEN,2025,13,2025-11-30,JAX,TEN,0,Model C - Efficiency,0.28866165514010844,0
2025_13_MIN_SEA,2025,13,2025-11-30,MIN,SEA,1,Model C - Efficiency,0.8208425534827986,1
2025_13_LV_LAC,2025,13,2025-11-30,LV,LAC,1,Model C - Efficiency,0.7398418043791023,1
2025_13_BUF_PIT,2025,13,2025-11-30,BUF,PIT,0,Model C - Efficiency,0.546492250772579,1
2025_13_DEN_WAS,2025,13,2025-11-30,DEN,WAS,0,Model C - Efficiency,0.529487562866126,1
2025_13_NYG_NE,2025,13,2025-12-01,NYG,NE,1,Model C - Efficiency,0.744328558914707,1
2025_14_DAL_DET,2025,14,2025-12-04,DAL,DET,1,Model C - Efficiency,0.513260587977329,1
2025_14_SEA_ATL,2025,14,2025-12-07,SEA,ATL,0,Model C - Efficiency,0.45738379471779883,0
2025_14_PIT_BAL,2025,14,2025-12-07,PIT,BAL,0,Model C - Efficiency,0.6101030809815813,1
2025_14_TEN_CLE,2025,14,2025-12-07,TEN,CLE,0,Model C - Efficiency,0.6534615302752712,1
2025_14_CHI_GB,2025,14,2025-12-07,CHI,GB,1,Model C - Efficiency,0.6731802515250025,1
2025_14_IND_JAX,2025,14,2025-12-07,IND,JAX,1,Model C - Efficiency,0.5782217752039607,1
2025_14_WAS_MIN,2025,14,2025-12-07,WAS,MIN,1,Model C - Efficiency,0.3309852700145086,0
2025_14_MIA_NYJ,2025,14,2025-12-07,MIA,NYJ,0,Model C - Efficiency,0.44008449941085914,0
2025_14_NO_TB,2025,14,2025-12-07,NO,TB,0,Model C - Efficiency,0.5071143735968033,1
2025_14_DEN_LV,2025,14,2025-12-07,DEN,LV,0,Model C - Efficiency,0.3378999944788243,0
2025_14_LA_ARI,2025,14,2025-12-07,LA,ARI,0,Model C - Efficiency,0.3708410783872667,0
2025_14_CIN_BUF,2025,14,2025-12-07,CIN,BUF,1,Model C - Efficiency,0.6729947965028709,1
2025_14_HOU_KC,2025,14,2025-12-07,HOU,KC,0,Model C - Efficiency,0.5971471613608988,1
2025_14_PHI_LAC,2025,14,2025-12-08,PHI,LAC,1,Model C - Efficiency,0.5745646210335638,1
2025_15_ATL_TB,2025,15,2025-12-11,ATL,TB,0,Model C - Efficiency,0.4804019275269467,0
2025_15_CLE_CHI,2025,15,2025-12-14,CLE,CHI,1,Model C - Efficiency,0.7154443281354955,1
2025_15_BAL_CIN,2025,15,2025-12-14,BAL,CIN,0,Model C - Efficiency,0.5869968546205838,1
2025_15_ARI_HOU,2025,15,2025-12-14,ARI,HOU,1,Model C - Efficiency,0.6053579740925088,1
2025_15_NYJ_JAX,2025,15,2025-12-14,NYJ,JAX,1,Model C - Efficiency,0.7988131624301972,1
2025_15_LAC_KC,2025,15,2025-12-14,LAC,KC,0,Model C - Efficiency,0.5730212181591319,1
2025_15_BUF_NE,2025,15,2025-12-14,BUF,NE,0,Model C - Efficiency,0.5719790921176515,1
2025_15_WAS_NYG,2025,15,2025-12-14,WAS,NYG,0,Model C - Efficiency,0.6285995929392237,1
2025_15_LV_PHI,2025,15,2025-12-14,LV,PHI,1,Model C - Efficiency,0.7065503781890751,1
2025_15_GB_DEN,2025,15,2025-12-14,GB,DEN,1,Model C - Efficiency,0.48137346986704793,0
2025_15_DET_LA,2025,15,2025-12-14,DET,LA,1,Model C - Efficiency,0.7671176857051778,1
2025_15_CAR_NO,2025,15,2025-12-14,CAR,NO,1,Model C - Efficiency,0.5570738267128097,1
2025_15_IND_SEA,2025,15,2025-12-14,IND,SEA,1,Model C - Efficiency,0.7621735382946305,1
2025_15_TEN_SF,2025,15,2025-12-14,TEN,SF,1,Model C - Efficiency,0.8373971200181979,1
2025_15_MIN_DAL,2025,15,2025-12-14,MIN,DAL,0,Model C - Efficiency,0.5853557707029997,1
2025_15_MIA_PIT,2025,15,2025-12-15,MIA,PIT,1,Model C - Efficiency,0.38675470257702016,0
2025_16_LA_SEA,2025,16,2025-12-18,LA,SEA,1,Model C - Efficiency,0.4137698381729592,0
2025_16_GB_CHI,2025,16,2025-12-20,GB,CHI,1,Model C - Efficiency,0.5645602084561939,1
2025_16_PHI_WAS,2025,16,2025-12-20,PHI,WAS,0,Model C - Efficiency,0.3216200735668265,0
2025_16_NE_BAL,2025,16,2025-12-21,NE,BAL,0,Model C - Efficiency,0.43390559531317924,0
2025_16_TB_CAR,2025,16,2025-12-21,TB,CAR,1,Model C - Efficiency,0.5399505917827887,1
2025_16_BUF_CLE,2025,16,2025-12-21,BUF,CLE,0,Model C - Efficiency,0.22213001644605837,0
2025_16_LAC_DAL,2025,16,2025-12-21,LAC,DAL,0,Model C - Efficiency,0.5164688900123009,1
2025_16_NYJ_NO,2025,16,2025-12-21,NYJ,NO,1,Model C - Efficiency,0.7515108119333572,1
2025_16_MIN_NYG,2025,16,2025-12-21,MIN,NYG,0,Model C - Efficiency,0.4682042698513749,0
2025_16_KC_TEN,2025,16,2025-12-21,KC,TEN,1,Model C - Efficiency,0.409908400782383,0
2025_16_ATL_ARI,2025,16,2025-12-21,ATL,ARI,0,Model C - Efficiency,0.4715600580727403,0
2025_16_JAX_DEN,2025,16,2025-12-21,JAX,DEN,0,Model C - Efficiency,0.5044685549527254,1
2025_16_PIT_DET,2025,16,2025-12-21,PIT,DET,0,Model C - Efficiency,0.49959716121837777,0
2025_16_LV_HOU,2025,16,2025-12-21,LV,HOU,1,Model C - Efficiency,0.837245688139889,1
2025_16_CIN_MIA,2025,16,2025-12-21,CIN,MIA,0,Model C - Efficiency,0.6841328340914606,1
2025_16_SF_IND,2025,16,2025-12-22,SF,IND,0,Model C - Efficiency,0.39423990559164557,0
2025_17_DAL_WAS,2025,17,2025-12-25,DAL,WAS,0,Model C - Efficiency,0.47241484413017615,0
2025_17_DET_MIN,2025,17,2025-12-25,DET,MIN,1,Model C - Efficiency,0.6539532418749522,1
2025_17_DEN_KC,2025,17,2025-12-25,DEN,KC,0,Model C - Efficiency,0.38059168029165313,0
2025_17_SEA_CAR,2025,17,2025-12-28,SEA,CAR,0,Model C - Efficiency,0.3511028620467801,0
2025_17_ARI_CIN,2025,17,2025-12-28,ARI,CIN,1,Model C - Efficiency,0.6537613722460242,1
2025_17_PIT_CLE,2025,17,2025-12-28,PIT,CLE,1,Model C - Efficiency,0.3428564638379388,0
2025_17_BAL_GB,2025,17,2025-12-27,BAL,GB,0,Model C - Efficiency,0.6227115020100883,1
2025_17_JAX_IND,2025,17,2025-12-28,JAX,IND,0,Model C - Efficiency,0.37397279690583174,0
2025_17_HOU_LAC,2025,17,2025-12-27,HOU,LAC,0,Model C - Efficiency,0.666316460099839,1
2025_17_NYG_LV,2025,17,2025-12-28,NYG,LV,0,Model C - Efficiency,0.5061046586107512,1
2025_17_TB_MIA,2025,17,2025-12-28,TB,MIA,1,Model C - Efficiency,0.550417831228386,1
2025_17_NE_NYJ,2025,17,2025-12-28,NE,NYJ,0,Model C - Efficiency,0.19451424127971062,0
2025_17_NO_TEN,2025,17,2025-12-28,NO,TEN,0,Model C - Efficiency,0.4532160009507541,0
2025_17_PHI_BUF,2025,17,2025-12-28,PHI,BUF,0,Model C - Efficiency,0.4882268832855333,0
2025_17_CHI_SF,2025,17,2025-12-28,CHI,SF,1,Model C - Efficiency,0.5989328038170098,1
2025_17_LA_ATL,2025,17,2025-12-29,LA,ATL,1,Model C - Efficiency,0.29653608192305975,0
2025_18_NO_ATL,2025,18,2026-01-04,NO,ATL,1,Model C - Efficiency,0.4897404127144058,0
2025_18_NYJ_BUF,2025,18,2026-01-04,NYJ,BUF,1,Model C - Efficiency,0.8529320316138228,1
2025_18_DET_CHI,2025,18,2026-01-04,DET,CHI,0,Model C - Efficiency,0.7037596704378183,1
2025_18_CLE_CIN,2025,18,2026-01-04,CLE,CIN,0,Model C - Efficiency,0.7850951724157584,1
2025_18_LAC_DEN,2025,18,2026-01-04,LAC,DEN,1,Model C - Efficiency,0.6556286775750109,1
2025_18_IND_HOU,2025,18,2026-01-04,IND,HOU,1,Model C - Efficiency,0.6589759915405892,1
2025_18_TEN_JAX,2025,18,2026-01-04,TEN,JAX,1,Model C - Efficiency,0.7677748733641394,1
2025_18_ARI_LA,2025,18,2026-01-04,ARI,LA,1,Model C - Efficiency,0.7977182310181193,1
2025_18_KC_LV,2025,18,2026-01-04,KC,LV,1,Model C - Efficiency,0.4433042059199696,0
2025_18_GB_MIN,2025,18,2026-01-04,GB,MIN,1,Model C - Efficiency,0.4852988514951512,0
2025_18_MIA_NE,2025,18,2026-01-04,MIA,NE,1,Model C - Efficiency,0.8131276787938925,1
2025_18_DAL_NYG,2025,18,2026-01-04,DAL,NYG,1,Model C - Efficiency,0.49797195026902463,0
2025_18_WAS_PHI,2025,18,2026-01-04,WAS,PHI,0,Model C - Efficiency,0.7044551483004692,1
2025_18_BAL_PIT,2025,18,2026-01-04,BAL,PIT,1,Model C - Efficiency,0.45375850523523703,0
2025_18_SEA_SF,2025,18,2026-01-03,SEA,SF,0,Model C - Efficiency,0.5490464341409274,1
2025_18_CAR_TB,2025,18,2026-01-03,CAR,TB,1,Model C - Efficiency,0.6425182830118051,1
